"area","measure","year","ours","ocact","low","high","status","unit","gap","gap_pct","in_range"
"Population","Population, July 1",2025,347788016,347788000,347788000,347788000,"input","count",16,4.60050375572507e-06,FALSE
"Population","Population, July 1",2026,348316057,348316000,349660000,347144000,"input","count",57,1.63644506612215e-05,TRUE
"Population","Population, July 1",2027,348852275,348852000,350730000,347265000,"input","count",275,7.88299909348922e-05,TRUE
"Population","Population, July 1",2028,349531653,349532000,352026000,347445000,"input","count",-347,-9.92756028050934e-05,TRUE
"Population","Population, July 1",2029,350367244,350367000,353562000,347685000,"input","count",244,6.96412618683695e-05,TRUE
"Population","Population, July 1",2030,351365065,351365000,355356000,347980000,"input","count",65,1.84992813734297e-05,TRUE
"Population","Population, July 1",2031,352513451,352513000,357408000,348321000,"input","count",451,0.000127938544114414,TRUE
"Population","Population, July 1",2032,353739911,353740000,359623000,348656000,"input","count",-89,-2.51597218281496e-05,TRUE
"Population","Population, July 1",2033,354974142,354974000,361900000,348935000,"input","count",142,4.00029297908944e-05,TRUE
"Population","Population, July 1",2034,356189124,356189000,364205000,349152000,"input","count",124,3.48129784999429e-05,TRUE
"Population","Population, July 1",2035,357372366,357372000,366515000,349311000,"input","count",366,0.000102414290981123,TRUE
"Population","Population, July 1",2036,358525638,358526000,368824000,349415000,"input","count",-362,-0.000100968967386983,TRUE
"Population","Population, July 1",2037,359647170,359647000,371125000,349473000,"input","count",170,4.72685716790266e-05,TRUE
"Population","Population, July 1",2038,360737957,360738000,373415000,349489000,"input","count",-43,-1.19200084247595e-05,TRUE
"Population","Population, July 1",2039,361799375,361799000,375690000,349468000,"input","count",375,0.000103648711013982,TRUE
"Population","Population, July 1",2040,362829759,362830000,377944000,349412000,"input","count",-241,-6.64222914337209e-05,TRUE
"Population","Population, July 1",2041,363826748,363827000,380171000,349323000,"input","count",-252,-6.92636885069042e-05,TRUE
"Population","Population, July 1",2042,364787853,364788000,382363000,349200000,"input","count",-147,-4.0297378200993e-05,TRUE
"Population","Population, July 1",2043,365704190,365704000,384510000,349036000,"input","count",190,5.19545862331938e-05,TRUE
"Population","Population, July 1",2044,366582597,366583000,386617000,348841000,"input","count",-403,-0.000109934175884785,TRUE
"Population","Population, July 1",2045,367416675,367417000,388676000,348606000,"input","count",-325,-8.84553518210041e-05,TRUE
"Population","Population, July 1",2046,368216891,368217000,390699000,348345000,"input","count",-109,-2.96021096302113e-05,TRUE
"Population","Population, July 1",2047,368958401,368958000,392665000,348023000,"input","count",401,0.000108684457300612,TRUE
"Population","Population, July 1",2048,369676628,369677000,394608000,347683000,"input","count",-372,-0.000100628386401347,TRUE
"Population","Population, July 1",2049,370357614,370358000,396517000,347305000,"input","count",-386,-0.000104223481067756,TRUE
"Population","Population, July 1",2050,371009132,371009000,398404000,346895000,"input","count",132,3.5578651735868e-05,TRUE
"Population","Population, July 1",2051,371632395,371632000,400272000,346450000,"input","count",395,0.000106287940759842,TRUE
"Population","Population, July 1",2052,372235148,372235000,402133000,345979000,"input","count",148,3.97598291401735e-05,TRUE
"Population","Population, July 1",2053,372819564,372820000,403991000,345479000,"input","count",-436,-0.000116946515749117,TRUE
"Population","Population, July 1",2054,373389927,373390000,405856000,344952000,"input","count",-73,-1.95506039246673e-05,TRUE
"Population","Population, July 1",2055,373951393,373951000,407735000,344401000,"input","count",393,0.000105093982893933,TRUE
"Population","Population, July 1",2056,374508496,374508000,409638000,343826000,"input","count",496,0.000132440428513014,TRUE
"Population","Population, July 1",2057,375062246,375062000,411569000,343227000,"input","count",246,6.55891559286914e-05,TRUE
"Population","Population, July 1",2058,375618244,375618000,413537000,342607000,"input","count",244,6.49596132218377e-05,TRUE
"Population","Population, July 1",2059,376178279,376178000,415546000,341966000,"input","count",279,7.41670166837238e-05,TRUE
"Population","Population, July 1",2060,376746440,376746000,417604000,341306000,"input","count",440,0.000116789561133146,TRUE
"Population","Population, July 1",2061,377320262,377320000,419711000,340623000,"input","count",262,6.94370825726764e-05,TRUE
"Population","Population, July 1",2062,377905460,377905000,421872000,339922000,"input","count",460,0.000121723713641941,TRUE
"Population","Population, July 1",2063,378499407,378499000,424087000,339201000,"input","count",407,0.000107530006676626,TRUE
"Population","Population, July 1",2064,379101862,379102000,426354000,338459000,"input","count",-138,-3.64018127085863e-05,TRUE
"Population","Population, July 1",2065,379712026,379712000,428673000,337696000,"input","count",26,6.84729479782931e-06,TRUE
"Population","Population, July 1",2066,380327451,380327000,431038000,336912000,"input","count",451,0.000118582167440984,TRUE
"Population","Population, July 1",2067,380944294,380944000,433443000,336104000,"input","count",294,7.71766978768795e-05,TRUE
"Population","Population, July 1",2068,381562820,381563000,435886000,335275000,"input","count",-180,-4.71743853536211e-05,TRUE
"Population","Population, July 1",2069,382176848,382177000,438358000,334420000,"input","count",-152,-3.9772147464312e-05,TRUE
"Population","Population, July 1",2070,382785762,382786000,440853000,333541000,"input","count",-238,-6.21757326513261e-05,TRUE
"Population","Population, July 1",2071,383382726,383383000,443365000,332631000,"input","count",-274,-7.14690009728791e-05,TRUE
"Population","Population, July 1",2072,383974124,383974000,445893000,331704000,"input","count",124,3.22938532359984e-05,TRUE
"Population","Population, July 1",2073,384551688,384552000,448427000,330749000,"input","count",-312,-8.11333707773088e-05,TRUE
"Population","Population, July 1",2074,385115786,385116000,450966000,329772000,"input","count",-214,-5.55676731184285e-05,TRUE
"Population","Population, July 1",2075,385658012,385658000,453501000,328760000,"input","count",12,3.11156516108468e-06,TRUE
"Population","Population, July 1",2076,386184610,386185000,456035000,327725000,"input","count",-390,-0.000100987868512092,TRUE
"Population","Population, July 1",2077,386686191,386686000,458560000,326654000,"input","count",191,4.93940820245342e-05,TRUE
"Population","Population, July 1",2078,387170688,387171000,461079000,325560000,"input","count",-312,-8.05845479123768e-05,TRUE
"Population","Population, July 1",2079,387631375,387631000,463590000,324433000,"input","count",375,9.6741488686547e-05,TRUE
"Population","Population, July 1",2080,388070332,388070000,466093000,323276000,"input","count",332,8.55515757569592e-05,TRUE
"Population","Population, July 1",2081,388490758,388491000,468592000,322093000,"input","count",-242,-6.2292305358369e-05,TRUE
"Population","Population, July 1",2082,388890928,388891000,471086000,320880000,"input","count",-72,-1.85141852071524e-05,TRUE
"Population","Population, July 1",2083,389273751,389274000,473580000,319641000,"input","count",-249,-6.39652275813418e-05,TRUE
"Population","Population, July 1",2084,389645473,389645000,476078000,318384000,"input","count",473,0.000121392549634614,TRUE
"Population","Population, July 1",2085,389998935,389999000,478581000,317096000,"input","count",-65,-1.66667094014805e-05,TRUE
"Population","Population, July 1",2086,390341663,390342000,481094000,315787000,"input","count",-337,-8.63345476553867e-05,TRUE
"Population","Population, July 1",2087,390674961,390675000,483622000,314457000,"input","count",-39,-9.98272221552909e-06,TRUE
"Population","Population, July 1",2088,391000906,391001000,486168000,313107000,"input","count",-94,-2.40408592255825e-05,TRUE
"Population","Population, July 1",2089,391320522,391321000,488736000,311738000,"input","count",-478,-0.000122150357384498,TRUE
"Population","Population, July 1",2090,391633431,391633000,491328000,310345000,"input","count",431,0.000110052012991524,TRUE
"Population","Population, July 1",2091,391946613,391947000,493950000,308940000,"input","count",-387,-9.8737839560048e-05,TRUE
"Population","Population, July 1",2092,392256978,392257000,496602000,307515000,"input","count",-22,-5.60856785458697e-06,TRUE
"Population","Population, July 1",2093,392570355,392570000,499289000,306080000,"input","count",355,9.04297322801284e-05,TRUE
"Population","Population, July 1",2094,392885839,392886000,502012000,304632000,"input","count",-161,-4.09788081023876e-05,TRUE
"Population","Population, July 1",2095,393204446,393204000,504772000,303171000,"input","count",446,0.000113427126890997,TRUE
"Population","Population, July 1",2096,393529151,393529000,507572000,301702000,"input","count",151,3.83707426943047e-05,TRUE
"Population","Population, July 1",2097,393858333,393858000,510411000,300220000,"input","count",333,8.45482381883755e-05,TRUE
"Population","Population, July 1",2098,394195208,394195000,513290000,298732000,"input","count",208,5.27657631366196e-05,TRUE
"Population","Population, July 1",2099,394541230,394541000,516209000,297238000,"input","count",230,5.82955890449099e-05,TRUE
"Population","Population, July 1",2100,394894380,394894000,519167000,295736000,"input","count",380,9.62283549510445e-05,TRUE
"Population","Population 65+, July 1",2025,64618565,64619000,64619000,64619000,"input","count",-435,-0.000673176619880866,FALSE
"Population","Population 65+, July 1",2026,66388637,66389000,66423000,66362000,"input","count",-363,-0.000546777327570247,TRUE
"Population","Population 65+, July 1",2027,68031126,68031000,68052000,68028000,"input","count",126,0.000185209683811749,TRUE
"Population","Population 65+, July 1",2028,69593655,69594000,69588000,69628000,"input","count",-345,-0.0004957323907262,TRUE
"Population","Population 65+, July 1",2029,71050993,71051000,71008000,71139000,"input","count",-7,-9.85207808668065e-06,TRUE
"Population","Population 65+, July 1",2030,72323954,72324000,72233000,72479000,"input","count",-46,-6.36026768474629e-05,TRUE
"Population","Population 65+, July 1",2031,73368837,73369000,73220000,73605000,"input","count",-163,-0.000222164674457126,TRUE
"Population","Population 65+, July 1",2032,74278218,74278000,74061000,74609000,"input","count",218,0.000293492016467667,TRUE
"Population","Population 65+, July 1",2033,75081901,75082000,74786000,75522000,"input","count",-99,-0.000131855837615102,TRUE
"Population","Population 65+, July 1",2034,75915427,75915000,75530000,76478000,"input","count",427,0.000562471184872848,TRUE
"Population","Population 65+, July 1",2035,76796799,76797000,76313000,77496000,"input","count",-201,-0.000261728973782738,TRUE
"Population","Population 65+, July 1",2036,77699091,77699000,77107000,78548000,"input","count",91,0.00011711862444308,TRUE
"Population","Population 65+, July 1",2037,78262081,78262000,77554000,79271000,"input","count",81,0.000103498505010791,TRUE
"Population","Population 65+, July 1",2038,78615837,78616000,77786000,79794000,"input","count",-163,-0.000207336928870205,TRUE
"Population","Population 65+, July 1",2039,78829314,78829000,77871000,80185000,"input","count",314,0.000398330563622373,TRUE
"Population","Population 65+, July 1",2040,79090780,79091000,7.8e+07,80631000,"input","count",-220,-0.000278160599820332,TRUE
"Population","Population 65+, July 1",2041,79249598,79250000,78022000,80980000,"input","count",-402,-0.000507255520509897,TRUE
"Population","Population 65+, July 1",2042,79512807,79513000,78145000,81439000,"input","count",-193,-0.00024272760429378,TRUE
"Population","Population 65+, July 1",2043,79749144,79749000,78239000,81873000,"input","count",144,0.000180566527485659,TRUE
"Population","Population 65+, July 1",2044,80062324,80062000,78409000,82387000,"input","count",324,0.00040468636806068,TRUE
"Population","Population 65+, July 1",2045,80489994,80490000,78692000,83017000,"input","count",-6,-7.45434215465579e-06,TRUE
"Population","Population 65+, July 1",2046,80944121,80944000,7.9e+07,83676000,"input","count",121,0.000149486064437987,TRUE
"Population","Population 65+, July 1",2047,81397163,81397000,79313000,84327000,"input","count",163,0.000200253080584467,TRUE
"Population","Population 65+, July 1",2048,81878795,81879000,79653000,85007000,"input","count",-205,-0.000250369447596377,TRUE
"Population","Population 65+, July 1",2049,82261613,82262000,79898000,85584000,"input","count",-387,-0.000470448080525099,TRUE
"Population","Population 65+, July 1",2050,82753187,82753000,80255000,86266000,"input","count",187,0.000225973680723079,TRUE
"Population","Population 65+, July 1",2051,83255550,83256000,80626000,86953000,"input","count",-450,-0.00054050158546648,TRUE
"Population","Population 65+, July 1",2052,83756749,83757000,8.1e+07,87635000,"input","count",-251,-0.000299676444959207,TRUE
"Population","Population 65+, July 1",2053,84311874,84312000,81431000,88364000,"input","count",-126,-0.000149444918873254,TRUE
"Population","Population 65+, July 1",2054,84967910,84968000,81967000,89190000,"input","count",-90,-0.000105922229542976,TRUE
"Population","Population 65+, July 1",2055,85755887,85756000,82638000,90143000,"input","count",-113,-0.000131769205657939,TRUE
"Population","Population 65+, July 1",2056,86543235,86543000,83312000,91089000,"input","count",235,0.000271541314722512,TRUE
"Population","Population 65+, July 1",2057,87307335,87307000,83968000,92002000,"input","count",335,0.000383703483120001,TRUE
"Population","Population 65+, July 1",2058,87997835,87998000,84556000,92835000,"input","count",-165,-0.000187504261461857,TRUE
"Population","Population 65+, July 1",2059,88633153,88633000,85095000,93603000,"input","count",153,0.00017262193539036,TRUE
"Population","Population 65+, July 1",2060,89237665,89238000,85607000,94334000,"input","count",-335,-0.000375400614083254,TRUE
"Population","Population 65+, July 1",2061,89798519,89799000,86080000,95013000,"input","count",-481,-0.000535640708698715,TRUE
"Population","Population 65+, July 1",2062,90365108,90365000,86562000,95692000,"input","count",108,0.000119515299057404,TRUE
"Population","Population 65+, July 1",2063,90941545,90942000,87056000,96376000,"input","count",-455,-0.000500318884566475,TRUE
"Population","Population 65+, July 1",2064,91541891,91542000,87574000,97080000,"input","count",-109,-0.000119071027504525,TRUE
"Population","Population 65+, July 1",2065,92213766,92214000,88164000,97853000,"input","count",-234,-0.000253757563928314,TRUE
"Population","Population 65+, July 1",2066,92896379,92896000,88765000,98634000,"input","count",379,0.000407983120909172,TRUE
"Population","Population 65+, July 1",2067,93510889,93511000,89298000,99343000,"input","count",-111,-0.000118702612528221,TRUE
"Population","Population 65+, July 1",2068,94157735,94158000,89862000,100084000,"input","count",-265,-0.000281441831817553,TRUE
"Population","Population 65+, July 1",2069,94844056,94844000,90465000,100861000,"input","count",56,5.90443254289141e-05,TRUE
"Population","Population 65+, July 1",2070,95522129,95522000,91059000,101628000,"input","count",129,0.000135047423621693,TRUE
"Population","Population 65+, July 1",2071,96207386,96207000,91659000,102398000,"input","count",386,0.000401218206569354,TRUE
"Population","Population 65+, July 1",2072,96984743,96985000,92349000,103262000,"input","count",-257,-0.000264989431353335,TRUE
"Population","Population 65+, July 1",2073,97766510,97767000,93042000,104129000,"input","count",-490,-0.000501191608615059,TRUE
"Population","Population 65+, July 1",2074,98413113,98413000,93599000,104858000,"input","count",113,0.000114822228769462,TRUE
"Population","Population 65+, July 1",2075,98947427,98947000,94048000,105468000,"input","count",427,0.00043154416000668,TRUE
"Population","Population 65+, July 1",2076,99440325,99440000,94455000,106035000,"input","count",325,0.000326830249397503,TRUE
"Population","Population 65+, July 1",2077,99867581,99868000,94800000,106529000,"input","count",-419,-0.000419553811026319,TRUE
"Population","Population 65+, July 1",2078,100298126,100298000,95146000,107026000,"input","count",126,0.000125625635605253,TRUE
"Population","Population 65+, July 1",2079,100738167,100738000,95503000,107528000,"input","count",167,0.000165776568916698,TRUE
"Population","Population 65+, July 1",2080,101192090,101192000,95873000,108039000,"input","count",90,8.89398371395345e-05,TRUE
"Population","Population 65+, July 1",2081,101613965,101614000,96212000,108516000,"input","count",-35,-3.44440726718354e-05,TRUE
"Population","Population 65+, July 1",2082,101940642,101941000,96457000,108891000,"input","count",-358,-0.000351183527724785,TRUE
"Population","Population 65+, July 1",2083,102209477,102209000,96648000,109201000,"input","count",477,0.000466690800227099,TRUE
"Population","Population 65+, July 1",2084,102397305,102397000,96756000,109429000,"input","count",305,0.000297860288878127,TRUE
"Population","Population 65+, July 1",2085,102549244,102549000,96836000,109609000,"input","count",244,0.000237935035940495,TRUE
"Population","Population 65+, July 1",2086,102541559,102542000,96754000,109628000,"input","count",-441,-0.000430067679579871,TRUE
"Population","Population 65+, July 1",2087,102619781,102620000,96762000,109727000,"input","count",-219,-0.000213408692262274,TRUE
"Population","Population 65+, July 1",2088,102648758,102649000,96723000,109771000,"input","count",-242,-0.000235754853916692,TRUE
"Population","Population 65+, July 1",2089,102641456,102641000,96652000,109772000,"input","count",456,0.00044426691088173,TRUE
"Population","Population 65+, July 1",2090,102658360,102658000,96610000,109788000,"input","count",360,0.000350678953409123,TRUE
"Population","Population 65+, July 1",2091,102666593,102667000,96613000,109739000,"input","count",-407,-0.000396427284321543,TRUE
"Population","Population 65+, July 1",2092,102669408,102669000,96703000,109583000,"input","count",408,0.000397393565720883,TRUE
"Population","Population 65+, July 1",2093,102674156,102674000,96869000,109351000,"input","count",156,0.000151937199288632,TRUE
"Population","Population 65+, July 1",2094,102683388,102683000,97104000,109051000,"input","count",388,0.000377861963518633,TRUE
"Population","Population 65+, July 1",2095,102702435,102702000,97411000,108696000,"input","count",435,0.000423555529582842,TRUE
"Population","Population 65+, July 1",2096,102738770,102739000,97791000,108297000,"input","count",-230,-0.000223868248672154,TRUE
"Population","Population 65+, July 1",2097,102794887,102795000,98243000,107861000,"input","count",-113,-0.00010992752565997,TRUE
"Population","Population 65+, July 1",2098,102877614,102878000,98768000,107401000,"input","count",-386,-0.00037520169521299,TRUE
"Population","Population 65+, July 1",2099,102990478,102990000,99365000,106925000,"input","count",478,0.000464122730359229,TRUE
"Population","Population 65+, July 1",2100,103134165,103134000,100033000,106436000,"input","count",165,0.00015998603757339,TRUE
"Population","Period life expectancy at 65, men",2026,18.3907820523568,18.4,NA,NA,"input","years",-0.00921794764322215,-0.0500975415392513,NA
"Population","Period life expectancy at 65, men",2027,18.4485105956545,18.4,NA,NA,"input","years",0.0485105956545162,0.263644541600638,NA
"Population","Period life expectancy at 65, men",2028,18.5080065746512,18.5,NA,NA,"input","years",0.00800657465122612,0.0432787818985148,NA
"Population","Period life expectancy at 65, men",2029,18.5689521427349,18.6,NA,NA,"input","years",-0.0310478572650617,-0.166923963790655,NA
"Population","Period life expectancy at 65, men",2030,18.6309587337008,18.6,NA,NA,"input","years",0.0309587337007962,0.16644480484298,NA
"Population","Period life expectancy at 65, men",2031,18.6938542227557,18.7,NA,NA,"input","years",-0.00614577724432053,-0.0328651189535845,NA
"Population","Period life expectancy at 65, men",2032,18.7573480600387,18.8,NA,NA,"input","years",-0.0426519399613454,-0.22687202107099,NA
"Population","Period life expectancy at 65, men",2033,18.8212808030229,18.8,NA,NA,"input","years",0.0212808030229112,0.113195760760165,NA
"Population","Period life expectancy at 65, men",2034,18.8854919697759,18.9,NA,NA,"input","years",-0.0145080302240927,-0.0767620646777378,NA
"Population","Period life expectancy at 65, men",2035,18.9498769360986,18.9,NA,NA,"input","years",0.0498769360986024,0.26389913279683,NA
"Population","Period life expectancy at 65, men",2036,19.0143548458832,19,NA,NA,"input","years",0.0143548458832186,0.0755518204379912,NA
"Population","Period life expectancy at 65, men",2037,19.0787973524163,19.1,NA,NA,"input","years",-0.0212026475837419,-0.11100862609289,NA
"Population","Period life expectancy at 65, men",2038,19.1431524373492,19.1,NA,NA,"input","years",0.0431524373492032,0.225928991357094,NA
"Population","Period life expectancy at 65, men",2039,19.2074171522094,19.2,NA,NA,"input","years",0.00741715220943107,0.0386310010907831,NA
"Population","Period life expectancy at 65, men",2040,19.2714858131008,19.3,NA,NA,"input","years",-0.0285141868992049,-0.14774190103215,NA
"Population","Period life expectancy at 65, men",2041,19.3353615702124,19.3,NA,NA,"input","years",0.0353615702123946,0.18322057104867,NA
"Population","Period life expectancy at 65, men",2042,19.3989774545322,19.4,NA,NA,"input","years",-0.00102254546777658,-0.0052708529266865,NA
"Population","Period life expectancy at 65, men",2043,19.4623829155846,19.5,NA,NA,"input","years",-0.037617084415448,-0.192908125207425,NA
"Population","Period life expectancy at 65, men",2044,19.525519706344,19.5,NA,NA,"input","years",0.0255197063439958,0.130870288943563,NA
"Population","Period life expectancy at 65, men",2045,19.5883839214606,19.6,NA,NA,"input","years",-0.0116160785394399,-0.0592657068338776,NA
"Population","Period life expectancy at 65, men",2046,19.6509633313426,19.7,NA,NA,"input","years",-0.0490366686574326,-0.248917099783919,NA
"Population","Period life expectancy at 65, men",2047,19.7132296768745,19.7,NA,NA,"input","years",0.0132296768744844,0.0671557201750383,NA
"Population","Period life expectancy at 65, men",2048,19.7752804873685,19.8,NA,NA,"input","years",-0.0247195126315098,-0.124846023391467,NA
"Population","Period life expectancy at 65, men",2049,19.8369177545202,19.8,NA,NA,"input","years",0.0369177545201751,0.186453305657452,NA
"Population","Period life expectancy at 65, men",2050,19.8983659304417,19.9,NA,NA,"input","years",-0.00163406955828194,-0.00821140481548355,NA
"Population","Period life expectancy at 65, men",2051,19.9594641469042,20,NA,NA,"input","years",-0.0405358530958253,-0.202679265479122,NA
"Population","Period life expectancy at 65, men",2052,20.020263057575,20,NA,NA,"input","years",0.0202630575750398,0.101315287875203,NA
"Population","Period life expectancy at 65, men",2053,20.0807979815978,20.1,NA,NA,"input","years",-0.0192020184021864,-0.0955324298616222,NA
"Population","Period life expectancy at 65, men",2054,20.1409854873745,20.1,NA,NA,"input","years",0.0409854873745417,0.20390789738578,NA
"Population","Period life expectancy at 65, men",2055,20.2008163452541,20.2,NA,NA,"input","years",0.000816345254087025,0.0040413131390471,NA
"Population","Period life expectancy at 65, men",2056,20.2603733270403,20.3,NA,NA,"input","years",-0.0396266729597023,-0.195205285515776,NA
"Population","Period life expectancy at 65, men",2057,20.3196359231815,20.3,NA,NA,"input","years",0.0196359231814505,0.0967286856229155,NA
"Population","Period life expectancy at 65, men",2058,20.378545898389,20.4,NA,NA,"input","years",-0.0214541016109706,-0.105167164759656,NA
"Population","Period life expectancy at 65, men",2059,20.4371862899381,20.4,NA,NA,"input","years",0.0371862899380666,0.182285734990528,NA
"Population","Period life expectancy at 65, men",2060,20.4954949396436,20.5,NA,NA,"input","years",-0.00450506035643272,-0.0219759041777179,NA
"Population","Period life expectancy at 65, men",2061,20.5535188095534,20.6,NA,NA,"input","years",-0.0464811904466345,-0.225636846828325,NA
"Population","Period life expectancy at 65, men",2062,20.6112125370307,20.6,NA,NA,"input","years",0.0112125370307297,0.0544297914113034,NA
"Population","Period life expectancy at 65, men",2063,20.6686715946276,20.7,NA,NA,"input","years",-0.0313284053723741,-0.151344953489729,NA
"Population","Period life expectancy at 65, men",2064,20.7257672604444,20.7,NA,NA,"input","years",0.0257672604443719,0.124479519054943,NA
"Population","Period life expectancy at 65, men",2065,20.782588005115,20.8,NA,NA,"input","years",-0.0174119948850198,-0.0837115138702882,NA
"Population","Period life expectancy at 65, men",2066,20.8391287800746,20.8,NA,NA,"input","years",0.0391287800746376,0.188119134974229,NA
"Population","Period life expectancy at 65, men",2067,20.8953505534216,20.9,NA,NA,"input","years",-0.00464944657840505,-0.0222461558775366,NA
"Population","Period life expectancy at 65, men",2068,20.9512530856073,21,NA,NA,"input","years",-0.0487469143926837,-0.232128163774681,NA
"Population","Period life expectancy at 65, men",2069,21.0069333265554,21,NA,NA,"input","years",0.00693332655540146,0.0330158407400027,NA
"Population","Period life expectancy at 65, men",2070,21.0622971813299,21.1,NA,NA,"input","years",-0.0377028186700947,-0.17868634440803,NA
"Population","Period life expectancy at 65, men",2071,21.1173436280891,21.1,NA,NA,"input","years",0.0173436280891082,0.0821972895218348,NA
"Population","Period life expectancy at 65, men",2072,21.1721675396792,21.2,NA,NA,"input","years",-0.0278324603207807,-0.131285190192365,NA
"Population","Period life expectancy at 65, men",2073,21.2266377871582,21.2,NA,NA,"input","years",0.0266377871581867,0.12564993942541,NA
"Population","Period life expectancy at 65, men",2074,21.2809185464879,21.3,NA,NA,"input","years",-0.0190814535120509,-0.0895842887889686,NA
"Population","Period life expectancy at 65, men",2075,21.3348487537964,21.3,NA,NA,"input","years",0.0348487537963749,0.163609172752932,NA
"Population","Period life expectancy at 65, men",2076,21.3885037882873,21.4,NA,NA,"input","years",-0.0114962117127426,-0.0537206154801018,NA
"Population","Period life expectancy at 65, men",2077,21.4418854313091,21.4,NA,NA,"input","years",0.0418854313090549,0.195726314528288,NA
"Population","Period life expectancy at 65, men",2078,21.4950110609968,21.5,NA,NA,"input","years",-0.00498893900318009,-0.0232043674566529,NA
"Population","Period life expectancy at 65, men",2079,21.5478840515197,21.5,NA,NA,"input","years",0.0478840515197199,0.222716518696364,NA
"Population","Period life expectancy at 65, men",2080,21.6004136540779,21.6,NA,NA,"input","years",0.000413654077927816,0.00191506517559503,NA
"Population","Period life expectancy at 65, men",2081,21.6527273454607,21.7,NA,NA,"input","years",-0.0472726545392668,-0.217846334282334,NA
"Population","Period life expectancy at 65, men",2082,21.7047364475111,21.7,NA,NA,"input","years",0.00473644751112801,0.0218269470558807,NA
"Population","Period life expectancy at 65, men",2083,21.7565078366189,21.8,NA,NA,"input","years",-0.0434921633810568,-0.199505336610351,NA
"Population","Period life expectancy at 65, men",2084,21.8080058038229,21.8,NA,NA,"input","years",0.00800580382293248,0.0367238707474016,NA
"Population","Period life expectancy at 65, men",2085,21.8592831885939,21.9,NA,NA,"input","years",-0.0407168114060887,-0.185921513269816,NA
"Population","Period life expectancy at 65, men",2086,21.9102481534152,21.9,NA,NA,"input","years",0.0102481534151977,0.0467952210739586,NA
"Population","Period life expectancy at 65, men",2087,21.96099541075,22,NA,NA,"input","years",-0.0390045892500375,-0.177293587500171,NA
"Population","Period life expectancy at 65, men",2088,22.0114387271849,22,NA,NA,"input","years",0.0114387271849239,0.0519942144769248,NA
"Population","Period life expectancy at 65, men",2089,22.061669473319,22.1,NA,NA,"input","years",-0.0383305266810119,-0.173441297199151,NA
"Population","Period life expectancy at 65, men",2090,22.1116221842608,22.1,NA,NA,"input","years",0.0116221842607551,0.0525890690531883,NA
"Population","Period life expectancy at 65, men",2091,22.1613132516026,22.2,NA,NA,"input","years",-0.0386867483974456,-0.174264632420928,NA
"Population","Period life expectancy at 65, men",2092,22.2107656647474,22.2,NA,NA,"input","years",0.0107656647473675,0.0484939853484967,NA
"Population","Period life expectancy at 65, men",2093,22.2600150326762,22.3,NA,NA,"input","years",-0.0399849673238215,-0.179304786205481,NA
"Population","Period life expectancy at 65, men",2094,22.3089213584486,22.3,NA,NA,"input","years",0.00892135844857478,0.040006091697653,NA
"Population","Period life expectancy at 65, men",2095,22.3576847633673,22.4,NA,NA,"input","years",-0.0423152366327173,-0.188907306396058,NA
"Population","Period life expectancy at 65, men",2096,22.4061571029862,22.4,NA,NA,"input","years",0.0061571029862364,0.0274870669028315,NA
"Population","Period life expectancy at 65, men",2097,22.4544054823369,22.5,NA,NA,"input","years",-0.0455945176630586,-0.202642300724709,NA
"Population","Period life expectancy at 65, men",2098,22.5023619782235,22.5,NA,NA,"input","years",0.00236197822351158,0.0104976809933932,NA
"Population","Period life expectancy at 65, men",2099,22.5501624717496,22.6,NA,NA,"input","years",-0.0498375282503574,-0.220520036506011,NA
"Population","Period life expectancy at 65, men",2100,22.5976523886466,22.6,NA,NA,"input","years",-0.00234761135340733,-0.0103876608557818,NA
"Population","Period life expectancy at 65, women",2026,20.9177489285276,20.9,NA,NA,"input","years",0.0177489285275811,0.0849231030027875,NA
"Population","Period life expectancy at 65, women",2027,20.9704520147281,21,NA,NA,"input","years",-0.029547985271865,-0.140704691770788,NA
"Population","Period life expectancy at 65, women",2028,21.0244497830165,21,NA,NA,"input","years",0.0244497830165393,0.116427538174002,NA
"Population","Period life expectancy at 65, women",2029,21.0794949318899,21.1,NA,NA,"input","years",-0.020505068110122,-0.09718041758352,NA
"Population","Period life expectancy at 65, women",2030,21.1353513923762,21.1,NA,NA,"input","years",0.0353513923761604,0.16754214396284,NA
"Population","Period life expectancy at 65, women",2031,21.1917968799542,21.2,NA,NA,"input","years",-0.00820312004578838,-0.0386939624801297,NA
"Population","Period life expectancy at 65, women",2032,21.24866138035,21.2,NA,NA,"input","years",0.0486613803500049,0.229534812971721,NA
"Population","Period life expectancy at 65, women",2033,21.3058025986744,21.3,NA,NA,"input","years",0.00580259867439992,0.027242247297643,NA
"Population","Period life expectancy at 65, women",2034,21.3631145891591,21.4,NA,NA,"input","years",-0.0368854108408847,-0.172361732901327,NA
"Population","Period life expectancy at 65, women",2035,21.4205243176713,21.4,NA,NA,"input","years",0.0205243176712848,0.0959080265013235,NA
"Population","Period life expectancy at 65, women",2036,21.4779537498876,21.5,NA,NA,"input","years",-0.0220462501123819,-0.102540698197129,NA
"Population","Period life expectancy at 65, women",2037,21.535274461973,21.5,NA,NA,"input","years",0.0352744619729783,0.164067264990586,NA
"Population","Period life expectancy at 65, women",2038,21.5924276242215,21.6,NA,NA,"input","years",-0.00757237577846936,-0.0350572952706907,NA
"Population","Period life expectancy at 65, women",2039,21.6495100225675,21.6,NA,NA,"input","years",0.0495100225674818,0.229213067442036,NA
"Population","Period life expectancy at 65, women",2040,21.7063868160529,21.7,NA,NA,"input","years",0.00638681605287061,0.0294323320408685,NA
"Population","Period life expectancy at 65, women",2041,21.7630437702212,21.8,NA,NA,"input","years",-0.0369562297788093,-0.169523989811049,NA
"Population","Period life expectancy at 65, women",2042,21.819458211923,21.8,NA,NA,"input","years",0.0194582119230162,0.0892578528578714,NA
"Population","Period life expectancy at 65, women",2043,21.8756757646662,21.9,NA,NA,"input","years",-0.024324235333804,-0.111069567734268,NA
"Population","Period life expectancy at 65, women",2044,21.9316002173626,21.9,NA,NA,"input","years",0.031600217362616,0.144293229966275,NA
"Population","Period life expectancy at 65, women",2045,21.9872498816702,22,NA,NA,"input","years",-0.0127501183297873,-0.0579550833172182,NA
"Population","Period life expectancy at 65, women",2046,22.0426130044029,22,NA,NA,"input","years",0.0426130044028845,0.193695474558564,NA
"Population","Period life expectancy at 65, women",2047,22.0977291025414,22.1,NA,NA,"input","years",-0.00227089745857612,-0.0102755541112054,NA
"Population","Period life expectancy at 65, women",2048,22.1525679970926,22.2,NA,NA,"input","years",-0.0474320029074349,-0.213657670754208,NA
"Population","Period life expectancy at 65, women",2049,22.207096929631,22.2,NA,NA,"input","years",0.00709692963102171,0.0319681514910908,NA
"Population","Period life expectancy at 65, women",2050,22.2613784383626,22.3,NA,NA,"input","years",-0.038621561637445,-0.173190859360739,NA
"Population","Period life expectancy at 65, women",2051,22.3153798942646,22.3,NA,NA,"input","years",0.0153798942645729,0.0689681357155747,NA
"Population","Period life expectancy at 65, women",2052,22.3691136238456,22.4,NA,NA,"input","years",-0.0308863761544309,-0.137885607832278,NA
"Population","Period life expectancy at 65, women",2053,22.4225011424964,22.4,NA,NA,"input","years",0.0225011424964094,0.100451529001822,NA
"Population","Period life expectancy at 65, women",2054,22.4755798471871,22.5,NA,NA,"input","years",-0.0244201528128585,-0.108534012501593,NA
"Population","Period life expectancy at 65, women",2055,22.5284494371391,22.5,NA,NA,"input","years",0.0284494371391339,0.126441942840594,NA
"Population","Period life expectancy at 65, women",2056,22.5809481488804,22.6,NA,NA,"input","years",-0.0190518511196061,-0.084300226192946,NA
"Population","Period life expectancy at 65, women",2057,22.6332038080029,22.6,NA,NA,"input","years",0.0332038080028561,0.146919504437415,NA
"Population","Period life expectancy at 65, women",2058,22.6851395688857,22.7,NA,NA,"input","years",-0.014860431114343,-0.0654644542482097,NA
"Population","Period life expectancy at 65, women",2059,22.7368017270254,22.7,NA,NA,"input","years",0.0368017270254342,0.162122145486499,NA
"Population","Period life expectancy at 65, women",2060,22.7881899648115,22.8,NA,NA,"input","years",-0.0118100351884891,-0.0517983999495097,NA
"Population","Period life expectancy at 65, women",2061,22.8392692053294,22.8,NA,NA,"input","years",0.0392692053294006,0.172233356707907,NA
"Population","Period life expectancy at 65, women",2062,22.8900534783299,22.9,NA,NA,"input","years",-0.00994652167007715,-0.0434345924457569,NA
"Population","Period life expectancy at 65, women",2063,22.9405294016894,22.9,NA,NA,"input","years",0.0405294016894153,0.176984286853332,NA
"Population","Period life expectancy at 65, women",2064,22.9908106813244,23,NA,NA,"input","years",-0.00918931867559181,-0.0399535594590938,NA
"Population","Period life expectancy at 65, women",2065,23.0407778039562,23,NA,NA,"input","years",0.0407778039562352,0.177294799809724,NA
"Population","Period life expectancy at 65, women",2066,23.0904675967501,23.1,NA,NA,"input","years",-0.00953240324994198,-0.04126581493481,NA
"Population","Period life expectancy at 65, women",2067,23.1399004745048,23.1,NA,NA,"input","years",0.0399004745047549,0.17272932686041,NA
"Population","Period life expectancy at 65, women",2068,23.1889974301656,23.2,NA,NA,"input","years",-0.0110025698344351,-0.0474248699760094,NA
"Population","Period life expectancy at 65, women",2069,23.2378768717093,23.2,NA,NA,"input","years",0.0378768717093259,0.163262378057438,NA
"Population","Period life expectancy at 65, women",2070,23.2864566183567,23.3,NA,NA,"input","years",-0.0135433816433093,-0.0581261014734324,NA
"Population","Period life expectancy at 65, women",2071,23.3348079625266,23.3,NA,NA,"input","years",0.034807962526596,0.149390397109861,NA
"Population","Period life expectancy at 65, women",2072,23.3828540294659,23.4,NA,NA,"input","years",-0.0171459705340915,-0.0732733783508133,NA
"Population","Period life expectancy at 65, women",2073,23.4306570540026,23.4,NA,NA,"input","years",0.0306570540026101,0.131013051293216,NA
"Population","Period life expectancy at 65, women",2074,23.4781860862831,23.5,NA,NA,"input","years",-0.021813913716894,-0.0928251647527412,NA
"Population","Period life expectancy at 65, women",2075,23.5254447313608,23.5,NA,NA,"input","years",0.0254447313608033,0.108275452599171,NA
"Population","Period life expectancy at 65, women",2076,23.5724862252779,23.6,NA,NA,"input","years",-0.027513774722145,-0.116583791195535,NA
"Population","Period life expectancy at 65, women",2077,23.6191962669079,23.6,NA,NA,"input","years",0.019196266907894,0.0813401140165038,NA
"Population","Period life expectancy at 65, women",2078,23.6656950236172,23.7,NA,NA,"input","years",-0.0343049763828311,-0.144746735792534,NA
"Population","Period life expectancy at 65, women",2079,23.7120027345745,23.7,NA,NA,"input","years",0.0120027345745335,0.0506444496815694,NA
"Population","Period life expectancy at 65, women",2080,23.7579139825332,23.8,NA,NA,"input","years",-0.0420860174668327,-0.176832006163163,NA
"Population","Period life expectancy at 65, women",2081,23.8036398179342,23.8,NA,NA,"input","years",0.00363981793424628,0.0152933526649024,NA
"Population","Period life expectancy at 65, women",2082,23.8491200715295,23.8,NA,NA,"input","years",0.0491200715295363,0.206386855166119,NA
"Population","Period life expectancy at 65, women",2083,23.8943980978324,23.9,NA,NA,"input","years",-0.00560190216756951,-0.0234389212032227,NA
"Population","Period life expectancy at 65, women",2084,23.9393911881158,23.9,NA,NA,"input","years",0.0393911881158289,0.164816686677116,NA
"Population","Period life expectancy at 65, women",2085,23.984119863781,24,NA,NA,"input","years",-0.0158801362190282,-0.0661672342459507,NA
"Population","Period life expectancy at 65, women",2086,24.0286090538286,24,NA,NA,"input","years",0.0286090538286032,0.119204390952521,NA
"Population","Period life expectancy at 65, women",2087,24.0728861930351,24.1,NA,NA,"input","years",-0.0271138069649055,-0.112505423090892,NA
"Population","Period life expectancy at 65, women",2088,24.1168930851684,24.1,NA,NA,"input","years",0.016893085168352,0.0700957890803044,NA
"Population","Period life expectancy at 65, women",2089,24.1606879708599,24.2,NA,NA,"input","years",-0.0393120291400777,-0.162446401405281,NA
"Population","Period life expectancy at 65, women",2090,24.2041903022659,24.2,NA,NA,"input","years",0.00419030226588291,0.017315298619347,NA
"Population","Period life expectancy at 65, women",2091,24.2474796840834,24.2,NA,NA,"input","years",0.0474796840833598,0.196197041666779,NA
"Population","Period life expectancy at 65, women",2092,24.2906018102256,24.3,NA,NA,"input","years",-0.00939818977439799,-0.0386756780839437,NA
"Population","Period life expectancy at 65, women",2093,24.3334410968758,24.3,NA,NA,"input","years",0.0334410968758263,0.137617682616575,NA
"Population","Period life expectancy at 65, women",2094,24.376030164121,24.4,NA,NA,"input","years",-0.0239698358790115,-0.0982370322910264,NA
"Population","Period life expectancy at 65, women",2095,24.4183958235981,24.4,NA,NA,"input","years",0.0183958235980661,0.0753927196642135,NA
"Population","Period life expectancy at 65, women",2096,24.4605168309794,24.5,NA,NA,"input","years",-0.0394831690206061,-0.161155791920842,NA
"Population","Period life expectancy at 65, women",2097,24.5024507972263,24.5,NA,NA,"input","years",0.0024507972262704,0.0100032539847694,NA
"Population","Period life expectancy at 65, women",2098,24.5441821330204,24.5,NA,NA,"input","years",0.0441821330204313,0.180335236818085,NA
"Population","Period life expectancy at 65, women",2099,24.5856662197249,24.6,NA,NA,"input","years",-0.014333780275134,-0.0582673994924177,NA
"Population","Period life expectancy at 65, women",2100,24.6268832611499,24.6,NA,NA,"input","years",0.0268832611499263,0.109281549389939,NA
"Insured","Fully insured at 62, men",2025,0.926,0.926,NA,NA,"calibrated","rate",0,0,NA
"Insured","Fully insured at 62, men",2100,0.884,0.884,NA,NA,"calibrated","rate",0,0,NA
"Insured","Fully insured at 62, women",2025,0.885,0.885,NA,NA,"calibrated","rate",-1.11022302462516e-16,-1.11022302462516e-14,NA
"Insured","Fully insured at 62, women",2100,0.877,0.877,NA,NA,"calibrated","rate",-2.22044604925031e-16,-2.22044604925031e-14,NA
"Insured","Disability insured at 50",2025,0.759,0.759,NA,NA,"calibrated","rate",-1.11022302462516e-16,-1.11022302462516e-14,NA
"Insured","Disability insured at 50",2100,0.774,0.774,NA,NA,"calibrated","rate",-2.22044604925031e-16,-3.33066907387547e-14,NA
"Insured","Fully insured 25-29, men",1990,0.911673815880666,0.950844585315501,NA,NA,"in sample","rate",-0.0391707694348348,-4.11957643128793,NA
"Insured","Fully insured 30-34, men",1990,0.932635757963777,0.959281747030648,NA,NA,"in sample","rate",-0.0266459890668712,-2.77770208276671,NA
"Insured","Fully insured 35-39, men",1990,0.940152548012739,0.963523679168838,NA,NA,"in sample","rate",-0.0233711311560991,-2.42558970385239,NA
"Insured","Fully insured 40-44, men",1990,0.953255104259292,0.961864207493432,NA,NA,"in sample","rate",-0.00860910323413944,-0.89504351727302,NA
"Insured","Fully insured 45-49, men",1990,0.956594882661114,0.95312113311834,NA,NA,"in sample","rate",0.0034737495427748,0.364460447058779,NA
"Insured","Fully insured 50-54, men",1990,0.9496180793107,0.935019275406366,NA,NA,"in sample","rate",0.0145988039043337,1.5613372139295,NA
"Insured","Fully insured 55-59, men",1990,0.919739695135772,0.924042951466113,NA,NA,"in sample","rate",-0.00430325633034112,-0.465698734405517,NA
"Insured","Fully insured 60-64, men",1990,0.886494200274473,0.918343770330465,NA,NA,"in sample","rate",-0.0318495700559921,-3.46815333048223,NA
"Insured","Fully insured 25-29, men",1991,0.912207647197925,0.950399731973601,NA,NA,"in sample","rate",-0.0381920847756755,-4.01852857180061,NA
"Insured","Fully insured 30-34, men",1991,0.92953506775987,0.960637587796917,NA,NA,"in sample","rate",-0.0311025200370469,-3.23769550891466,NA
"Insured","Fully insured 35-39, men",1991,0.934938127250114,0.963504273048036,NA,NA,"in sample","rate",-0.0285661457979228,-2.96481775919416,NA
"Insured","Fully insured 40-44, men",1991,0.949484828014891,0.959297776284001,NA,NA,"in sample","rate",-0.00981294826911017,-1.02293036757807,NA
"Insured","Fully insured 45-49, men",1991,0.955285650216174,0.952814187586512,NA,NA,"in sample","rate",0.00247146262966214,0.259385582400107,NA
"Insured","Fully insured 50-54, men",1991,0.950421850216357,0.936756019280462,NA,NA,"in sample","rate",0.0136658309358951,1.45884634361806,NA
"Insured","Fully insured 55-59, men",1991,0.922979375005549,0.923079362550463,NA,NA,"in sample","rate",-9.99875449139154e-05,-0.0108319554060543,NA
"Insured","Fully insured 60-64, men",1991,0.89015217866669,0.916463661245873,NA,NA,"in sample","rate",-0.0263114825791837,-2.8709793625003,NA
"Insured","Fully insured 25-29, men",1992,0.914804523584721,0.94815251726291,NA,NA,"in sample","rate",-0.0333479936781893,-3.51715500101787,NA
"Insured","Fully insured 30-34, men",1992,0.930620617384206,0.959858514593658,NA,NA,"in sample","rate",-0.0292378972094521,-3.04606322337304,NA
"Insured","Fully insured 35-39, men",1992,0.933437614036561,0.963900680521422,NA,NA,"in sample","rate",-0.0304630664848616,-3.1603947481791,NA
"Insured","Fully insured 40-44, men",1992,0.94617520212454,0.9578087739741,NA,NA,"in sample","rate",-0.0116335718495603,-1.21460276473463,NA
"Insured","Fully insured 45-49, men",1992,0.954862973250302,0.952679461529639,NA,NA,"in sample","rate",0.00218351172066267,0.229196892431882,NA
"Insured","Fully insured 50-54, men",1992,0.95191035453789,0.938748782202655,NA,NA,"in sample","rate",0.0131615723352343,1.40203349232073,NA
"Insured","Fully insured 55-59, men",1992,0.92707781088921,0.923361034164358,NA,NA,"in sample","rate",0.00371677672485204,0.402526919301471,NA
"Insured","Fully insured 60-64, men",1992,0.893167976245677,0.912968490603001,NA,NA,"in sample","rate",-0.0198005143573236,-2.16880588553999,NA
"Insured","Fully insured 25-29, men",1993,0.914854311554785,0.944261152422929,NA,NA,"in sample","rate",-0.0294068408681443,-3.11426990220742,NA
"Insured","Fully insured 30-34, men",1993,0.93242509719993,0.957745302558056,NA,NA,"in sample","rate",-0.0253202053581257,-2.64373057121738,NA
"Insured","Fully insured 35-39, men",1993,0.934061185652854,0.962921904695698,NA,NA,"in sample","rate",-0.0288607190428439,-2.99720246284817,NA
"Insured","Fully insured 40-44, men",1993,0.943917405591761,0.95826264892703,NA,NA,"in sample","rate",-0.0143452433352692,-1.49700537230911,NA
"Insured","Fully insured 45-49, men",1993,0.954258802992693,0.952607988372523,NA,NA,"in sample","rate",0.00165081462016958,0.173294223890563,NA
"Insured","Fully insured 50-54, men",1993,0.95245919977068,0.940073756886721,NA,NA,"in sample","rate",0.0123854428839595,1.31749692970655,NA
"Insured","Fully insured 55-59, men",1993,0.930875836769845,0.92286534829105,NA,NA,"in sample","rate",0.00801048847879537,0.868001869788393,NA
"Insured","Fully insured 60-64, men",1993,0.895502401584486,0.913665063211196,NA,NA,"in sample","rate",-0.0181626616267103,-1.98789056931599,NA
"Insured","Fully insured 25-29, men",1994,0.911711210651393,0.939692307810298,NA,NA,"in sample","rate",-0.0279810971589053,-2.9776871563531,NA
"Insured","Fully insured 30-34, men",1994,0.932917177911773,0.955495656973647,NA,NA,"in sample","rate",-0.0225784790618739,-2.36301221225714,NA
"Insured","Fully insured 35-39, men",1994,0.935603315748486,0.961416816013109,NA,NA,"in sample","rate",-0.0258135002646225,-2.68494370336357,NA
"Insured","Fully insured 40-44, men",1994,0.944323444984424,0.959146950028717,NA,NA,"in sample","rate",-0.0148235050442925,-1.54548842008503,NA
"Insured","Fully insured 45-49, men",1994,0.953640599236991,0.952492952429093,NA,NA,"in sample","rate",0.00114764680789781,0.120488745346736,NA
"Insured","Fully insured 50-54, men",1994,0.952455904639887,0.941140137172825,NA,NA,"in sample","rate",0.0113157674670612,1.20234670907284,NA
"Insured","Fully insured 55-59, men",1994,0.933903709989842,0.922667956739341,NA,NA,"in sample","rate",0.0112357532505002,1.21774612073955,NA
"Insured","Fully insured 60-64, men",1994,0.899005774431983,0.915942441284955,NA,NA,"in sample","rate",-0.0169366668529719,-1.84909728925891,NA
"Insured","Fully insured 25-29, men",1995,0.908697828667617,0.934551670761898,NA,NA,"in sample","rate",-0.0258538420942813,-2.76644330143927,NA
"Insured","Fully insured 30-34, men",1995,0.932657277932697,0.953019422194873,NA,NA,"in sample","rate",-0.020362144262176,-2.13659279002735,NA
"Insured","Fully insured 35-39, men",1995,0.936232091522202,0.959879751516175,NA,NA,"in sample","rate",-0.0236476599939722,-2.46360650452514,NA
"Insured","Fully insured 40-44, men",1995,0.945507861521788,0.9594178464975,NA,NA,"in sample","rate",-0.0139099849757117,-1.44983596318249,NA
"Insured","Fully insured 45-49, men",1995,0.954507961872922,0.951285448209146,NA,NA,"in sample","rate",0.00322251366377591,0.338753595972952,NA
"Insured","Fully insured 50-54, men",1995,0.951808104043173,0.943048371275999,NA,NA,"in sample","rate",0.00875973276717368,0.928874173794636,NA
"Insured","Fully insured 55-59, men",1995,0.936522396870376,0.923506114382979,NA,NA,"in sample","rate",0.0130162824873975,1.40944193922246,NA
"Insured","Fully insured 60-64, men",1995,0.901499250228071,0.915437514058935,NA,NA,"in sample","rate",-0.0139382638308644,-1.52257948978558,NA
"Insured","Fully insured 25-29, men",1996,0.905990788056511,0.92938677791015,NA,NA,"in sample","rate",-0.0233959898536388,-2.51735772551529,NA
"Insured","Fully insured 30-34, men",1996,0.930935425273594,0.950168909570043,NA,NA,"in sample","rate",-0.0192334842964486,-2.0242173894273,NA
"Insured","Fully insured 35-39, men",1996,0.93512749063206,0.957460639898052,NA,NA,"in sample","rate",-0.0223331492659916,-2.33253967164327,NA
"Insured","Fully insured 40-44, men",1996,0.945656565582744,0.95996474738103,NA,NA,"in sample","rate",-0.0143081817982862,-1.49049033699641,NA
"Insured","Fully insured 45-49, men",1996,0.955374049244448,0.950150570194789,NA,NA,"in sample","rate",0.00522347904965947,0.5497527669313,NA
"Insured","Fully insured 50-54, men",1996,0.952776318164597,0.943385947694963,NA,NA,"in sample","rate",0.00939037046963442,0.995390114997852,NA
"Insured","Fully insured 55-59, men",1996,0.938131714741456,0.926327257243061,NA,NA,"in sample","rate",0.0118044574983949,1.27432906741052,NA
"Insured","Fully insured 60-64, men",1996,0.905238795503255,0.916191608061524,NA,NA,"in sample","rate",-0.0109528125582693,-1.19547182727893,NA
"Insured","Fully insured 25-29, men",1997,0.902811733471386,0.922804152321779,NA,NA,"in sample","rate",-0.0199924188503932,-2.16648557552457,NA
"Insured","Fully insured 30-34, men",1997,0.926613183261063,0.947614322058052,NA,NA,"in sample","rate",-0.0210011387969889,-2.21621162831078,NA
"Insured","Fully insured 35-39, men",1997,0.931392577105908,0.955101108191477,NA,NA,"in sample","rate",-0.0237085310855688,-2.48230589224862,NA
"Insured","Fully insured 40-44, men",1997,0.943841309182547,0.960345572915117,NA,NA,"in sample","rate",-0.0165042637325696,-1.71857550011619,NA
"Insured","Fully insured 45-49, men",1997,0.955032178851901,0.949234076282924,NA,NA,"in sample","rate",0.00579810256897639,0.610819050205302,NA
"Insured","Fully insured 50-54, men",1997,0.954336126583391,0.943590868414081,NA,NA,"in sample","rate",0.0107452581693097,1.13876241589426,NA
"Insured","Fully insured 55-59, men",1997,0.939536157730577,0.92932292879882,NA,NA,"in sample","rate",0.0102132289317572,1.09899676584524,NA
"Insured","Fully insured 60-64, men",1997,0.908851623436797,0.915738453421692,NA,NA,"in sample","rate",-0.00688682998489576,-0.75205206892458,NA
"Insured","Fully insured 25-29, men",1998,0.901406823236193,0.917176872166922,NA,NA,"in sample","rate",-0.0157700489307288,-1.71941197050363,NA
"Insured","Fully insured 30-34, men",1998,0.92271164130143,0.944570582401046,NA,NA,"in sample","rate",-0.0218589410996155,-2.31416704128677,NA
"Insured","Fully insured 35-39, men",1998,0.928217205357402,0.952965743242861,NA,NA,"in sample","rate",-0.0247485378854595,-2.59700183988171,NA
"Insured","Fully insured 40-44, men",1998,0.941567521287267,0.959105229251993,NA,NA,"in sample","rate",-0.0175377079647254,-1.82854888388035,NA
"Insured","Fully insured 45-49, men",1998,0.953734383654915,0.950321441172575,NA,NA,"in sample","rate",0.00341294248233992,0.359135586599924,NA
"Insured","Fully insured 50-54, men",1998,0.955843336117228,0.943865105353966,NA,NA,"in sample","rate",0.0119782307632622,1.26906172241321,NA
"Insured","Fully insured 55-59, men",1998,0.940698653351337,0.930973384050394,NA,NA,"in sample","rate",0.00972526930094286,1.04463451561108,NA
"Insured","Fully insured 60-64, men",1998,0.912923407519407,0.916960855071762,NA,NA,"in sample","rate",-0.00403744755235458,-0.440307514767202,NA
"Insured","Fully insured 25-29, men",1999,0.895695752266822,0.910420091313424,NA,NA,"in sample","rate",-0.014724339046602,-1.61731262162281,NA
"Insured","Fully insured 30-34, men",1999,0.918223217464455,0.940314850787127,NA,NA,"in sample","rate",-0.0220916333226719,-2.34938683614103,NA
"Insured","Fully insured 35-39, men",1999,0.924948974604576,0.951102206847868,NA,NA,"in sample","rate",-0.0261532322432926,-2.74978146985583,NA
"Insured","Fully insured 40-44, men",1999,0.938590626352917,0.956691275046915,NA,NA,"in sample","rate",-0.0181006486939973,-1.89200520231667,NA
"Insured","Fully insured 45-49, men",1999,0.9523795107536,0.952197367553995,NA,NA,"in sample","rate",0.000182143199604523,0.019128723288997,NA
"Insured","Fully insured 50-54, men",1999,0.95595321422947,0.942935361338961,NA,NA,"in sample","rate",0.0130178528905088,1.38056683673669,NA
"Insured","Fully insured 55-59, men",1999,0.942272364882258,0.932884830247853,NA,NA,"in sample","rate",0.00938753463440467,1.00629084427395,NA
"Insured","Fully insured 60-64, men",1999,0.916607976146677,0.915628611061103,NA,NA,"in sample","rate",0.000979365085573836,0.10696095269882,NA
"Insured","Fully insured 25-29, men",2000,0.89113987119345,0.903526176107843,NA,NA,"in sample","rate",-0.0123863049143927,-1.37088501052064,NA
"Insured","Fully insured 30-34, men",2000,0.916553955348707,0.935012707740399,NA,NA,"in sample","rate",-0.0184587523916921,-1.97417128546846,NA
"Insured","Fully insured 35-39, men",2000,0.923438873488245,0.949783874660419,NA,NA,"in sample","rate",-0.0263450011721741,-2.77378905612535,NA
"Insured","Fully insured 40-44, men",2000,0.936473627057093,0.955147026346946,NA,NA,"in sample","rate",-0.0186733992898532,-1.95502878350273,NA
"Insured","Fully insured 45-49, men",2000,0.951103230233485,0.954353581252739,NA,NA,"in sample","rate",-0.00325035101925464,-0.340581424233566,NA
"Insured","Fully insured 50-54, men",2000,0.956428846343786,0.942775023030225,NA,NA,"in sample","rate",0.0136538233135608,1.44825891437761,NA
"Insured","Fully insured 55-59, men",2000,0.942752384876254,0.934586775706152,NA,NA,"in sample","rate",0.00816560917010201,0.873713322546465,NA
"Insured","Fully insured 60-64, men",2000,0.920328649623001,0.917351322266832,NA,NA,"in sample","rate",0.00297732735616885,0.324556937336906,NA
"Insured","Fully insured 25-29, men",2001,0.887048665014174,0.895854678663943,NA,NA,"in sample","rate",-0.00880601364976952,-0.982973450884084,NA
"Insured","Fully insured 30-34, men",2001,0.913713267150992,0.929148021238621,NA,NA,"in sample","rate",-0.0154347540876292,-1.66117278784639,NA
"Insured","Fully insured 35-39, men",2001,0.920818978544802,0.947427772516234,NA,NA,"in sample","rate",-0.0266087939714313,-2.80853007937082,NA
"Insured","Fully insured 40-44, men",2001,0.934622226627463,0.953552000318106,NA,NA,"in sample","rate",-0.0189297736906429,-1.98518525306726,NA
"Insured","Fully insured 45-49, men",2001,0.949182472584779,0.955078096374671,NA,NA,"in sample","rate",-0.00589562378989172,-0.617292325336594,NA
"Insured","Fully insured 50-54, men",2001,0.956486691793246,0.942521450285808,NA,NA,"in sample","rate",0.0139652415074378,1.48168951520447,NA
"Insured","Fully insured 55-59, men",2001,0.943494534782674,0.934786375801452,NA,NA,"in sample","rate",0.00870815898122224,0.931566741519552,NA
"Insured","Fully insured 60-64, men",2001,0.922694233387946,0.919384565583183,NA,NA,"in sample","rate",0.00330966780476238,0.359987314194576,NA
"Insured","Fully insured 25-29, men",2002,0.884923923757953,0.891955433079297,NA,NA,"in sample","rate",-0.00703150932134389,-0.788325185381633,NA
"Insured","Fully insured 30-34, men",2002,0.911516494093596,0.923209349241474,NA,NA,"in sample","rate",-0.0116928551478778,-1.26654427378631,NA
"Insured","Fully insured 35-39, men",2002,0.91847126082921,0.944189997436892,NA,NA,"in sample","rate",-0.0257187366076821,-2.72389420323224,NA
"Insured","Fully insured 40-44, men",2002,0.932411482038382,0.952204967623846,NA,NA,"in sample","rate",-0.019793485585464,-2.07870009698197,NA
"Insured","Fully insured 45-49, men",2002,0.947789478890199,0.955706996626718,NA,NA,"in sample","rate",-0.00791751773651883,-0.828446141386918,NA
"Insured","Fully insured 50-54, men",2002,0.955268855539092,0.942804065406636,NA,NA,"in sample","rate",0.0124647901324565,1.32209762238142,NA
"Insured","Fully insured 55-59, men",2002,0.944663097261719,0.934919832536195,NA,NA,"in sample","rate",0.00974326472552334,1.04214975299992,NA
"Insured","Fully insured 60-64, men",2002,0.924652268114173,0.923299621129952,NA,NA,"in sample","rate",0.00135264698422055,0.146501412246347,NA
"Insured","Fully insured 25-29, men",2003,0.884120269488216,0.887351364922181,NA,NA,"in sample","rate",-0.00323109543396549,-0.364128073916792,NA
"Insured","Fully insured 30-34, men",2003,0.909787075339507,0.918960516123302,NA,NA,"in sample","rate",-0.00917344078379534,-0.998241015021417,NA
"Insured","Fully insured 35-39, men",2003,0.917106619997729,0.941962169265856,NA,NA,"in sample","rate",-0.0248555492681265,-2.63869931076939,NA
"Insured","Fully insured 40-44, men",2003,0.930692301861329,0.951329242524679,NA,NA,"in sample","rate",-0.0206369406633496,-2.16927428916013,NA
"Insured","Fully insured 45-49, men",2003,0.945738345914109,0.954912652261386,NA,NA,"in sample","rate",-0.00917430634727745,-0.960748223992136,NA
"Insured","Fully insured 50-54, men",2003,0.954422360203193,0.945011600832065,NA,NA,"in sample","rate",0.00941075937112779,0.995835327613093,NA
"Insured","Fully insured 55-59, men",2003,0.945243985517978,0.936153135521369,NA,NA,"in sample","rate",0.00909084999660914,0.97108578198013,NA
"Insured","Fully insured 60-64, men",2003,0.925756291611113,0.926422172881096,NA,NA,"in sample","rate",-0.000665881269983237,-0.071876655101244,NA
"Insured","Fully insured 25-29, men",2004,0.88120884410458,0.881299501020123,NA,NA,"in sample","rate",-9.06569155431081e-05,-0.010286731745357,NA
"Insured","Fully insured 30-34, men",2004,0.907536938930969,0.912129348628582,NA,NA,"in sample","rate",-0.00459240969761265,-0.503482286203982,NA
"Insured","Fully insured 35-39, men",2004,0.914503410096195,0.937845331317018,NA,NA,"in sample","rate",-0.0233419212208238,-2.48888813980069,NA
"Insured","Fully insured 40-44, men",2004,0.928587517229352,0.949593658901691,NA,NA,"in sample","rate",-0.0210061416723395,-2.21211899167855,NA
"Insured","Fully insured 45-49, men",2004,0.94326083228369,0.953324475598816,NA,NA,"in sample","rate",-0.0100636433151259,-1.05563672943617,NA
"Insured","Fully insured 50-54, men",2004,0.954219050737794,0.947553111586091,NA,NA,"in sample","rate",0.00666593915170299,0.703489764341025,NA
"Insured","Fully insured 55-59, men",2004,0.944584526406333,0.936078926785034,NA,NA,"in sample","rate",0.0085055996212986,0.908641288455359,NA
"Insured","Fully insured 60-64, men",2004,0.926945148666122,0.928616361621184,NA,NA,"in sample","rate",-0.00167121295506234,-0.179968071222081,NA
"Insured","Fully insured 25-29, men",2005,0.879667671008376,0.8751853315666,NA,NA,"in sample","rate",0.00448233944177534,0.512158885678748,NA
"Insured","Fully insured 30-34, men",2005,0.903108764779955,0.899537750474861,NA,NA,"in sample","rate",0.00357101430509443,0.396983262037565,NA
"Insured","Fully insured 35-39, men",2005,0.912305166063138,0.930710924537618,NA,NA,"in sample","rate",-0.0184057584744799,-1.97760206625102,NA
"Insured","Fully insured 40-44, men",2005,0.926211844689418,0.946853089766338,NA,NA,"in sample","rate",-0.0206412450769201,-2.17998391725309,NA
"Insured","Fully insured 45-49, men",2005,0.940929984867574,0.950299336056028,NA,NA,"in sample","rate",-0.00936935118845406,-0.985936834107359,NA
"Insured","Fully insured 50-54, men",2005,0.952406677493608,0.947753753140095,NA,NA,"in sample","rate",0.00465292435351272,0.490942329491872,NA
"Insured","Fully insured 55-59, men",2005,0.944880149966367,0.934975048284791,NA,NA,"in sample","rate",0.00990510168157621,1.05939743523071,NA
"Insured","Fully insured 60-64, men",2005,0.926788646042708,0.932156681889444,NA,NA,"in sample","rate",-0.00536803584673573,-0.575872699410895,NA
"Insured","Fully insured 25-29, men",2006,0.878094518005176,0.874056839102637,NA,NA,"in sample","rate",0.00403767890253814,0.461946949203385,NA
"Insured","Fully insured 30-34, men",2006,0.898204560604773,0.888379499614309,NA,NA,"in sample","rate",0.00982506099046443,1.10595314217967,NA
"Insured","Fully insured 35-39, men",2006,0.908928274576728,0.923432635561931,NA,NA,"in sample","rate",-0.014504360985203,-1.57070049580571,NA
"Insured","Fully insured 40-44, men",2006,0.923622112196998,0.94365697789665,NA,NA,"in sample","rate",-0.020034865699652,-2.12310894413226,NA
"Insured","Fully insured 45-49, men",2006,0.939117629762895,0.948352442627897,NA,NA,"in sample","rate",-0.00923481286500161,-0.9737743532786,NA
"Insured","Fully insured 50-54, men",2006,0.950007430948422,0.948420834982115,NA,NA,"in sample","rate",0.00158659596630684,0.16728818134164,NA
"Insured","Fully insured 55-59, men",2006,0.94501522223258,0.933590355828394,NA,NA,"in sample","rate",0.0114248664041857,1.22375582961631,NA
"Insured","Fully insured 60-64, men",2006,0.926974432016432,0.932766173759651,NA,NA,"in sample","rate",-0.00579174174321972,-0.620921073914515,NA
"Insured","Fully insured 25-29, men",2007,0.875549919344901,0.879827160746798,NA,NA,"in sample","rate",-0.00427724140189678,-0.486145642317548,NA
"Insured","Fully insured 30-34, men",2007,0.894970318195573,0.88580784075512,NA,NA,"in sample","rate",0.00916247744045373,1.03436400299224,NA
"Insured","Fully insured 35-39, men",2007,0.905714474089529,0.919536487765684,NA,NA,"in sample","rate",-0.0138220136761551,-1.50315010443361,NA
"Insured","Fully insured 40-44, men",2007,0.920922369021102,0.942169636637917,NA,NA,"in sample","rate",-0.0212472676168151,-2.25514247016437,NA
"Insured","Fully insured 45-49, men",2007,0.936943804056146,0.948174535002794,NA,NA,"in sample","rate",-0.0112307309466477,-1.18445819119311,NA
"Insured","Fully insured 50-54, men",2007,0.948209343608523,0.949090887749321,NA,NA,"in sample","rate",-0.000881544140798551,-0.0928830054294449,NA
"Insured","Fully insured 55-59, men",2007,0.944565611828743,0.934709354896454,NA,NA,"in sample","rate",0.00985625693228931,1.05447290975078,NA
"Insured","Fully insured 60-64, men",2007,0.927911439265534,0.933338852932814,NA,NA,"in sample","rate",-0.00542741366727983,-0.58150516827038,NA
"Insured","Fully insured 25-29, men",2008,0.873233426241008,0.889475517159239,NA,NA,"in sample","rate",-0.0162420909182314,-1.82603012729395,NA
"Insured","Fully insured 30-34, men",2008,0.892653015645357,0.890972306947494,NA,NA,"in sample","rate",0.00168070869786308,0.188637591175111,NA
"Insured","Fully insured 35-39, men",2008,0.901501820422235,0.919475554247195,NA,NA,"in sample","rate",-0.0179737338249594,-1.95478104251233,NA
"Insured","Fully insured 40-44, men",2008,0.918351525903257,0.942531099002776,NA,NA,"in sample","rate",-0.0241795730995186,-2.56538729863675,NA
"Insured","Fully insured 45-49, men",2008,0.934774160283866,0.949366357826102,NA,NA,"in sample","rate",-0.0145921975422356,-1.53704599093331,NA
"Insured","Fully insured 50-54, men",2008,0.945951712486843,0.949995239036967,NA,NA,"in sample","rate",-0.00404352655012374,-0.425636506791627,NA
"Insured","Fully insured 55-59, men",2008,0.943846571592455,0.938049307549641,NA,NA,"in sample","rate",0.00579726404281422,0.618012720243644,NA
"Insured","Fully insured 60-64, men",2008,0.928205945037744,0.932464150392174,NA,NA,"in sample","rate",-0.00425820535443,-0.456661562017058,NA
"Insured","Fully insured 25-29, men",2009,0.872243940395792,0.89122050049734,NA,NA,"in sample","rate",-0.0189765601015479,-2.12927778153197,NA
"Insured","Fully insured 30-34, men",2009,0.893453314136952,0.891437778867196,NA,NA,"in sample","rate",0.00201553526975629,0.226099377605182,NA
"Insured","Fully insured 35-39, men",2009,0.899521872589991,0.914531103998091,NA,NA,"in sample","rate",-0.015009231408101,-1.64119419694798,NA
"Insured","Fully insured 40-44, men",2009,0.916144391813606,0.938883693975438,NA,NA,"in sample","rate",-0.0227393021618316,-2.4219509091215,NA
"Insured","Fully insured 45-49, men",2009,0.933104158831143,0.948798814014342,NA,NA,"in sample","rate",-0.0156946551831998,-1.65416049760814,NA
"Insured","Fully insured 50-54, men",2009,0.943336003343843,0.948537143033569,NA,NA,"in sample","rate",-0.00520113968972657,-0.5483327382513,NA
"Insured","Fully insured 55-59, men",2009,0.943933523150662,0.940899674043235,NA,NA,"in sample","rate",0.00303384910742655,0.322441296465703,NA
"Insured","Fully insured 60-64, men",2009,0.927657757109443,0.931989782537804,NA,NA,"in sample","rate",-0.00433202542836086,-0.464814691054316,NA
"Insured","Fully insured 25-29, men",2010,0.868176346074464,0.888379527592504,NA,NA,"in sample","rate",-0.0202031815180399,-2.27416108662367,NA
"Insured","Fully insured 30-34, men",2010,0.894445883773199,0.89195002457031,NA,NA,"in sample","rate",0.00249585920288953,0.279820520672325,NA
"Insured","Fully insured 35-39, men",2010,0.896698559179676,0.908486835443678,NA,NA,"in sample","rate",-0.0117882762640016,-1.29757260139544,NA
"Insured","Fully insured 40-44, men",2010,0.914649414787094,0.933834362764898,NA,NA,"in sample","rate",-0.0191849479778035,-2.05442728847551,NA
"Insured","Fully insured 45-49, men",2010,0.931408989824632,0.947058366920852,NA,NA,"in sample","rate",-0.0156493770962191,-1.65241949628717,NA
"Insured","Fully insured 50-54, men",2010,0.941239542210537,0.945738172621815,NA,NA,"in sample","rate",-0.00449863041127863,-0.475673980548685,NA
"Insured","Fully insured 55-59, men",2010,0.943031101044808,0.939610096250271,NA,NA,"in sample","rate",0.00342100479453744,0.364087700652616,NA
"Insured","Fully insured 60-64, men",2010,0.928236201581541,0.929217941654701,NA,NA,"in sample","rate",-0.000981740073160098,-0.105652294165981,NA
"Insured","Fully insured 25-29, men",2011,0.865171565098316,0.881050778815472,NA,NA,"in sample","rate",-0.0158792137171554,-1.80230403274874,NA
"Insured","Fully insured 30-34, men",2011,0.894732353420606,0.893639187177358,NA,NA,"in sample","rate",0.00109316624324751,0.122327473876838,NA
"Insured","Fully insured 35-39, men",2011,0.894443295697071,0.907284696705494,NA,NA,"in sample","rate",-0.0128414010084226,-1.41536620809894,NA
"Insured","Fully insured 40-44, men",2011,0.913313097937756,0.930646138661301,NA,NA,"in sample","rate",-0.017333040723545,-1.86247382366814,NA
"Insured","Fully insured 45-49, men",2011,0.929574104182553,0.945976405609125,NA,NA,"in sample","rate",-0.0164023014265724,-1.73390174737083,NA
"Insured","Fully insured 50-54, men",2011,0.939900781064549,0.94427055253578,NA,NA,"in sample","rate",-0.00436977147123074,-0.462766890219757,NA
"Insured","Fully insured 55-59, men",2011,0.940946887410616,0.939298638618204,NA,NA,"in sample","rate",0.00164824879241188,0.175476544375353,NA
"Insured","Fully insured 60-64, men",2011,0.928356734192665,0.92881181904356,NA,NA,"in sample","rate",-0.00045508485089496,-0.0489964534865162,NA
"Insured","Fully insured 25-29, men",2012,0.85961755724147,0.878914204983211,NA,NA,"in sample","rate",-0.0192966477417416,-2.19550982704964,NA
"Insured","Fully insured 30-34, men",2012,0.89472560194481,0.894493099146021,NA,NA,"in sample","rate",0.000232502798789613,0.0259926878152017,NA
"Insured","Fully insured 35-39, men",2012,0.893192592723938,0.903659742828882,NA,NA,"in sample","rate",-0.0104671501049446,-1.15830656262029,NA
"Insured","Fully insured 40-44, men",2012,0.911653254627531,0.926469708398306,NA,NA,"in sample","rate",-0.0148164537707753,-1.59923779876088,NA
"Insured","Fully insured 45-49, men",2012,0.92745819105692,0.943325371329357,NA,NA,"in sample","rate",-0.0158671802724372,-1.68204744139095,NA
"Insured","Fully insured 50-54, men",2012,0.938645076760976,0.943117591282748,NA,NA,"in sample","rate",-0.00447251452177178,-0.474226603671835,NA
"Insured","Fully insured 55-59, men",2012,0.938971597191647,0.938329285628953,NA,NA,"in sample","rate",0.000642311562694009,0.0684526820734943,NA
"Insured","Fully insured 60-64, men",2012,0.928025979361163,0.927420963715226,NA,NA,"in sample","rate",0.000605015645936846,0.0652363564775493,NA
"Insured","Fully insured 25-29, men",2013,0.860507194239922,0.877431315827327,NA,NA,"calibrated","rate",-0.0169241215874045,-1.92882579891132,NA
"Insured","Fully insured 30-34, men",2013,0.894478032298179,0.894445974827492,NA,NA,"calibrated","rate",3.20574706872412e-05,0.00358405891349722,NA
"Insured","Fully insured 35-39, men",2013,0.893136582862858,0.900107248692372,NA,NA,"calibrated","rate",-0.00697066582951456,-0.774426140845008,NA
"Insured","Fully insured 40-44, men",2013,0.909337921272085,0.921967070675201,NA,NA,"calibrated","rate",-0.0126291494031152,-1.3698048232749,NA
"Insured","Fully insured 45-49, men",2013,0.926139792028181,0.940072940777625,NA,NA,"calibrated","rate",-0.0139331487494441,-1.48213485837797,NA
"Insured","Fully insured 50-54, men",2013,0.937438348445996,0.942002865971298,NA,NA,"calibrated","rate",-0.00456451752530185,-0.484554526338454,NA
"Insured","Fully insured 55-59, men",2013,0.9365782498245,0.93585324284775,NA,NA,"calibrated","rate",0.000725006976749598,0.0774701570241287,NA
"Insured","Fully insured 60-64, men",2013,0.927905262267584,0.926743253453272,NA,NA,"calibrated","rate",0.00116200881431106,0.125386271762018,NA
"Insured","Fully insured 25-29, men",2014,0.865337764827715,0.873900080032131,NA,NA,"calibrated","rate",-0.0085623152044163,-0.979781945334246,NA
"Insured","Fully insured 30-34, men",2014,0.893205192892863,0.888039894628115,NA,NA,"calibrated","rate",0.00516529826474799,0.581651601014066,NA
"Insured","Fully insured 35-39, men",2014,0.89412365160192,0.892098543487848,NA,NA,"calibrated","rate",0.00202510811407242,0.227004979310341,NA
"Insured","Fully insured 40-44, men",2014,0.906871972270366,0.913794076993486,NA,NA,"calibrated","rate",-0.00692210472311972,-0.757512540012784,NA
"Insured","Fully insured 45-49, men",2014,0.9241909823576,0.933018970669635,NA,NA,"calibrated","rate",-0.00882798831203502,-0.946174578390313,NA
"Insured","Fully insured 50-54, men",2014,0.936671791949567,0.940129491510331,NA,NA,"calibrated","rate",-0.00345769956076381,-0.367789713224398,NA
"Insured","Fully insured 55-59, men",2014,0.933891371168921,0.932354382843642,NA,NA,"calibrated","rate",0.00153698832527893,0.16485022793491,NA
"Insured","Fully insured 60-64, men",2014,0.928381359278921,0.925318716375508,NA,NA,"calibrated","rate",0.0030626429034134,0.33098248735417,NA
"Insured","Fully insured 25-29, men",2015,0.870100217690432,0.872242581450075,NA,NA,"calibrated","rate",-0.00214236375964327,-0.245615589654158,NA
"Insured","Fully insured 30-34, men",2015,0.892847377042418,0.884512910476399,NA,NA,"calibrated","rate",0.00833446656601855,0.942266242505108,NA
"Insured","Fully insured 35-39, men",2015,0.894456727407582,0.888998545460896,NA,NA,"calibrated","rate",0.0054581819466859,0.613969727459573,NA
"Insured","Fully insured 40-44, men",2015,0.903715254444008,0.906194310452607,NA,NA,"calibrated","rate",-0.00247905600859943,-0.273567818734288,NA
"Insured","Fully insured 45-49, men",2015,0.922559165679674,0.926087096282025,NA,NA,"calibrated","rate",-0.00352793060235113,-0.380950195344987,NA
"Insured","Fully insured 50-54, men",2015,0.935123895984644,0.938010816868791,NA,NA,"calibrated","rate",-0.00288692088414699,-0.307770532304086,NA
"Insured","Fully insured 55-59, men",2015,0.932054570969017,0.930097372213302,NA,NA,"calibrated","rate",0.00195719875571421,0.210429446871441,NA
"Insured","Fully insured 60-64, men",2015,0.927472313100549,0.924458461936444,NA,NA,"calibrated","rate",0.00301385116410569,0.326012610430615,NA
"Insured","Fully insured 25-29, men",2016,0.875790564733969,0.875712661383374,NA,NA,"calibrated","rate",7.79033505948767e-05,0.00889599454594325,NA
"Insured","Fully insured 30-34, men",2016,0.8932376967973,0.884319044230351,NA,NA,"calibrated","rate",0.00891865256694901,1.00853335966673,NA
"Insured","Fully insured 35-39, men",2016,0.894329836645747,0.890044838022031,NA,NA,"calibrated","rate",0.00428499862371567,0.481436264855861,NA
"Insured","Fully insured 40-44, men",2016,0.901156669435786,0.901097407209115,NA,NA,"calibrated","rate",5.92622266711862e-05,0.00657667264349904,NA
"Insured","Fully insured 45-49, men",2016,0.920686115869673,0.921092066839587,NA,NA,"calibrated","rate",-0.000405950969914581,-0.0440727897383253,NA
"Insured","Fully insured 50-54, men",2016,0.933430039469954,0.93656415780339,NA,NA,"calibrated","rate",-0.00313411833343535,-0.334640003818432,NA
"Insured","Fully insured 55-59, men",2016,0.93115710110331,0.928747592123347,NA,NA,"calibrated","rate",0.00240950897996262,0.259436363593024,NA
"Insured","Fully insured 60-64, men",2016,0.925517997796023,0.92302524803998,NA,NA,"calibrated","rate",0.00249274975604252,0.27006300871355,NA
"Insured","Fully insured 25-29, men",2017,0.881922022359237,0.878931161173576,NA,NA,"calibrated","rate",0.00299086118566128,0.340283894550719,NA
"Insured","Fully insured 30-34, men",2017,0.89432751062324,0.884288108552814,NA,NA,"calibrated","rate",0.0100394020704256,1.13530895341969,NA
"Insured","Fully insured 35-39, men",2017,0.893520190610035,0.890274950923772,NA,NA,"calibrated","rate",0.003245239686263,0.364521059802447,NA
"Insured","Fully insured 40-44, men",2017,0.900074619284586,0.895396106205608,NA,NA,"calibrated","rate",0.00467851307897793,0.522507641763581,NA
"Insured","Fully insured 45-49, men",2017,0.918198227321665,0.916034885762149,NA,NA,"calibrated","rate",0.00216334155951559,0.236163665067801,NA
"Insured","Fully insured 50-54, men",2017,0.931037950323545,0.933194932003894,NA,NA,"calibrated","rate",-0.00215698168034895,-0.231139455045815,NA
"Insured","Fully insured 55-59, men",2017,0.930245109386671,0.928255001931019,NA,NA,"calibrated","rate",0.00199010745565287,0.214392322315837,NA
"Insured","Fully insured 60-64, men",2017,0.92354810298,0.922559770914821,NA,NA,"calibrated","rate",0.000988332065178898,0.107129326070532,NA
"Insured","Fully insured 25-29, men",2018,0.88610043144326,0.885621677462642,NA,NA,"calibrated","rate",0.000478753980618141,0.0540585210142774,NA
"Insured","Fully insured 30-34, men",2018,0.896966470152847,0.889713271556301,NA,NA,"calibrated","rate",0.00725319859654627,0.815228774081223,NA
"Insured","Fully insured 35-39, men",2018,0.892368449845991,0.892337953649206,NA,NA,"calibrated","rate",3.04961967858564e-05,0.00341756132429261,NA
"Insured","Fully insured 40-44, men",2018,0.899779135230078,0.894027968916262,NA,NA,"calibrated","rate",0.00575116631381689,0.643287068612453,NA
"Insured","Fully insured 45-49, men",2018,0.915710835335171,0.912303757069439,NA,NA,"calibrated","rate",0.00340707826573239,0.373458756398937,NA
"Insured","Fully insured 50-54, men",2018,0.928960229106088,0.929868593650709,NA,NA,"calibrated","rate",-0.000908364544621731,-0.0976874099011593,NA
"Insured","Fully insured 55-59, men",2018,0.929302353501372,0.928568345564538,NA,NA,"calibrated","rate",0.000734007936834091,0.0790472710318291,NA
"Insured","Fully insured 60-64, men",2018,0.921532247538662,0.921453738582173,NA,NA,"calibrated","rate",7.85089564894204e-05,0.00852011915544182,NA
"Insured","Fully insured 25-29, men",2019,0.88954571903204,0.893257981440261,NA,NA,"calibrated","rate",-0.00371226240822164,-0.415586816502456,NA
"Insured","Fully insured 30-34, men",2019,0.900603397559735,0.898035033514077,NA,NA,"calibrated","rate",0.00256836404565719,0.285998201607685,NA
"Insured","Fully insured 35-39, men",2019,0.891650975226362,0.895320039883155,NA,NA,"calibrated","rate",-0.00366906465679284,-0.409804817646175,NA
"Insured","Fully insured 40-44, men",2019,0.900277121762474,0.89572581695852,NA,NA,"calibrated","rate",0.00455130480395349,0.508113612199734,NA
"Insured","Fully insured 45-49, men",2019,0.913557622021343,0.910289451224684,NA,NA,"calibrated","rate",0.00326817079665931,0.359025449790984,NA
"Insured","Fully insured 50-54, men",2019,0.926595975446737,0.925595398826548,NA,NA,"calibrated","rate",0.00100057662018949,0.108100863666571,NA
"Insured","Fully insured 55-59, men",2019,0.928627575949125,0.929722350525307,NA,NA,"calibrated","rate",-0.00109477457618123,-0.117752851220865,NA
"Insured","Fully insured 60-64, men",2019,0.918719229292675,0.920653563496724,NA,NA,"calibrated","rate",-0.00193433420404909,-0.210104460651006,NA
"Insured","Fully insured 25-29, men",2020,0.894468751593851,0.899180467816288,NA,NA,"calibrated","rate",-0.00471171622243738,-0.524001175634969,NA
"Insured","Fully insured 30-34, men",2020,0.905179169042603,0.90360981248453,NA,NA,"calibrated","rate",0.00156935655807267,0.173676351937524,NA
"Insured","Fully insured 35-39, men",2020,0.893160685988693,0.896501460908737,NA,NA,"calibrated","rate",-0.00334077492004392,-0.372645786506309,NA
"Insured","Fully insured 40-44, men",2020,0.90113274401295,0.896124897372541,NA,NA,"calibrated","rate",0.0050078466404091,0.558833557140548,NA
"Insured","Fully insured 45-49, men",2020,0.911589124418982,0.907130034213276,NA,NA,"calibrated","rate",0.00445909020570578,0.491560199478247,NA
"Insured","Fully insured 50-54, men",2020,0.924585256619921,0.921691782492443,NA,NA,"calibrated","rate",0.00289347412747809,0.313930771917437,NA
"Insured","Fully insured 55-59, men",2020,0.927542293720434,0.93090538123546,NA,NA,"calibrated","rate",-0.00336308751502545,-0.361270606316844,NA
"Insured","Fully insured 60-64, men",2020,0.917355785327838,0.920920244584965,NA,NA,"calibrated","rate",-0.00356445925712734,-0.387054066634596,NA
"Insured","Fully insured 25-29, men",2021,0.893599777522744,0.904435158956296,NA,NA,"calibrated","rate",-0.0108353814335519,-1.19802744577685,NA
"Insured","Fully insured 30-34, men",2021,0.90621683629289,0.907434880841889,NA,NA,"calibrated","rate",-0.00121804454899832,-0.134229416866616,NA
"Insured","Fully insured 35-39, men",2021,0.893554001032363,0.89834715786408,NA,NA,"calibrated","rate",-0.00479315683171744,-0.53355284644232,NA
"Insured","Fully insured 40-44, men",2021,0.90100693408957,0.900397382597763,NA,NA,"calibrated","rate",0.000609551491807303,0.0676980523920179,NA
"Insured","Fully insured 45-49, men",2021,0.908941523142855,0.905327469306947,NA,NA,"calibrated","rate",0.00361405383590818,0.399198517490573,NA
"Insured","Fully insured 50-54, men",2021,0.922405094205958,0.919231147671974,NA,NA,"calibrated","rate",0.00317394653398373,0.34528274439154,NA
"Insured","Fully insured 55-59, men",2021,0.925791640162821,0.9315837542441,NA,NA,"calibrated","rate",-0.00579211408127911,-0.621749150829587,NA
"Insured","Fully insured 60-64, men",2021,0.916570384834985,0.921907971311197,NA,NA,"calibrated","rate",-0.00533758647621196,-0.578971724110433,NA
"Insured","Fully insured 25-29, men",2022,0.892068354473737,0.90238902076826,NA,NA,"calibrated","rate",-0.0103206662945227,-1.14370477222074,NA
"Insured","Fully insured 30-34, men",2022,0.905807462766698,0.903727871304548,NA,NA,"calibrated","rate",0.00207959146214964,0.230112573505981,NA
"Insured","Fully insured 35-39, men",2022,0.894264897188121,0.893818769865938,NA,NA,"calibrated","rate",0.000446127322182188,0.049912503207894,NA
"Insured","Fully insured 40-44, men",2022,0.900137632438211,0.898740551261653,NA,NA,"calibrated","rate",0.00139708117655868,0.155448774910338,NA
"Insured","Fully insured 45-49, men",2022,0.907488582839832,0.899472474778077,NA,NA,"calibrated","rate",0.00801610806175512,0.891201041336243,NA
"Insured","Fully insured 50-54, men",2022,0.920219867462439,0.914269612579198,NA,NA,"calibrated","rate",0.0059502548832403,0.650820589612988,NA
"Insured","Fully insured 55-59, men",2022,0.923096219784455,0.928057578075274,NA,NA,"calibrated","rate",-0.00496135829081978,-0.534595956978157,NA
"Insured","Fully insured 60-64, men",2022,0.916151627402367,0.92348227345063,NA,NA,"calibrated","rate",-0.00733064604826283,-0.79380473876034,NA
"Insured","Fully insured 25-29, men",2023,0.896495298100393,0.889717757187637,NA,NA,"out of sample","rate",0.00677754091275629,0.76176302630846,NA
"Insured","Fully insured 30-34, men",2023,0.908339692845034,0.895439879857273,NA,NA,"out of sample","rate",0.0128998129877611,1.44061184652813,NA
"Insured","Fully insured 35-39, men",2023,0.898582357326636,0.889731389091645,NA,NA,"out of sample","rate",0.00885096823499043,0.994791050816657,NA
"Insured","Fully insured 40-44, men",2023,0.902976178710224,0.894192217144757,NA,NA,"out of sample","rate",0.00878396156546646,0.982334826567222,NA
"Insured","Fully insured 45-49, men",2023,0.910977564765513,0.894058173463554,NA,NA,"out of sample","rate",0.0169193913019592,1.89242622059076,NA
"Insured","Fully insured 50-54, men",2023,0.921429507436068,0.909142771945821,NA,NA,"out of sample","rate",0.0122867354902466,1.35146380407882,NA
"Insured","Fully insured 55-59, men",2023,0.925591657758875,0.924121678064816,NA,NA,"out of sample","rate",0.00146997969405838,0.159067764445986,NA
"Insured","Fully insured 60-64, men",2023,0.919642269655861,0.923729755420713,NA,NA,"out of sample","rate",-0.00408748576485163,-0.442498007763104,NA
"Insured","Fully insured 25-29, men",2024,0.899194779382178,0.881700534979151,NA,NA,"out of sample","rate",0.0174942444030264,1.98414809892795,NA
"Insured","Fully insured 30-34, men",2024,0.909983135255181,0.891840400418936,NA,NA,"out of sample","rate",0.0181427348362451,2.03430286716353,NA
"Insured","Fully insured 35-39, men",2024,0.901461315919952,0.887544077949726,NA,NA,"out of sample","rate",0.0139172379702258,1.56806161135967,NA
"Insured","Fully insured 40-44, men",2024,0.90431339622678,0.89040821276773,NA,NA,"out of sample","rate",0.0139051834590493,1.56166388176349,NA
"Insured","Fully insured 45-49, men",2024,0.914375477808678,0.890608422177044,NA,NA,"out of sample","rate",0.0237670556316339,2.66863135804809,NA
"Insured","Fully insured 50-54, men",2024,0.923429166765758,0.90425426396873,NA,NA,"out of sample","rate",0.0191749027970277,2.12052113670662,NA
"Insured","Fully insured 55-59, men",2024,0.927429157892791,0.919052342705148,NA,NA,"out of sample","rate",0.00837681518764277,0.911462252844752,NA
"Insured","Fully insured 60-64, men",2024,0.922541502663385,0.923753917808131,NA,NA,"out of sample","rate",-0.00121241514474524,-0.131248714768328,NA
"Insured","Fully insured 25-29, men",2025,0.903124913341031,0.888225934115026,NA,NA,"out of sample","rate",0.0148989792260051,1.67738619801161,NA
"Insured","Fully insured 30-34, men",2025,0.913528245825353,0.899227156080981,NA,NA,"out of sample","rate",0.0143010897443721,1.59037565176514,NA
"Insured","Fully insured 35-39, men",2025,0.905812805759379,0.893031643768017,NA,NA,"out of sample","rate",0.0127811619913621,1.43121042580685,NA
"Insured","Fully insured 40-44, men",2025,0.907270360750406,0.891372441185987,NA,NA,"out of sample","rate",0.0158979195644191,1.7835327669842,NA
"Insured","Fully insured 45-49, men",2025,0.917165555575702,0.891293827233364,NA,NA,"out of sample","rate",0.0258717283423384,2.9027159789321,NA
"Insured","Fully insured 50-54, men",2025,0.925367039365178,0.902018333507632,NA,NA,"out of sample","rate",0.0233487058575462,2.58849570903412,NA
"Insured","Fully insured 55-59, men",2025,0.929139369821699,0.915526731325052,NA,NA,"out of sample","rate",0.0136126384966465,1.48686412213708,NA
"Insured","Fully insured 60-64, men",2025,0.925677905446217,0.924051190892675,NA,NA,"out of sample","rate",0.00162671455354169,0.176041605657162,NA
"Insured","Fully insured 25-29, women",1990,0.893678746642443,0.891863607370398,NA,NA,"in sample","rate",0.00181513927204524,0.203522069635409,NA
"Insured","Fully insured 30-34, women",1990,0.918713058966315,0.888660616630702,NA,NA,"in sample","rate",0.0300524423356138,3.38176822210887,NA
"Insured","Fully insured 35-39, women",1990,0.891105198920437,0.872039432307274,NA,NA,"in sample","rate",0.0190657666131636,2.18634225779433,NA
"Insured","Fully insured 40-44, women",1990,0.866870525944078,0.84150379542103,NA,NA,"in sample","rate",0.0253667305230477,3.01445230087833,NA
"Insured","Fully insured 45-49, women",1990,0.812101549139976,0.79348403862324,NA,NA,"in sample","rate",0.0186175105167359,2.34629930918822,NA
"Insured","Fully insured 50-54, women",1990,0.758704368701076,0.746166579436435,NA,NA,"in sample","rate",0.0125377892646404,1.68029359799389,NA
"Insured","Fully insured 55-59, women",1990,0.716900508830159,0.699862324208774,NA,NA,"in sample","rate",0.0170381846213852,2.43450519223871,NA
"Insured","Fully insured 60-64, women",1990,0.698528087094548,0.674522777316558,NA,NA,"in sample","rate",0.0240053097779898,3.55885828992901,NA
"Insured","Fully insured 25-29, women",1991,0.897127887960035,0.889368788504829,NA,NA,"in sample","rate",0.00775909945520636,0.872427676290588,NA
"Insured","Fully insured 30-34, women",1991,0.916378109466127,0.891317645701149,NA,NA,"in sample","rate",0.0250604637649783,2.81161984011487,NA
"Insured","Fully insured 35-39, women",1991,0.890050270153628,0.876755348319278,NA,NA,"in sample","rate",0.0132949218343498,1.51637761432946,NA
"Insured","Fully insured 40-44, women",1991,0.872554083304992,0.851696074658824,NA,NA,"in sample","rate",0.0208580086461678,2.44899668635001,NA
"Insured","Fully insured 45-49, women",1991,0.821496355279746,0.80353024211983,NA,NA,"in sample","rate",0.0179661131599158,2.23589757026674,NA
"Insured","Fully insured 50-54, women",1991,0.764522298416558,0.758630331454563,NA,NA,"in sample","rate",0.00589196696199479,0.776658501209382,NA
"Insured","Fully insured 55-59, women",1991,0.724353807659309,0.705972840746554,NA,NA,"in sample","rate",0.0183809669127551,2.60363654971736,NA
"Insured","Fully insured 60-64, women",1991,0.697404319481952,0.679769646540928,NA,NA,"in sample","rate",0.0176346729410249,2.59421305890322,NA
"Insured","Fully insured 25-29, women",1992,0.903625285240132,0.886325345567136,NA,NA,"in sample","rate",0.0172999396729963,1.95187238631052,NA
"Insured","Fully insured 30-34, women",1992,0.918185368439184,0.891513343683056,NA,NA,"in sample","rate",0.0266720247561281,2.99176955063167,NA
"Insured","Fully insured 35-39, women",1992,0.891173640019947,0.879896132083489,NA,NA,"in sample","rate",0.0112775079364584,1.28168627241885,NA
"Insured","Fully insured 40-44, women",1992,0.877501051596136,0.859450348100884,NA,NA,"in sample","rate",0.0180507034952518,2.10026135135535,NA
"Insured","Fully insured 45-49, women",1992,0.833674613803319,0.815241936636098,NA,NA,"in sample","rate",0.0184326771672206,2.26100698932132,NA
"Insured","Fully insured 50-54, women",1992,0.773324206299181,0.76932092493784,NA,NA,"in sample","rate",0.00400328136134154,0.520365588868521,NA
"Insured","Fully insured 55-59, women",1992,0.732926090795493,0.714284580500666,NA,NA,"in sample","rate",0.0186415102948269,2.6098155838336,NA
"Insured","Fully insured 60-64, women",1992,0.69830323864174,0.683811452678888,NA,NA,"in sample","rate",0.0144917859628526,2.11926634251003,NA
"Insured","Fully insured 25-29, women",1993,0.905407100061251,0.883772829448335,NA,NA,"in sample","rate",0.0216342706129159,2.44794475367842,NA
"Insured","Fully insured 30-34, women",1993,0.919908408349344,0.890989112099104,NA,NA,"in sample","rate",0.0289192962502405,3.24575192418555,NA
"Insured","Fully insured 35-39, women",1993,0.894268719367636,0.881792485192297,NA,NA,"in sample","rate",0.0124762341753389,1.41487190975755,NA
"Insured","Fully insured 40-44, women",1993,0.881357588632749,0.866360019853334,NA,NA,"in sample","rate",0.0149975687794145,1.73110120916631,NA
"Insured","Fully insured 45-49, women",1993,0.844607768221773,0.827337081597576,NA,NA,"in sample","rate",0.0172706866241965,2.08750302728449,NA
"Insured","Fully insured 50-54, women",1993,0.782487407141209,0.780429275246082,NA,NA,"in sample","rate",0.00205813189512671,0.26371792555806,NA
"Insured","Fully insured 55-59, women",1993,0.74268975399132,0.723041870760101,NA,NA,"in sample","rate",0.0196478832312196,2.71739217682714,NA
"Insured","Fully insured 60-64, women",1993,0.702376624381687,0.689981010530524,NA,NA,"in sample","rate",0.0123956138511628,1.7965152173727,NA
"Insured","Fully insured 25-29, women",1994,0.902836324931493,0.881543117955883,NA,NA,"in sample","rate",0.0212932069756102,2.41544702033234,NA
"Insured","Fully insured 30-34, women",1994,0.921441397149049,0.890368110880859,NA,NA,"in sample","rate",0.0310732862681895,3.48993701464084,NA
"Insured","Fully insured 35-39, women",1994,0.897207516162097,0.884142672161005,NA,NA,"in sample","rate",0.0130648440010919,1.47768504026156,NA
"Insured","Fully insured 40-44, women",1994,0.885741483496566,0.870501070478411,NA,NA,"in sample","rate",0.0152404130181553,1.7507632712938,NA
"Insured","Fully insured 45-49, women",1994,0.854680097467599,0.837835061768798,NA,NA,"in sample","rate",0.0168450356988006,2.01054318056804,NA
"Insured","Fully insured 50-54, women",1994,0.792021718686265,0.789701188928912,NA,NA,"in sample","rate",0.00232052975735242,0.293849089995657,NA
"Insured","Fully insured 55-59, women",1994,0.751289996199984,0.734148492094288,NA,NA,"in sample","rate",0.0171415041056961,2.3348824236902,NA
"Insured","Fully insured 60-64, women",1994,0.707874436972568,0.697266521347934,NA,NA,"in sample","rate",0.0106079156246336,1.52135737194534,NA
"Insured","Fully insured 25-29, women",1995,0.899836612051546,0.882037427784866,NA,NA,"in sample","rate",0.0177991842666796,2.01796247029791,NA
"Insured","Fully insured 30-34, women",1995,0.921202096798505,0.888755624539454,NA,NA,"in sample","rate",0.0324464722590511,3.65077546213726,NA
"Insured","Fully insured 35-39, women",1995,0.90005714435173,0.886576938181542,NA,NA,"in sample","rate",0.0134802061701874,1.52047787277623,NA
"Insured","Fully insured 40-44, women",1995,0.889631263250081,0.874971654080842,NA,NA,"in sample","rate",0.0146596091692387,1.67543818143898,NA
"Insured","Fully insured 45-49, women",1995,0.863988342041768,0.846597382867797,NA,NA,"in sample","rate",0.0173909591739714,2.05421839541491,NA
"Insured","Fully insured 50-54, women",1995,0.800402943200175,0.798671499429364,NA,NA,"in sample","rate",0.00173144377081091,0.216790479195517,NA
"Insured","Fully insured 55-59, women",1995,0.760702076237472,0.746125040092974,NA,NA,"in sample","rate",0.0145770361444975,1.95369882542489,NA
"Insured","Fully insured 60-64, women",1995,0.714981152709041,0.702871459307963,NA,NA,"in sample","rate",0.0121096934010775,1.72288876446918,NA
"Insured","Fully insured 25-29, women",1996,0.89841734496612,0.883266212111262,NA,NA,"in sample","rate",0.0151511328548578,1.71535293064615,NA
"Insured","Fully insured 30-34, women",1996,0.919873736467586,0.887143530201358,NA,NA,"in sample","rate",0.0327302062662282,3.68939243222564,NA
"Insured","Fully insured 35-39, women",1996,0.901022365718454,0.888505687454003,NA,NA,"in sample","rate",0.0125166782644507,1.40873361208491,NA
"Insured","Fully insured 40-44, women",1996,0.893059948446198,0.878040734388605,NA,NA,"in sample","rate",0.0150192140575927,1.71053727570518,NA
"Insured","Fully insured 45-49, women",1996,0.872554319211228,0.855155958280288,NA,NA,"in sample","rate",0.0173983609309392,2.03452490302787,NA
"Insured","Fully insured 50-54, women",1996,0.81244501017361,0.808080650985107,NA,NA,"in sample","rate",0.00436435918850364,0.540089554573941,NA
"Insured","Fully insured 55-59, women",1996,0.768760675707018,0.758727670072837,NA,NA,"in sample","rate",0.0100330056341809,1.32234608409862,NA
"Insured","Fully insured 60-64, women",1996,0.724505941888306,0.710398935412514,NA,NA,"in sample","rate",0.0141070064757922,1.98578654507704,NA
"Insured","Fully insured 25-29, women",1997,0.89094791571033,0.885795830100906,NA,NA,"in sample","rate",0.00515208560942482,0.581633536120618,NA
"Insured","Fully insured 30-34, women",1997,0.914109927488143,0.88712059636069,NA,NA,"in sample","rate",0.0269893311274528,3.04235199116933,NA
"Insured","Fully insured 35-39, women",1997,0.897958860374198,0.890509367569581,NA,NA,"in sample","rate",0.00744949280461693,0.836542890609726,NA
"Insured","Fully insured 40-44, women",1997,0.893821536675492,0.881413265631624,NA,NA,"in sample","rate",0.0124082710438678,1.40776994489367,NA
"Insured","Fully insured 45-49, women",1997,0.877923845942341,0.862472802355708,NA,NA,"in sample","rate",0.0154510435866326,1.79148183507127,NA
"Insured","Fully insured 50-54, women",1997,0.824992180499201,0.818429812402737,NA,NA,"in sample","rate",0.00656236809646371,0.801824175636767,NA
"Insured","Fully insured 55-59, women",1997,0.777876596846643,0.769084057363532,NA,NA,"in sample","rate",0.00879253948311154,1.14324817930214,NA
"Insured","Fully insured 60-64, women",1997,0.732163194488216,0.718336222794742,NA,NA,"in sample","rate",0.0138269716934736,1.92486070654752,NA
"Insured","Fully insured 25-29, women",1998,0.889024162327085,0.887802068439374,NA,NA,"in sample","rate",0.00122209388771066,0.137653868036036,NA
"Insured","Fully insured 30-34, women",1998,0.908453531456367,0.887283946932844,NA,NA,"in sample","rate",0.0211695845235231,2.38588611872241,NA
"Insured","Fully insured 35-39, women",1998,0.894845451463768,0.892773526803175,NA,NA,"in sample","rate",0.00207192466059292,0.232077296020639,NA
"Insured","Fully insured 40-44, women",1998,0.89411048323775,0.883613969580427,NA,NA,"in sample","rate",0.0104965136573228,1.18790716519648,NA
"Insured","Fully insured 45-49, women",1998,0.881204046247152,0.868545794177061,NA,NA,"in sample","rate",0.0126582520700912,1.45740756042516,NA
"Insured","Fully insured 50-54, women",1998,0.83646939661757,0.829668045843918,NA,NA,"in sample","rate",0.00680135077365274,0.819767714054187,NA
"Insured","Fully insured 55-59, women",1998,0.787732728136345,0.780412965323818,NA,NA,"in sample","rate",0.00731976281252655,0.937934547190578,NA
"Insured","Fully insured 60-64, women",1998,0.740828237875622,0.729219768607764,NA,NA,"in sample","rate",0.0116084692678581,1.5919027113076,NA
"Insured","Fully insured 25-29, women",1999,0.884989377974283,0.890655381612285,NA,NA,"in sample","rate",-0.00566600363800185,-0.636161163450799,NA
"Insured","Fully insured 30-34, women",1999,0.902205623045601,0.887441809880231,NA,NA,"in sample","rate",0.0147638131653702,1.66363732258261,NA
"Insured","Fully insured 35-39, women",1999,0.891460080263187,0.893880690396414,NA,NA,"in sample","rate",-0.00242061013322703,-0.270797899454966,NA
"Insured","Fully insured 40-44, women",1999,0.893344208683098,0.887231843649741,NA,NA,"in sample","rate",0.00611236503335721,0.688925344272273,NA
"Insured","Fully insured 45-49, women",1999,0.88359779738279,0.873245676955702,NA,NA,"in sample","rate",0.0103521204270879,1.18547628694565,NA
"Insured","Fully insured 50-54, women",1999,0.846957272733192,0.839129553413681,NA,NA,"in sample","rate",0.00782771931951076,0.932837997144387,NA
"Insured","Fully insured 55-59, women",1999,0.797933251341366,0.789771335404714,NA,NA,"in sample","rate",0.00816191593665183,1.03345304783304,NA
"Insured","Fully insured 60-64, women",1999,0.748582791596095,0.739283109009413,NA,NA,"in sample","rate",0.00929968258668223,1.25793251236905,NA
"Insured","Fully insured 25-29, women",2000,0.883977134634309,0.893570165717031,NA,NA,"in sample","rate",-0.00959303108272214,-1.07356214998789,NA
"Insured","Fully insured 30-34, women",2000,0.900353580954367,0.888811067512479,NA,NA,"in sample","rate",0.0115425134418888,1.29864645747413,NA
"Insured","Fully insured 35-39, women",2000,0.889730619785815,0.894602678061912,NA,NA,"in sample","rate",-0.00487205827609716,-0.544605822849997,NA
"Insured","Fully insured 40-44, women",2000,0.894448686472034,0.891507406006639,NA,NA,"in sample","rate",0.00294128046539488,0.329922157188789,NA
"Insured","Fully insured 45-49, women",2000,0.887078408667389,0.878721948692354,NA,NA,"in sample","rate",0.00835645997503498,0.950978860545182,NA
"Insured","Fully insured 50-54, women",2000,0.856430767522136,0.847874702151619,NA,NA,"in sample","rate",0.00855606537051778,1.00911907724164,NA
"Insured","Fully insured 55-59, women",2000,0.80948712307505,0.797814505485705,NA,NA,"in sample","rate",0.0116726175893456,1.46307412425892,NA
"Insured","Fully insured 60-64, women",2000,0.759183944531424,0.750939232135872,NA,NA,"in sample","rate",0.00824471239555213,1.09792005034841,NA
"Insured","Fully insured 25-29, women",2001,0.882615333214962,0.894615204422617,NA,NA,"in sample","rate",-0.0119998712076551,-1.34134442923981,NA
"Insured","Fully insured 30-34, women",2001,0.896985237658161,0.888680938508459,NA,NA,"in sample","rate",0.00830429914970221,0.934452264008256,NA
"Insured","Fully insured 35-39, women",2001,0.887525472611549,0.893465140680376,NA,NA,"in sample","rate",-0.00593966806882751,-0.664790129842607,NA
"Insured","Fully insured 40-44, women",2001,0.894542621306508,0.89491666909081,NA,NA,"in sample","rate",-0.000374047784302611,-0.0417969401198648,NA
"Insured","Fully insured 45-49, women",2001,0.890096147445685,0.883039688037129,NA,NA,"in sample","rate",0.00705645940855559,0.799110108430234,NA
"Insured","Fully insured 50-54, women",2001,0.863957938171928,0.856360756616727,NA,NA,"in sample","rate",0.00759718155520128,0.887147326229187,NA
"Insured","Fully insured 55-59, women",2001,0.822482210562843,0.806391835737693,NA,NA,"in sample","rate",0.0160903748251496,1.99535438133871,NA
"Insured","Fully insured 60-64, women",2001,0.768677454007636,0.761163791121999,NA,NA,"in sample","rate",0.00751366288563693,0.987128259814019,NA
"Insured","Fully insured 25-29, women",2002,0.885417393855632,0.893556190615723,NA,NA,"in sample","rate",-0.00813879676009122,-0.910832116163063,NA
"Insured","Fully insured 30-34, women",2002,0.893943643947732,0.889180010301746,NA,NA,"in sample","rate",0.00476363364598642,0.535733326300236,NA
"Insured","Fully insured 35-39, women",2002,0.885601682058474,0.892257905084308,NA,NA,"in sample","rate",-0.0066562230258338,-0.745997652461805,NA
"Insured","Fully insured 40-44, women",2002,0.892709831525335,0.897670603441359,NA,NA,"in sample","rate",-0.00496077191602362,-0.55262719944329,NA
"Insured","Fully insured 45-49, women",2002,0.892955158606258,0.886425135842952,NA,NA,"in sample","rate",0.00653002276330639,0.736669403795354,NA
"Insured","Fully insured 50-54, women",2002,0.86948972915105,0.864395716831019,NA,NA,"in sample","rate",0.00509401232003071,0.589314849766498,NA
"Insured","Fully insured 55-59, women",2002,0.835654155815622,0.81787938580667,NA,NA,"in sample","rate",0.017774770008952,2.17327521849946,NA
"Insured","Fully insured 60-64, women",2002,0.78135022333139,0.771683601453094,NA,NA,"in sample","rate",0.00966662187829603,1.25266648923128,NA
"Insured","Fully insured 25-29, women",2003,0.888329175141256,0.8948540716801,NA,NA,"in sample","rate",-0.00652489653884403,-0.729157607406694,NA
"Insured","Fully insured 30-34, women",2003,0.892237434343281,0.888404621144633,NA,NA,"in sample","rate",0.00383281319864781,0.431426526542555,NA
"Insured","Fully insured 35-39, women",2003,0.884039940753234,0.891183911560034,NA,NA,"in sample","rate",-0.00714397080680018,-0.801626994622751,NA
"Insured","Fully insured 40-44, women",2003,0.890549406746615,0.90023756649589,NA,NA,"in sample","rate",-0.0096881597492755,-1.07617812340203,NA
"Insured","Fully insured 45-49, women",2003,0.895339767372198,0.889519851801358,NA,NA,"in sample","rate",0.00581991557083983,0.654276074789562,NA
"Insured","Fully insured 50-54, women",2003,0.873750862586314,0.870787836656045,NA,NA,"in sample","rate",0.00296302593026843,0.340269558845341,NA
"Insured","Fully insured 55-59, women",2003,0.848903238158861,0.829392205268231,NA,NA,"in sample","rate",0.0195110328906294,2.35244951263069,NA
"Insured","Fully insured 60-64, women",2003,0.793371784388694,0.782839310249337,NA,NA,"in sample","rate",0.010532474139357,1.34541967955113,NA
"Insured","Fully insured 25-29, women",2004,0.887972560032963,0.894049364713978,NA,NA,"in sample","rate",-0.00607680468101457,-0.679694535990039,NA
"Insured","Fully insured 30-34, women",2004,0.88984646236005,0.88693843096725,NA,NA,"in sample","rate",0.00290803139280016,0.327872971929843,NA
"Insured","Fully insured 35-39, women",2004,0.882503881559387,0.888595173344997,NA,NA,"in sample","rate",-0.00609129178561019,-0.685496834591204,NA
"Insured","Fully insured 40-44, women",2004,0.887731923706117,0.900912590769049,NA,NA,"in sample","rate",-0.013180667062932,-1.46303506000294,NA
"Insured","Fully insured 45-49, women",2004,0.896444957316395,0.893161735407714,NA,NA,"in sample","rate",0.00328322190868113,0.367595450916003,NA
"Insured","Fully insured 50-54, women",2004,0.87829201885284,0.875662780194852,NA,NA,"in sample","rate",0.00262923865798759,0.300256984475533,NA
"Insured","Fully insured 55-59, women",2004,0.859603250540765,0.839398674916561,NA,NA,"in sample","rate",0.0202045756242043,2.40702972591811,NA
"Insured","Fully insured 60-64, women",2004,0.8049643802778,0.792651953666437,NA,NA,"in sample","rate",0.0123124266113633,1.55332066670772,NA
"Insured","Fully insured 25-29, women",2005,0.886233613480208,0.891647323907869,NA,NA,"in sample","rate",-0.00541371042766137,-0.607158265662078,NA
"Insured","Fully insured 30-34, women",2005,0.885560358736972,0.883305565066538,NA,NA,"in sample","rate",0.00225479367043424,0.255267685341076,NA
"Insured","Fully insured 35-39, women",2005,0.881086529337079,0.884633201373349,NA,NA,"in sample","rate",-0.00354667203626957,-0.400920068426502,NA
"Insured","Fully insured 40-44, women",2005,0.885408494165996,0.897305077188026,NA,NA,"in sample","rate",-0.0118965830220299,-1.32581251621928,NA
"Insured","Fully insured 45-49, women",2005,0.896328654210042,0.895778897511025,NA,NA,"in sample","rate",0.000549756699016801,0.0613719189572759,NA
"Insured","Fully insured 50-54, women",2005,0.882611081770941,0.879990662496989,NA,NA,"in sample","rate",0.00262041927395273,0.297778077157917,NA
"Insured","Fully insured 55-59, women",2005,0.866321176265156,0.847057102446452,NA,NA,"in sample","rate",0.0192640738187049,2.27423555779969,NA
"Insured","Fully insured 60-64, women",2005,0.815755624117994,0.803688960931707,NA,NA,"in sample","rate",0.0120666631862869,1.50140959660541,NA
"Insured","Fully insured 25-29, women",2006,0.882398106565339,0.888952120514734,NA,NA,"in sample","rate",-0.0065540139493957,-0.737274122885345,NA
"Insured","Fully insured 30-34, women",2006,0.881360105406998,0.882269551539645,NA,NA,"in sample","rate",-0.000909446132647096,-0.103080303639635,NA
"Insured","Fully insured 35-39, women",2006,0.878012266769727,0.883407305447338,NA,NA,"in sample","rate",-0.00539503867761038,-0.610707953663392,NA
"Insured","Fully insured 40-44, women",2006,0.882782325806778,0.89525498848761,NA,NA,"in sample","rate",-0.0124726626808312,-1.39319666924189,NA
"Insured","Fully insured 45-49, women",2006,0.894936136526737,0.898412632338692,NA,NA,"in sample","rate",-0.00347649581195519,-0.386959809648424,NA
"Insured","Fully insured 50-54, women",2006,0.885559554561509,0.883899063029579,NA,NA,"in sample","rate",0.00166049153192926,0.187859858821193,NA
"Insured","Fully insured 55-59, women",2006,0.870322739130889,0.854869237788276,NA,NA,"in sample","rate",0.0154535013426131,1.80770352464601,NA
"Insured","Fully insured 60-64, women",2006,0.828593334073158,0.812305775779774,NA,NA,"in sample","rate",0.0162875582933837,2.00510186915124,NA
"Insured","Fully insured 25-29, women",2007,0.878509452134998,0.890478584954828,NA,NA,"in sample","rate",-0.01196913281983,-1.34412360073063,NA
"Insured","Fully insured 30-34, women",2007,0.879471756037224,0.887087175751656,NA,NA,"in sample","rate",-0.00761541971443247,-0.858474783831664,NA
"Insured","Fully insured 35-39, women",2007,0.874555667109985,0.887975011587521,NA,NA,"in sample","rate",-0.0134193444775357,-1.51122996733259,NA
"Insured","Fully insured 40-44, women",2007,0.880675096442147,0.896168966708871,NA,NA,"in sample","rate",-0.0154938702667234,-1.72890055807486,NA
"Insured","Fully insured 45-49, women",2007,0.892573175753384,0.902519859176981,NA,NA,"in sample","rate",-0.00994668342359761,-1.10210133577205,NA
"Insured","Fully insured 50-54, women",2007,0.888065073247042,0.888818835004928,NA,NA,"in sample","rate",-0.000753761757886329,-0.0848048812874369,NA
"Insured","Fully insured 55-59, women",2007,0.871967810546565,0.862771931628919,NA,NA,"in sample","rate",0.00919587891764606,1.06585281469278,NA
"Insured","Fully insured 60-64, women",2007,0.841952018916283,0.822623291209157,NA,NA,"in sample","rate",0.019328727707126,2.34964508222411,NA
"Insured","Fully insured 25-29, women",2008,0.875170258896135,0.898478748428994,NA,NA,"in sample","rate",-0.0233084895328584,-2.59421712239869,NA
"Insured","Fully insured 30-34, women",2008,0.87852679618743,0.895496860263396,NA,NA,"in sample","rate",-0.0169700640759656,-1.89504450869589,NA
"Insured","Fully insured 35-39, women",2008,0.870524099325358,0.892705035818887,NA,NA,"in sample","rate",-0.0221809364935297,-2.48468817846232,NA
"Insured","Fully insured 40-44, women",2008,0.878385952161552,0.898520787103835,NA,NA,"in sample","rate",-0.0201348349422827,-2.24088693675998,NA
"Insured","Fully insured 45-49, women",2008,0.890031414852451,0.905990501526334,NA,NA,"in sample","rate",-0.0159590866738837,-1.76150706293247,NA
"Insured","Fully insured 50-54, women",2008,0.889508982840309,0.893259906160354,NA,NA,"in sample","rate",-0.00375092332004534,-0.41991399078557,NA
"Insured","Fully insured 55-59, women",2008,0.872803575907427,0.869628718421318,NA,NA,"in sample","rate",0.00317485748610935,0.365081950360713,NA
"Insured","Fully insured 60-64, women",2008,0.853745846415965,0.831397851101476,NA,NA,"in sample","rate",0.0223479953144886,2.68800253511372,NA
"Insured","Fully insured 25-29, women",2009,0.876010792267613,0.90041291040465,NA,NA,"in sample","rate",-0.0244021181370375,-2.7101030932654,NA
"Insured","Fully insured 30-34, women",2009,0.881319056050663,0.897972275695242,NA,NA,"in sample","rate",-0.0166532196445784,-1.85453605810769,NA
"Insured","Fully insured 35-39, women",2009,0.869635154409846,0.894782755366688,NA,NA,"in sample","rate",-0.0251476009568423,-2.81047000582132,NA
"Insured","Fully insured 40-44, women",2009,0.877849771029076,0.897668287604551,NA,NA,"in sample","rate",-0.0198185165754756,-2.20777728801825,NA
"Insured","Fully insured 45-49, women",2009,0.888346842492049,0.908011448870104,NA,NA,"in sample","rate",-0.019664606378055,-2.16567824145003,NA
"Insured","Fully insured 50-54, women",2009,0.891158275038621,0.897739663696064,NA,NA,"in sample","rate",-0.00658138865744307,-0.733106592433153,NA
"Insured","Fully insured 55-59, women",2009,0.87386814658101,0.875504607470746,NA,NA,"in sample","rate",-0.00163646088973579,-0.186916308123541,NA
"Insured","Fully insured 60-64, women",2009,0.862848752811155,0.840522424613771,NA,NA,"in sample","rate",0.0223263281973841,2.65624420522073,NA
"Insured","Fully insured 25-29, women",2010,0.874821533213131,0.89571378127432,NA,NA,"in sample","rate",-0.0208922480611882,-2.33246919919721,NA
"Insured","Fully insured 30-34, women",2010,0.883982178970088,0.896003150642646,NA,NA,"in sample","rate",-0.0120209716725577,-1.34162158514016,NA
"Insured","Fully insured 35-39, women",2010,0.869066627046363,0.892263943228904,NA,NA,"in sample","rate",-0.0231973161825411,-2.59982669462078,NA
"Insured","Fully insured 40-44, women",2010,0.877792727341617,0.895334305057911,NA,NA,"in sample","rate",-0.0175415777162941,-1.95922099903895,NA
"Insured","Fully insured 45-49, women",2010,0.887474097554637,0.904668403491772,NA,NA,"in sample","rate",-0.0171943059371354,-1.90061970449837,NA
"Insured","Fully insured 50-54, women",2010,0.892240976527398,0.899141608141676,NA,NA,"in sample","rate",-0.00690063161427756,-0.767468833806906,NA
"Insured","Fully insured 55-59, women",2010,0.875757668509806,0.877285136770526,NA,NA,"in sample","rate",-0.00152746826072014,-0.174113090111505,NA
"Insured","Fully insured 60-64, women",2010,0.867631592680964,0.847106903597941,NA,NA,"in sample","rate",0.0205246890830231,2.42291604469849,NA
"Insured","Fully insured 25-29, women",2011,0.875256149204761,0.892968435890058,NA,NA,"in sample","rate",-0.0177122866852975,-1.98352886545681,NA
"Insured","Fully insured 30-34, women",2011,0.886120115195189,0.893817811156499,NA,NA,"in sample","rate",-0.00769769596131076,-0.861215324334474,NA
"Insured","Fully insured 35-39, women",2011,0.870434069089717,0.890672175029377,NA,NA,"in sample","rate",-0.0202381059396595,-2.27222838066002,NA
"Insured","Fully insured 40-44, women",2011,0.877097139973419,0.893404783131494,NA,NA,"in sample","rate",-0.016307643158075,-1.82533645061924,NA
"Insured","Fully insured 45-49, women",2011,0.886797611805902,0.901225828299512,NA,NA,"in sample","rate",-0.0144282164936096,-1.60095461543015,NA
"Insured","Fully insured 50-54, women",2011,0.892316278526273,0.900079754893064,NA,NA,"in sample","rate",-0.00776347636679053,-0.862532050586218,NA
"Insured","Fully insured 55-59, women",2011,0.878125867929231,0.880410008943607,NA,NA,"in sample","rate",-0.00228414101437535,-0.25944060053521,NA
"Insured","Fully insured 60-64, women",2011,0.86871069113385,0.852181740454224,NA,NA,"in sample","rate",0.0165289506796256,1.9396039477231,NA
"Insured","Fully insured 25-29, women",2012,0.87224826312808,0.891323071157183,NA,NA,"in sample","rate",-0.0190748080291032,-2.14005545759506,NA
"Insured","Fully insured 30-34, women",2012,0.887294687304748,0.892178440574704,NA,NA,"in sample","rate",-0.00488375326995627,-0.54739646777503,NA
"Insured","Fully insured 35-39, women",2012,0.872159446255564,0.888244317434692,NA,NA,"in sample","rate",-0.0160848711791279,-1.81086114072557,NA
"Insured","Fully insured 40-44, women",2012,0.876438192616514,0.892690155028166,NA,NA,"in sample","rate",-0.0162519624116515,-1.82056028288323,NA
"Insured","Fully insured 45-49, women",2012,0.886714692324841,0.898255603011337,NA,NA,"in sample","rate",-0.0115409106864959,-1.2848136596984,NA
"Insured","Fully insured 50-54, women",2012,0.892020835719793,0.90053411287723,NA,NA,"in sample","rate",-0.00851327715743688,-0.945358652792927,NA
"Insured","Fully insured 55-59, women",2012,0.88197877288733,0.881825219626319,NA,NA,"in sample","rate",0.000153553261010742,0.0174131174288439,NA
"Insured","Fully insured 60-64, women",2012,0.867282546148847,0.855183904106476,NA,NA,"in sample","rate",0.0120986420423712,1.41474155258012,NA
"Insured","Fully insured 25-29, women",2013,0.871461793451394,0.888508355273743,NA,NA,"calibrated","rate",-0.0170465618223494,-1.91855954096205,NA
"Insured","Fully insured 30-34, women",2013,0.888360361637359,0.889169718324927,NA,NA,"calibrated","rate",-0.000809356687567653,-0.091023869896556,NA
"Insured","Fully insured 35-39, women",2013,0.875445637280028,0.885874560162281,NA,NA,"calibrated","rate",-0.0104289228822529,-1.17724600651615,NA
"Insured","Fully insured 40-44, women",2013,0.875695223683559,0.88985234441941,NA,NA,"calibrated","rate",-0.0141571207358518,-1.5909516701997,NA
"Insured","Fully insured 45-49, women",2013,0.885931071648553,0.895749932772053,NA,NA,"calibrated","rate",-0.00981886112349994,-1.09616096683521,NA
"Insured","Fully insured 50-54, women",2013,0.892174777071769,0.90082014348401,NA,NA,"calibrated","rate",-0.00864536641224112,-0.959721701915361,NA
"Insured","Fully insured 55-59, women",2013,0.8835711903332,0.883258726114916,NA,NA,"calibrated","rate",0.000312464218283459,0.0353762956475823,NA
"Insured","Fully insured 60-64, women",2013,0.866513304513177,0.857416153599174,NA,NA,"calibrated","rate",0.00909715091400354,1.06099597911895,NA
"Insured","Fully insured 25-29, women",2014,0.874112932274775,0.882978088625584,NA,NA,"calibrated","rate",-0.00886515635080942,-1.00400638079351,NA
"Insured","Fully insured 30-34, women",2014,0.888176305692976,0.88373399232019,NA,NA,"calibrated","rate",0.00444231337278655,0.502675399089658,NA
"Insured","Fully insured 35-39, women",2014,0.87769138188084,0.881536574617794,NA,NA,"calibrated","rate",-0.00384519273695483,-0.436192081834152,NA
"Insured","Fully insured 40-44, women",2014,0.874749831802538,0.884800704212987,NA,NA,"calibrated","rate",-0.0100508724104482,-1.13594760521674,NA
"Insured","Fully insured 45-49, women",2014,0.884819072059969,0.890093558974789,NA,NA,"calibrated","rate",-0.0052744869148198,-0.592576686083979,NA
"Insured","Fully insured 50-54, women",2014,0.891994485699169,0.89902714769352,NA,NA,"calibrated","rate",-0.00703266199435104,-0.782252461718591,NA
"Insured","Fully insured 55-59, women",2014,0.883671876903242,0.884953132469455,NA,NA,"calibrated","rate",-0.00128125556621361,-0.14478230758258,NA
"Insured","Fully insured 60-64, women",2014,0.867346529967442,0.858428551465454,NA,NA,"calibrated","rate",0.00891797850198883,1.03887254061676,NA
"Insured","Fully insured 25-29, women",2015,0.877733869371373,0.88190462492747,NA,NA,"calibrated","rate",-0.00417075555609658,-0.472925919448441,NA
"Insured","Fully insured 30-34, women",2015,0.888711732368275,0.879372979212379,NA,NA,"calibrated","rate",0.0093387531558965,1.06197863439708,NA
"Insured","Fully insured 35-39, women",2015,0.879250309603491,0.877018028374829,NA,NA,"calibrated","rate",0.00223228122866226,0.254530825643218,NA
"Insured","Fully insured 40-44, women",2015,0.874006291813471,0.878898012099834,NA,NA,"calibrated","rate",-0.00489172028636253,-0.556574280407729,NA
"Insured","Fully insured 45-49, women",2015,0.883947874078104,0.885739012037718,NA,NA,"calibrated","rate",-0.00179113795961339,-0.20221960817699,NA
"Insured","Fully insured 50-54, women",2015,0.891296314622559,0.894666062731962,NA,NA,"calibrated","rate",-0.00336974810940294,-0.376648701652216,NA
"Insured","Fully insured 55-59, women",2015,0.883454527641354,0.886623123286433,NA,NA,"calibrated","rate",-0.00316859564507932,-0.357377961600447,NA
"Insured","Fully insured 60-64, women",2015,0.868935134534271,0.861545028870389,NA,NA,"calibrated","rate",0.00739010566388254,0.857773583067623,NA
"Insured","Fully insured 25-29, women",2016,0.880690757356144,0.882144842200977,NA,NA,"calibrated","rate",-0.00145408484483323,-0.164835158045618,NA
"Insured","Fully insured 30-34, women",2016,0.889892321414398,0.88031741093107,NA,NA,"calibrated","rate",0.00957491048332837,1.08766569471817,NA
"Insured","Fully insured 35-39, women",2016,0.879467412537617,0.876314238518411,NA,NA,"calibrated","rate",0.00315317401920545,0.359822296683965,NA
"Insured","Fully insured 40-44, women",2016,0.874567624786071,0.877330505770016,NA,NA,"calibrated","rate",-0.00276288098394561,-0.314919060237251,NA
"Insured","Fully insured 45-49, women",2016,0.882268200413737,0.883917925637304,NA,NA,"calibrated","rate",-0.00164972522356621,-0.186637828662284,NA
"Insured","Fully insured 50-54, women",2016,0.890160505163076,0.891308666634451,NA,NA,"calibrated","rate",-0.00114816147137442,-0.128817492116373,NA
"Insured","Fully insured 55-59, women",2016,0.883505738609136,0.887645832378864,NA,NA,"calibrated","rate",-0.0041400937697279,-0.466412798743454,NA
"Insured","Fully insured 60-64, women",2016,0.870851547364624,0.864347285104313,NA,NA,"calibrated","rate",0.00650426226031153,0.752505662064595,NA
"Insured","Fully insured 25-29, women",2017,0.885259492543321,0.885016377775954,NA,NA,"calibrated","rate",0.000243114767366381,0.0274700868222677,NA
"Insured","Fully insured 30-34, women",2017,0.892205009877138,0.881331143396894,NA,NA,"calibrated","rate",0.0108738664802442,1.23380032144709,NA
"Insured","Fully insured 35-39, women",2017,0.879311657133221,0.873934234053985,NA,NA,"calibrated","rate",0.00537742307923639,0.615312098977028,NA
"Insured","Fully insured 40-44, women",2017,0.87625084674336,0.873157474198246,NA,NA,"calibrated","rate",0.00309337254511421,0.354274301775237,NA
"Insured","Fully insured 45-49, women",2017,0.881562414886416,0.881417694310947,NA,NA,"calibrated","rate",0.000144720575468993,0.0164190685532084,NA
"Insured","Fully insured 50-54, women",2017,0.889145754347989,0.887027400286453,NA,NA,"calibrated","rate",0.00211835406153593,0.238814952148236,NA
"Insured","Fully insured 55-59, women",2017,0.882290656025916,0.887904656783983,NA,NA,"calibrated","rate",-0.00561400075806662,-0.632275179004094,NA
"Insured","Fully insured 60-64, women",2017,0.873408104159219,0.867709605013885,NA,NA,"calibrated","rate",0.00569849914533382,0.656728830982867,NA
"Insured","Fully insured 25-29, women",2018,0.88961562200896,0.890308458179042,NA,NA,"calibrated","rate",-0.000692836170082312,-0.07781978972764,NA
"Insured","Fully insured 30-34, women",2018,0.894727633688198,0.886579206173066,NA,NA,"calibrated","rate",0.00814842751513123,0.91908624276269,NA
"Insured","Fully insured 35-39, women",2018,0.878774207051918,0.873740965726298,NA,NA,"calibrated","rate",0.00503324132561977,0.576056465595132,NA
"Insured","Fully insured 40-44, women",2018,0.878435262314672,0.871823039288176,NA,NA,"calibrated","rate",0.00661222302649533,0.758436371662552,NA
"Insured","Fully insured 45-49, women",2018,0.881144445243618,0.878892631115628,NA,NA,"calibrated","rate",0.00225181412799003,0.256210377498745,NA
"Insured","Fully insured 50-54, women",2018,0.887382484448052,0.884918476792137,NA,NA,"calibrated","rate",0.00246400765591503,0.278444593545735,NA
"Insured","Fully insured 55-59, women",2018,0.882394825425687,0.887695877711588,NA,NA,"calibrated","rate",-0.00530105228590072,-0.597169866279701,NA
"Insured","Fully insured 60-64, women",2018,0.872716784716947,0.869646751041678,NA,NA,"calibrated","rate",0.00307003367526948,0.353020772122958,NA
"Insured","Fully insured 25-29, women",2019,0.892182691742637,0.897964040389589,NA,NA,"calibrated","rate",-0.00578134864695246,-0.643828526189549,NA
"Insured","Fully insured 30-34, women",2019,0.897754385119191,0.8932990952956,NA,NA,"calibrated","rate",0.004455289823591,0.498745587794058,NA
"Insured","Fully insured 35-39, women",2019,0.879042307568373,0.875971612272385,NA,NA,"calibrated","rate",0.00307069529598814,0.350547352558883,NA
"Insured","Fully insured 40-44, women",2019,0.880464454194658,0.872128677940079,NA,NA,"calibrated","rate",0.00833577625457838,0.955796600367154,NA
"Insured","Fully insured 45-49, women",2019,0.881198506485882,0.876879821871241,NA,NA,"calibrated","rate",0.00431868461464124,0.492505872175886,NA
"Insured","Fully insured 50-54, women",2019,0.886274681664081,0.88207657398665,NA,NA,"calibrated","rate",0.0041981076774309,0.475934607180073,NA
"Insured","Fully insured 55-59, women",2019,0.883764049105846,0.887504368103701,NA,NA,"calibrated","rate",-0.00374031899785443,-0.421442319866694,NA
"Insured","Fully insured 60-64, women",2019,0.869140389019478,0.872866241991687,NA,NA,"calibrated","rate",-0.00372585297220918,-0.426852682915957,NA
"Insured","Fully insured 25-29, women",2020,0.896346552474586,0.905193444857729,NA,NA,"calibrated","rate",-0.00884689238314207,-0.977348260021105,NA
"Insured","Fully insured 30-34, women",2020,0.901621336467117,0.898526034584977,NA,NA,"calibrated","rate",0.00309530188213958,0.344486610626626,NA
"Insured","Fully insured 35-39, women",2020,0.88167124098374,0.880219439427668,NA,NA,"calibrated","rate",0.00145180155607194,0.164936320540243,NA
"Insured","Fully insured 40-44, women",2020,0.882510675504244,0.874482455160543,NA,NA,"calibrated","rate",0.00802822034370132,0.918053906779348,NA
"Insured","Fully insured 45-49, women",2020,0.881779952449017,0.876517755047942,NA,NA,"calibrated","rate",0.00526219740107425,0.600352630710432,NA
"Insured","Fully insured 50-54, women",2020,0.885792624464109,0.882044418042433,NA,NA,"calibrated","rate",0.00374820642167639,0.424945313978053,NA
"Insured","Fully insured 55-59, women",2020,0.885248677054808,0.886621006306845,NA,NA,"calibrated","rate",-0.00137232925203734,-0.154781946544857,NA
"Insured","Fully insured 60-64, women",2020,0.866236678946779,0.877171443912483,NA,NA,"calibrated","rate",-0.0109347649657037,-1.24659381487967,NA
"Insured","Fully insured 25-29, women",2021,0.893714901522207,0.910597188810655,NA,NA,"calibrated","rate",-0.0168822872884475,-1.85397972845686,NA
"Insured","Fully insured 30-34, women",2021,0.900112336378133,0.902316413821927,NA,NA,"calibrated","rate",-0.00220407744379469,-0.244268796403568,NA
"Insured","Fully insured 35-39, women",2021,0.882356794473826,0.885266796015856,NA,NA,"calibrated","rate",-0.00291000154202925,-0.328714637793459,NA
"Insured","Fully insured 40-44, women",2021,0.882285836956025,0.877198822855773,NA,NA,"calibrated","rate",0.00508701410025147,0.579915746317394,NA
"Insured","Fully insured 45-49, women",2021,0.881551239247226,0.877824692044197,NA,NA,"calibrated","rate",0.00372654720302934,0.424520663043926,NA
"Insured","Fully insured 50-54, women",2021,0.884202399905765,0.883059751330975,NA,NA,"calibrated","rate",0.00114264857479041,0.129396518533231,NA
"Insured","Fully insured 55-59, women",2021,0.884091078988551,0.886035260456994,NA,NA,"calibrated","rate",-0.00194418146844311,-0.219424841787941,NA
"Insured","Fully insured 60-64, women",2021,0.863803422030095,0.880639138646085,NA,NA,"calibrated","rate",-0.01683571661599,-1.91176111498674,NA
"Insured","Fully insured 25-29, women",2022,0.890433061964768,0.908693644579967,NA,NA,"calibrated","rate",-0.0182605826151984,-2.0095422394683,NA
"Insured","Fully insured 30-34, women",2022,0.89752614135224,0.898988899528913,NA,NA,"calibrated","rate",-0.00146275817667363,-0.162711483694644,NA
"Insured","Fully insured 35-39, women",2022,0.882677048565151,0.886074554880615,NA,NA,"calibrated","rate",-0.00339750631546343,-0.383433459041282,NA
"Insured","Fully insured 40-44, women",2022,0.881553516657571,0.876772006546685,NA,NA,"calibrated","rate",0.00478151011088579,0.545353874802479,NA
"Insured","Fully insured 45-49, women",2022,0.881662266118249,0.875284016485539,NA,NA,"calibrated","rate",0.00637824963270961,0.728706284197855,NA
"Insured","Fully insured 50-54, women",2022,0.883569898760424,0.882293885064497,NA,NA,"calibrated","rate",0.001276013695927,0.144624565298179,NA
"Insured","Fully insured 55-59, women",2022,0.880708824853362,0.883849451907256,NA,NA,"calibrated","rate",-0.00314062705389362,-0.355335068332785,NA
"Insured","Fully insured 60-64, women",2022,0.86286601902095,0.883111736538811,NA,NA,"calibrated","rate",-0.0202457175178612,-2.29254313810962,NA
"Insured","Fully insured 25-29, women",2023,0.895981468793076,0.894075199926757,NA,NA,"out of sample","rate",0.00190626886631906,0.213211245147527,NA
"Insured","Fully insured 30-34, women",2023,0.900850419771553,0.88822366229165,NA,NA,"out of sample","rate",0.0126267574799024,1.42157409399846,NA
"Insured","Fully insured 35-39, women",2023,0.889346123702142,0.882862190751551,NA,NA,"out of sample","rate",0.00648393295059091,0.734421863175649,NA
"Insured","Fully insured 40-44, women",2023,0.887057911138324,0.873925703127938,NA,NA,"out of sample","rate",0.0131322080103859,1.50266870094145,NA
"Insured","Fully insured 45-49, women",2023,0.889020512868193,0.871619559864802,NA,NA,"out of sample","rate",0.0174009530033915,1.99639312891173,NA
"Insured","Fully insured 50-54, women",2023,0.890105593288323,0.878824601541572,NA,NA,"out of sample","rate",0.0112809917467516,1.28364541991237,NA
"Insured","Fully insured 55-59, women",2023,0.882906982672149,0.880883547896112,NA,NA,"out of sample","rate",0.00202343477603639,0.229705138763125,NA
"Insured","Fully insured 60-64, women",2023,0.870236470642984,0.883881136519116,NA,NA,"out of sample","rate",-0.0136446658761328,-1.5437218096845,NA
"Insured","Fully insured 25-29, women",2024,0.899969074242359,0.884743371327094,NA,NA,"out of sample","rate",0.0152257029152653,1.72091743308878,NA
"Insured","Fully insured 30-34, women",2024,0.9031197395598,0.882084819165976,NA,NA,"out of sample","rate",0.0210349203938237,2.3846822818822,NA
"Insured","Fully insured 35-39, women",2024,0.894110898062877,0.880556512395079,NA,NA,"out of sample","rate",0.0135543856677979,1.53929764609093,NA
"Insured","Fully insured 40-44, women",2024,0.89186545884675,0.871690837502124,NA,NA,"out of sample","rate",0.0201746213446258,2.31442393067216,NA
"Insured","Fully insured 45-49, women",2024,0.895804532613648,0.867827889824787,NA,NA,"out of sample","rate",0.0279766427888609,3.22375474640593,NA
"Insured","Fully insured 50-54, women",2024,0.896296597799123,0.873406024409693,NA,NA,"out of sample","rate",0.0228905733894301,2.6208398785549,NA
"Insured","Fully insured 55-59, women",2024,0.886660155302699,0.875783299626045,NA,NA,"out of sample","rate",0.0108768556766539,1.24195742043702,NA
"Insured","Fully insured 60-64, women",2024,0.877170326530943,0.882522992282637,NA,NA,"out of sample","rate",-0.00535266575169457,-0.60651856081958,NA
"Insured","Fully insured 25-29, women",2025,0.906531141713071,0.891577508915775,NA,NA,"out of sample","rate",0.0149536327972956,1.67721063483088,NA
"Insured","Fully insured 30-34, women",2025,0.907505910076776,0.888259353500129,NA,NA,"out of sample","rate",0.0192465565766466,2.16677218211176,NA
"Insured","Fully insured 35-39, women",2025,0.899730123440895,0.885281231434407,NA,NA,"out of sample","rate",0.014448892006488,1.63212451517545,NA
"Insured","Fully insured 40-44, women",2025,0.897857830150963,0.874838099282508,NA,NA,"out of sample","rate",0.0230197308684543,2.63131325525645,NA
"Insured","Fully insured 45-49, women",2025,0.902990709130929,0.870006952200024,NA,NA,"out of sample","rate",0.0329837569309047,3.79120613318058,NA
"Insured","Fully insured 50-54, women",2025,0.902640051723271,0.871413291872268,NA,NA,"out of sample","rate",0.0312267598510024,3.58346150354334,NA
"Insured","Fully insured 55-59, women",2025,0.890458208991698,0.874363424604353,NA,NA,"out of sample","rate",0.0160947843873452,1.84074309771456,NA
"Insured","Fully insured 60-64, women",2025,0.882404882054725,0.880804724361033,NA,NA,"out of sample","rate",0.00160015769369115,0.181669971724085,NA
"Insured","Disability insured 25-29, men",1990,0.823586974717236,0.863320975186487,NA,NA,"in sample","rate",-0.0397340004692516,-4.6024597584541,NA
"Insured","Disability insured 30-34, men",1990,0.844299437857478,0.856409479408745,NA,NA,"in sample","rate",-0.0121100415512668,-1.41404805089587,NA
"Insured","Disability insured 35-39, men",1990,0.847088551539767,0.860692575019858,NA,NA,"in sample","rate",-0.0136040234800908,-1.58059031469825,NA
"Insured","Disability insured 40-44, men",1990,0.851117820979414,0.845612407581146,NA,NA,"in sample","rate",0.00550541339826782,0.651056364465608,NA
"Insured","Disability insured 45-49, men",1990,0.837948185211061,0.835468746943261,NA,NA,"in sample","rate",0.00247943826780039,0.296772114680754,NA
"Insured","Disability insured 50-54, men",1990,0.819915678134957,0.819004818220163,NA,NA,"in sample","rate",0.000910859914794337,0.111215452526126,NA
"Insured","Disability insured 55-59, men",1990,0.777556364320229,0.79651708922125,NA,NA,"in sample","rate",-0.0189607249010211,-2.38045424983397,NA
"Insured","Disability insured 60-64, men",1990,0.72636628524035,0.769713483384169,NA,NA,"in sample","rate",-0.0433471981438189,-5.63160176865241,NA
"Insured","Disability insured 25-29, men",1991,0.823518929631108,0.867721072972868,NA,NA,"in sample","rate",-0.0442021433417602,-5.09404977227542,NA
"Insured","Disability insured 30-34, men",1991,0.840662121373463,0.852879480338866,NA,NA,"in sample","rate",-0.0122173589654027,-1.43248363303904,NA
"Insured","Disability insured 35-39, men",1991,0.846621688799759,0.864843791559117,NA,NA,"in sample","rate",-0.0182221027593583,-2.10698197029408,NA
"Insured","Disability insured 40-44, men",1991,0.853686052243926,0.84623289158594,NA,NA,"in sample","rate",0.00745316065798596,0.880745800841876,NA
"Insured","Disability insured 45-49, men",1991,0.842131463630868,0.84038965174388,NA,NA,"in sample","rate",0.00174181188698763,0.207262414925413,NA
"Insured","Disability insured 50-54, men",1991,0.82502085430908,0.811659753794913,NA,NA,"in sample","rate",0.0133611005141676,1.64614550021704,NA
"Insured","Disability insured 55-59, men",1991,0.786756821475518,0.804721333855342,NA,NA,"in sample","rate",-0.0179645123798243,-2.23238922892203,NA
"Insured","Disability insured 60-64, men",1991,0.731586344859598,0.761074376796872,NA,NA,"in sample","rate",-0.0294880319372739,-3.87452696297305,NA
"Insured","Disability insured 25-29, men",1992,0.825140173679371,0.866866502466459,NA,NA,"in sample","rate",-0.0417263287870885,-4.81346651051416,NA
"Insured","Disability insured 30-34, men",1992,0.839578809467061,0.859970661024661,NA,NA,"in sample","rate",-0.0203918515576001,-2.37122642455071,NA
"Insured","Disability insured 35-39, men",1992,0.848557788127648,0.867744045942581,NA,NA,"in sample","rate",-0.0191862578149327,-2.2110503557638,NA
"Insured","Disability insured 40-44, men",1992,0.857835580529839,0.848011930848026,NA,NA,"in sample","rate",0.0098236496818126,1.15843295647844,NA
"Insured","Disability insured 45-49, men",1992,0.849714472762115,0.841911328639248,NA,NA,"in sample","rate",0.00780314412286687,0.926836812551124,NA
"Insured","Disability insured 50-54, men",1992,0.831285595808162,0.819984842421421,NA,NA,"in sample","rate",0.0113007533867415,1.37816613211659,NA
"Insured","Disability insured 55-59, men",1992,0.796818697952228,0.801225298419244,NA,NA,"in sample","rate",-0.00440660046701591,-0.54998269222275,NA
"Insured","Disability insured 60-64, men",1992,0.739693901048411,0.758066915499606,NA,NA,"in sample","rate",-0.018373014451195,-2.42366657554053,NA
"Insured","Disability insured 25-29, men",1993,0.82427197914747,0.86420545855364,NA,NA,"in sample","rate",-0.0399334794061701,-4.62083165651418,NA
"Insured","Disability insured 30-34, men",1993,0.839200165834506,0.863956880072532,NA,NA,"in sample","rate",-0.0247567142380262,-2.86550345382374,NA
"Insured","Disability insured 35-39, men",1993,0.85060667161748,0.870114406414445,NA,NA,"in sample","rate",-0.0195077347969649,-2.24197354430116,NA
"Insured","Disability insured 40-44, men",1993,0.861877861534439,0.851211507068174,NA,NA,"in sample","rate",0.010666354466265,1.25307921447197,NA
"Insured","Disability insured 45-49, men",1993,0.857142696678367,0.842374266945752,NA,NA,"in sample","rate",0.0147684297326142,1.75319098791573,NA
"Insured","Disability insured 50-54, men",1993,0.836626594245197,0.827752869649899,NA,NA,"in sample","rate",0.00887372459529723,1.07202583290957,NA
"Insured","Disability insured 55-59, men",1993,0.80604995243452,0.799079599492388,NA,NA,"in sample","rate",0.00697035294213211,0.872297696820201,NA
"Insured","Disability insured 60-64, men",1993,0.748147273296721,0.757981345203499,NA,NA,"in sample","rate",-0.00983407190677743,-1.29740289375291,NA
"Insured","Disability insured 25-29, men",1994,0.822492540772723,0.858971952456669,NA,NA,"in sample","rate",-0.0364794116839465,-4.24686878071106,NA
"Insured","Disability insured 30-34, men",1994,0.841322530679638,0.865832627020138,NA,NA,"in sample","rate",-0.0245100963404992,-2.83081228122039,NA
"Insured","Disability insured 35-39, men",1994,0.852843448841122,0.868659182771411,NA,NA,"in sample","rate",-0.0158157339302886,-1.82070646854032,NA
"Insured","Disability insured 40-44, men",1994,0.867192874548878,0.859020509931188,NA,NA,"in sample","rate",0.00817236461769066,0.95135849763881,NA
"Insured","Disability insured 45-49, men",1994,0.863195336619143,0.842200744410569,NA,NA,"in sample","rate",0.0209945922085744,2.49282517830922,NA
"Insured","Disability insured 50-54, men",1994,0.841096799010242,0.827480029115357,NA,NA,"in sample","rate",0.0136167698948849,1.64557081932748,NA
"Insured","Disability insured 55-59, men",1994,0.81364346146724,0.803504855762774,NA,NA,"in sample","rate",0.0101386057044666,1.26179768942927,NA
"Insured","Disability insured 60-64, men",1994,0.755752208120753,0.758028258602355,NA,NA,"in sample","rate",-0.0022760504816024,-0.300259318273832,NA
"Insured","Disability insured 25-29, men",1995,0.820006613976218,0.851911393189925,NA,NA,"in sample","rate",-0.031904779213707,-3.74508187925997,NA
"Insured","Disability insured 30-34, men",1995,0.84295106903903,0.863541343329033,NA,NA,"in sample","rate",-0.020590274290003,-2.38439936304909,NA
"Insured","Disability insured 35-39, men",1995,0.853968116874499,0.869727667006308,NA,NA,"in sample","rate",-0.0157595501318086,-1.81200975082862,NA
"Insured","Disability insured 40-44, men",1995,0.869797043210074,0.863883196629151,NA,NA,"in sample","rate",0.00591384658092275,0.684565529691805,NA
"Insured","Disability insured 45-49, men",1995,0.864523004162024,0.840840595878421,NA,NA,"in sample","rate",0.0236824082836026,2.81651580569344,NA
"Insured","Disability insured 50-54, men",1995,0.844944449127455,0.829108955932354,NA,NA,"in sample","rate",0.0158354931951006,1.90994115813079,NA
"Insured","Disability insured 55-59, men",1995,0.816303639985917,0.806407496548649,NA,NA,"in sample","rate",0.00989614343726752,1.22718891870699,NA
"Insured","Disability insured 60-64, men",1995,0.762773443938191,0.761793438092484,NA,NA,"in sample","rate",0.000980005845707788,0.128644563828439,NA
"Insured","Disability insured 25-29, men",1996,0.81490667708655,0.845364199339999,NA,NA,"in sample","rate",-0.0304575222534494,-3.60288764028907,NA
"Insured","Disability insured 30-34, men",1996,0.843483719249594,0.862413328080396,NA,NA,"in sample","rate",-0.0189296088308016,-2.19495782526183,NA
"Insured","Disability insured 35-39, men",1996,0.853797468392362,0.868435980152168,NA,NA,"in sample","rate",-0.0146385117598068,-1.68561783417147,NA
"Insured","Disability insured 40-44, men",1996,0.870673664820787,0.866990400999465,NA,NA,"in sample","rate",0.00368326382132234,0.424833287320858,NA
"Insured","Disability insured 45-49, men",1996,0.866375371445678,0.842257249428468,NA,NA,"in sample","rate",0.0241181220172102,2.86351017264335,NA
"Insured","Disability insured 50-54, men",1996,0.848251095774661,0.833102801696819,NA,NA,"in sample","rate",0.0151482940778421,1.8182982996803,NA
"Insured","Disability insured 55-59, men",1996,0.818044930798742,0.801834564964098,NA,NA,"in sample","rate",0.0162103658346441,2.02165964688363,NA
"Insured","Disability insured 60-64, men",1996,0.76922727676423,0.771139623754386,NA,NA,"in sample","rate",-0.00191234699015608,-0.247989719532971,NA
"Insured","Disability insured 25-29, men",1997,0.809288161271987,0.841394341271077,NA,NA,"in sample","rate",-0.0321061799990907,-3.81583027413621,NA
"Insured","Disability insured 30-34, men",1997,0.839708467640659,0.859647447610789,NA,NA,"in sample","rate",-0.0199389799701301,-2.31943688375349,NA
"Insured","Disability insured 35-39, men",1997,0.849918538568237,0.868189107649864,NA,NA,"in sample","rate",-0.0182705690816272,-2.10444578498393,NA
"Insured","Disability insured 40-44, men",1997,0.869236810811641,0.867557254179938,NA,NA,"in sample","rate",0.00167955663170272,0.193596056468959,NA
"Insured","Disability insured 45-49, men",1997,0.867976748795836,0.841258441543398,NA,NA,"in sample","rate",0.0267183072524381,3.17599276667226,NA
"Insured","Disability insured 50-54, men",1997,0.852453565808267,0.834922051406861,NA,NA,"in sample","rate",0.0175315144014069,2.09977858075086,NA
"Insured","Disability insured 55-59, men",1997,0.818446719786,0.810427828247535,NA,NA,"in sample","rate",0.00801889153846547,0.989463991606199,NA
"Insured","Disability insured 60-64, men",1997,0.772229078425077,0.768210483755652,NA,NA,"in sample","rate",0.00401859466942489,0.523111146541333,NA
"Insured","Disability insured 25-29, men",1998,0.804543239198513,0.836962693520343,NA,NA,"in sample","rate",-0.0324194543218301,-3.87346468042331,NA
"Insured","Disability insured 30-34, men",1998,0.835323941772674,0.855892835115426,NA,NA,"in sample","rate",-0.0205688933427518,-2.40320896482068,NA
"Insured","Disability insured 35-39, men",1998,0.847008400868141,0.867283159602618,NA,NA,"in sample","rate",-0.0202747587344771,-2.33773232075287,NA
"Insured","Disability insured 40-44, men",1998,0.869125747744108,0.866796771735168,NA,NA,"in sample","rate",0.00232897600893955,0.268687665307921,NA
"Insured","Disability insured 45-49, men",1998,0.868043455531686,0.843966318181772,NA,NA,"in sample","rate",0.0240771373499137,2.85285524211263,NA
"Insured","Disability insured 50-54, men",1998,0.859507067421012,0.835008482396741,NA,NA,"in sample","rate",0.024498585024271,2.93393247382976,NA
"Insured","Disability insured 55-59, men",1998,0.824818579271063,0.819102059560355,NA,NA,"in sample","rate",0.00571651971070797,0.69790078586498,NA
"Insured","Disability insured 60-64, men",1998,0.776068403997852,0.764966715012717,NA,NA,"in sample","rate",0.0111016889851351,1.45126431872928,NA
"Insured","Disability insured 25-29, men",1999,0.80071881676235,0.830962386217156,NA,NA,"in sample","rate",-0.030243569454806,-3.6395834464284,NA
"Insured","Disability insured 30-34, men",1999,0.832164789155926,0.853127132817832,NA,NA,"in sample","rate",-0.0209623436619056,-2.45711838898713,NA
"Insured","Disability insured 35-39, men",1999,0.844553239830771,0.866835886735247,NA,NA,"in sample","rate",-0.022282646904476,-2.5705727284087,NA
"Insured","Disability insured 40-44, men",1999,0.867740055838227,0.865685538988432,NA,NA,"in sample","rate",0.00205451684979496,0.237328308867868,NA
"Insured","Disability insured 45-49, men",1999,0.867923518050604,0.850742594761959,NA,NA,"in sample","rate",0.0171809232886453,2.01952075685743,NA
"Insured","Disability insured 50-54, men",1999,0.861740894167314,0.835128676291197,NA,NA,"in sample","rate",0.0266122178761162,3.18660089536154,NA
"Insured","Disability insured 55-59, men",1999,0.835052382976161,0.817688139339774,NA,NA,"in sample","rate",0.017364243636387,2.12357777995991,NA
"Insured","Disability insured 60-64, men",1999,0.780224593816166,0.773004389614614,NA,NA,"in sample","rate",0.00722020420155156,0.934044398525513,NA
"Insured","Disability insured 25-29, men",2000,0.799004143862079,0.824267729400398,NA,NA,"in sample","rate",-0.0252635855383186,-3.0649732650211,NA
"Insured","Disability insured 30-34, men",2000,0.833499606935711,0.846034791296061,NA,NA,"in sample","rate",-0.0125351843603502,-1.48163934737805,NA
"Insured","Disability insured 35-39, men",2000,0.844323597963967,0.86679887685635,NA,NA,"in sample","rate",-0.0224752788923832,-2.59290586230281,NA
"Insured","Disability insured 40-44, men",2000,0.86723766663507,0.867325301018826,NA,NA,"in sample","rate",-8.7634383755919e-05,-0.0101039810153081,NA
"Insured","Disability insured 45-49, men",2000,0.869185203406767,0.859100114170136,NA,NA,"in sample","rate",0.0100850892366311,1.17391315287776,NA
"Insured","Disability insured 50-54, men",2000,0.856690686295355,0.835273272842617,NA,NA,"in sample","rate",0.021417413452738,2.56412052786628,NA
"Insured","Disability insured 55-59, men",2000,0.847651441176304,0.822070029027576,NA,NA,"in sample","rate",0.0255814121487278,3.11182882789047,NA
"Insured","Disability insured 60-64, men",2000,0.787210361363709,0.775395687469144,NA,NA,"in sample","rate",0.0118146738945656,1.52369610580736,NA
"Insured","Disability insured 25-29, men",2001,0.797806655492407,0.818357189694606,NA,NA,"in sample","rate",-0.0205505342021988,-2.51119370135525,NA
"Insured","Disability insured 30-34, men",2001,0.833245933501764,0.840582816425338,NA,NA,"in sample","rate",-0.00733688292357448,-0.872832846473748,NA
"Insured","Disability insured 35-39, men",2001,0.845875175362225,0.867753933250814,NA,NA,"in sample","rate",-0.0218787578885888,-2.52130898521263,NA
"Insured","Disability insured 40-44, men",2001,0.867182911478261,0.86773826777589,NA,NA,"in sample","rate",-0.000555356297628817,-0.0640004386405879,NA
"Insured","Disability insured 45-49, men",2001,0.873078885068572,0.86294027200542,NA,NA,"in sample","rate",0.0101386130631519,1.17489163410931,NA
"Insured","Disability insured 50-54, men",2001,0.859845996892795,0.839444837472937,NA,NA,"in sample","rate",0.0204011594198574,2.43031566925505,NA
"Insured","Disability insured 55-59, men",2001,0.846793521431802,0.82462543906216,NA,NA,"in sample","rate",0.0221680823696413,2.68826079327031,NA
"Insured","Disability insured 60-64, men",2001,0.797927196593835,0.774538973848657,NA,NA,"in sample","rate",0.0233882227451786,3.01963148851805,NA
"Insured","Disability insured 25-29, men",2002,0.796341484315328,0.809081310100753,NA,NA,"in sample","rate",-0.0127398257854248,-1.57460389040976,NA
"Insured","Disability insured 30-34, men",2002,0.830446113145551,0.835589943410686,NA,NA,"in sample","rate",-0.00514383026513521,-0.615592648726637,NA
"Insured","Disability insured 35-39, men",2002,0.848373624492732,0.865731154557211,NA,NA,"in sample","rate",-0.0173575300644789,-2.0049561544723,NA
"Insured","Disability insured 40-44, men",2002,0.868345726033584,0.869297758151794,NA,NA,"in sample","rate",-0.000952032118210044,-0.109517378744217,NA
"Insured","Disability insured 45-49, men",2002,0.877311278492703,0.865724853569333,NA,NA,"in sample","rate",0.01158642492337,1.33834957788261,NA
"Insured","Disability insured 50-54, men",2002,0.864060573680601,0.840513734167718,NA,NA,"in sample","rate",0.0235468395128829,2.80148182661157,NA
"Insured","Disability insured 55-59, men",2002,0.851071836109377,0.827727443584659,NA,NA,"in sample","rate",0.0233443925247186,2.82029944828464,NA
"Insured","Disability insured 60-64, men",2002,0.802661793689571,0.783116339163048,NA,NA,"in sample","rate",0.019545454526523,2.49585579422491,NA
"Insured","Disability insured 25-29, men",2003,0.794213060379758,0.801247992410986,NA,NA,"in sample","rate",-0.00703493203122774,-0.877996837166406,NA
"Insured","Disability insured 30-34, men",2003,0.823444226930789,0.830329328840805,NA,NA,"in sample","rate",-0.00688510191001623,-0.829201338657792,NA
"Insured","Disability insured 35-39, men",2003,0.853392933122262,0.864104249655025,NA,NA,"in sample","rate",-0.010711316532763,-1.23958614218589,NA
"Insured","Disability insured 40-44, men",2003,0.868671693894206,0.868975872067291,NA,NA,"in sample","rate",-0.000304178173084702,-0.0350042139099949,NA
"Insured","Disability insured 45-49, men",2003,0.880319363541568,0.865742110197601,NA,NA,"in sample","rate",0.0145772533439678,1.68378702759886,NA
"Insured","Disability insured 50-54, men",2003,0.869689286435229,0.844148293682502,NA,NA,"in sample","rate",0.0255409927527268,3.0256523579888,NA
"Insured","Disability insured 55-59, men",2003,0.855658627680997,0.83127807696509,NA,NA,"in sample","rate",0.0243805507159065,2.93289951840392,NA
"Insured","Disability insured 60-64, men",2003,0.809195138113563,0.792679847589136,NA,NA,"in sample","rate",0.0165152905244276,2.08347551343173,NA
"Insured","Disability insured 25-29, men",2004,0.78872325284638,0.792336124954973,NA,NA,"in sample","rate",-0.00361287210859285,-0.455977203967339,NA
"Insured","Disability insured 30-34, men",2004,0.816285653802117,0.8225928419754,NA,NA,"in sample","rate",-0.00630718817328302,-0.76674484039233,NA
"Insured","Disability insured 35-39, men",2004,0.851284939313016,0.860846990987127,NA,NA,"in sample","rate",-0.00956205167411073,-1.11077250361833,NA
"Insured","Disability insured 40-44, men",2004,0.865844790434161,0.868245869081356,NA,NA,"in sample","rate",-0.00240107864719485,-0.276543630404524,NA
"Insured","Disability insured 45-49, men",2004,0.881766325515333,0.864294635529024,NA,NA,"in sample","rate",0.0174716899863094,2.02149698356224,NA
"Insured","Disability insured 50-54, men",2004,0.87509447389513,0.848818178108752,NA,NA,"in sample","rate",0.0262762957863775,3.09563301824232,NA
"Insured","Disability insured 55-59, men",2004,0.857601730430238,0.83275790587336,NA,NA,"in sample","rate",0.0248438245568787,2.98331896721216,NA
"Insured","Disability insured 60-64, men",2004,0.821036180710292,0.793581960784191,NA,NA,"in sample","rate",0.0274542199261011,3.45953175384326,NA
"Insured","Disability insured 25-29, men",2005,0.782709490074277,0.785945954790335,NA,NA,"in sample","rate",-0.00323646471605754,-0.411792273543909,NA
"Insured","Disability insured 30-34, men",2005,0.80715258940571,0.811581655209585,NA,NA,"in sample","rate",-0.00442906580387503,-0.545732616729888,NA
"Insured","Disability insured 35-39, men",2005,0.840534417898461,0.852342977320994,NA,NA,"in sample","rate",-0.0118085594225329,-1.38542344299574,NA
"Insured","Disability insured 40-44, men",2005,0.859842899299798,0.865904953854418,NA,NA,"in sample","rate",-0.0060620545546195,-0.70008313587252,NA
"Insured","Disability insured 45-49, men",2005,0.876543624466184,0.861709906023258,NA,NA,"in sample","rate",0.014833718442926,1.72142832979405,NA
"Insured","Disability insured 50-54, men",2005,0.874743039072972,0.855366357129743,NA,NA,"in sample","rate",0.0193766819432288,2.26530793287791,NA
"Insured","Disability insured 55-59, men",2005,0.847520861548829,0.827820096000427,NA,NA,"in sample","rate",0.0197007655484021,2.37983659053282,NA
"Insured","Disability insured 60-64, men",2005,0.829814977726098,0.795209828591504,NA,NA,"in sample","rate",0.0346051491345944,4.35170038024908,NA
"Insured","Disability insured 25-29, men",2006,0.777459069213736,0.782055683722225,NA,NA,"in sample","rate",-0.00459661450848914,-0.587760514265601,NA
"Insured","Disability insured 30-34, men",2006,0.798074723727474,0.79943403315496,NA,NA,"in sample","rate",-0.00135930942748652,-0.170033970423056,NA
"Insured","Disability insured 35-39, men",2006,0.827288875111196,0.844341076296869,NA,NA,"in sample","rate",-0.0170522011856734,-2.01958683100689,NA
"Insured","Disability insured 40-44, men",2006,0.849710120017495,0.862692325946937,NA,NA,"in sample","rate",-0.012982205929442,-1.50484773527944,NA
"Insured","Disability insured 45-49, men",2006,0.866565152933103,0.859055336214768,NA,NA,"in sample","rate",0.00750981671833562,0.874194758096247,NA
"Insured","Disability insured 50-54, men",2006,0.868221184328331,0.855952425098443,NA,NA,"in sample","rate",0.0122687592298873,1.43334592789737,NA
"Insured","Disability insured 55-59, men",2006,0.840762434557858,0.830495842664086,NA,NA,"in sample","rate",0.0102665918937722,1.23620027534861,NA
"Insured","Disability insured 60-64, men",2006,0.823954254382875,0.79499578673895,NA,NA,"in sample","rate",0.0289584676439248,3.64259385105821,NA
"Insured","Disability insured 25-29, men",2007,0.77402326632897,0.786531391125151,NA,NA,"in sample","rate",-0.0125081247961815,-1.59028933076508,NA
"Insured","Disability insured 30-34, men",2007,0.790844915963245,0.793637789057962,NA,NA,"in sample","rate",-0.00279287309471676,-0.351907776220162,NA
"Insured","Disability insured 35-39, men",2007,0.817442487448298,0.838328292724816,NA,NA,"in sample","rate",-0.0208858052765181,-2.49136352163817,NA
"Insured","Disability insured 40-44, men",2007,0.846420796132646,0.859255134712835,NA,NA,"in sample","rate",-0.0128343385801896,-1.49365864243323,NA
"Insured","Disability insured 45-49, men",2007,0.859744246280476,0.858793567549709,NA,NA,"in sample","rate",0.000950678730766819,0.110699330629505,NA
"Insured","Disability insured 50-54, men",2007,0.861465717448661,0.856771583689685,NA,NA,"in sample","rate",0.00469413375897576,0.547886256773422,NA
"Insured","Disability insured 55-59, men",2007,0.841127588692573,0.829905628561168,NA,NA,"in sample","rate",0.011221960131405,1.35219713485506,NA
"Insured","Disability insured 60-64, men",2007,0.8171370815907,0.800024184560881,NA,NA,"in sample","rate",0.0171128970298183,2.13904746382276,NA
"Insured","Disability insured 25-29, men",2008,0.772005369028161,0.794989106911554,NA,NA,"in sample","rate",-0.0229837378833935,-2.89107582526291,NA
"Insured","Disability insured 30-34, men",2008,0.784089873133194,0.793757652616071,NA,NA,"in sample","rate",-0.00966777948287689,-1.21797622372695,NA
"Insured","Disability insured 35-39, men",2008,0.808725404834294,0.837030177802537,NA,NA,"in sample","rate",-0.0283047729682434,-3.38157138402729,NA
"Insured","Disability insured 40-44, men",2008,0.844632939833222,0.858001210833533,NA,NA,"in sample","rate",-0.0133682710003115,-1.5580713443661,NA
"Insured","Disability insured 45-49, men",2008,0.854434972068438,0.857166634066053,NA,NA,"in sample","rate",-0.00273166199761488,-0.318685059479851,NA
"Insured","Disability insured 50-54, men",2008,0.865098960811477,0.855142206303515,NA,NA,"in sample","rate",0.0099567545079623,1.16433903443989,NA
"Insured","Disability insured 55-59, men",2008,0.847068626440875,0.832166442719406,NA,NA,"in sample","rate",0.0149021837214686,1.79076960526914,NA
"Insured","Disability insured 60-64, men",2008,0.817995863169586,0.800657384608216,NA,NA,"in sample","rate",0.0173384785613698,2.1655303372808,NA
"Insured","Disability insured 25-29, men",2009,0.771721627752111,0.794820964337512,NA,NA,"in sample","rate",-0.023099336585401,-2.90623141837413,NA
"Insured","Disability insured 30-34, men",2009,0.781203041584016,0.788627392397693,NA,NA,"in sample","rate",-0.00742435081367721,-0.941426950832214,NA
"Insured","Disability insured 35-39, men",2009,0.802222040540416,0.827527575574256,NA,NA,"in sample","rate",-0.0253055350338407,-3.05796879533351,NA
"Insured","Disability insured 40-44, men",2009,0.841100410328255,0.852056411972379,NA,NA,"in sample","rate",-0.0109560016441249,-1.28583054950123,NA
"Insured","Disability insured 45-49, men",2009,0.848193657352108,0.85337881943605,NA,NA,"in sample","rate",-0.00518516208394182,-0.607603793983125,NA
"Insured","Disability insured 50-54, men",2009,0.867191017877353,0.85293413223386,NA,NA,"in sample","rate",0.0142568856434931,1.67151074211955,NA
"Insured","Disability insured 55-59, men",2009,0.851751854338187,0.835150142954802,NA,NA,"in sample","rate",0.0166017113833847,1.9878714652011,NA
"Insured","Disability insured 60-64, men",2009,0.820796537727482,0.800171751508615,NA,NA,"in sample","rate",0.020624786218867,2.57754490582576,NA
"Insured","Disability insured 25-29, men",2010,0.768437797650606,0.784709640711987,NA,NA,"in sample","rate",-0.0162718430613813,-2.07361324713908,NA
"Insured","Disability insured 30-34, men",2010,0.780037817431813,0.786755750511031,NA,NA,"in sample","rate",-0.00671793307921786,-0.853877848983531,NA
"Insured","Disability insured 35-39, men",2010,0.797232928894382,0.81889170630911,NA,NA,"in sample","rate",-0.0216587774147279,-2.64488909191031,NA
"Insured","Disability insured 40-44, men",2010,0.833727076341129,0.843656434066255,NA,NA,"in sample","rate",-0.00992935772512604,-1.1769432821449,NA
"Insured","Disability insured 45-49, men",2010,0.846288958882435,0.84907180796166,NA,NA,"in sample","rate",-0.00278284907922532,-0.32775191133787,NA
"Insured","Disability insured 50-54, men",2010,0.864330037790759,0.84610280791782,NA,NA,"in sample","rate",0.0182272298729382,2.15425710709951,NA
"Insured","Disability insured 55-59, men",2010,0.855262579948897,0.839429589006683,NA,NA,"in sample","rate",0.0158329909422134,1.88616069168457,NA
"Insured","Disability insured 60-64, men",2010,0.819951618926603,0.792522874768452,NA,NA,"in sample","rate",0.0274287441581512,3.46094037552733,NA
"Insured","Disability insured 25-29, men",2011,0.762115631875325,0.770290622791871,NA,NA,"in sample","rate",-0.00817499091654628,-1.06128656829763,NA
"Insured","Disability insured 30-34, men",2011,0.778413367402232,0.785302564506274,NA,NA,"in sample","rate",-0.00688919710404157,-0.877266599577819,NA
"Insured","Disability insured 35-39, men",2011,0.791814567711032,0.813475480876243,NA,NA,"in sample","rate",-0.021660913165211,-2.6627616534771,NA
"Insured","Disability insured 40-44, men",2011,0.827703235027271,0.837157833956113,NA,NA,"in sample","rate",-0.00945459892884137,-1.12936874569546,NA
"Insured","Disability insured 45-49, men",2011,0.84353812114884,0.845255653229542,NA,NA,"in sample","rate",-0.00171753208070224,-0.203196757589252,NA
"Insured","Disability insured 50-54, men",2011,0.86062756098534,0.842875910530914,NA,NA,"in sample","rate",0.0177516504544254,2.10608112447346,NA
"Insured","Disability insured 55-59, men",2011,0.855178665385716,0.83817372747211,NA,NA,"in sample","rate",0.0170049379136064,2.0288082716327,NA
"Insured","Disability insured 60-64, men",2011,0.817529852890582,0.79577706710127,NA,NA,"in sample","rate",0.0217527857893115,2.73352760322048,NA
"Insured","Disability insured 25-29, men",2012,0.756724696455635,0.765427783700802,NA,NA,"in sample","rate",-0.00870308724516711,-1.13702264674639,NA
"Insured","Disability insured 30-34, men",2012,0.775293902969822,0.783202147652757,NA,NA,"in sample","rate",-0.00790824468293494,-1.00973225196532,NA
"Insured","Disability insured 35-39, men",2012,0.783916965329176,0.805637982195846,NA,NA,"in sample","rate",-0.0217210168666696,-2.69612621880945,NA
"Insured","Disability insured 40-44, men",2012,0.815077480238409,0.829744754312606,NA,NA,"in sample","rate",-0.0146672740741967,-1.76768506193783,NA
"Insured","Disability insured 45-49, men",2012,0.836378627623477,0.840882797067345,NA,NA,"in sample","rate",-0.004504169443868,-0.535647709713727,NA
"Insured","Disability insured 50-54, men",2012,0.850131349620982,0.8395908110575,NA,NA,"in sample","rate",0.0105405385634816,1.25543758038578,NA
"Insured","Disability insured 55-59, men",2012,0.848764681585696,0.836932440771988,NA,NA,"in sample","rate",0.0118322408137078,1.41376295591957,NA
"Insured","Disability insured 60-64, men",2012,0.813833423032629,0.794001305843472,NA,NA,"in sample","rate",0.0198321171891566,2.49774364893378,NA
"Insured","Disability insured 25-29, men",2013,0.756462776680197,0.761825611191911,NA,NA,"calibrated","rate",-0.00536283451171393,-0.703945159223973,NA
"Insured","Disability insured 30-34, men",2013,0.771683875122989,0.78128615977575,NA,NA,"calibrated","rate",-0.00960228465276169,-1.22903555024164,NA
"Insured","Disability insured 35-39, men",2013,0.77327696567145,0.798477508312384,NA,NA,"calibrated","rate",-0.0252005426409342,-3.1560742010375,NA
"Insured","Disability insured 40-44, men",2013,0.79903974485192,0.822454653382587,NA,NA,"calibrated","rate",-0.0234149085306673,-2.84695434992879,NA
"Insured","Disability insured 45-49, men",2013,0.821267093175793,0.835054949854141,NA,NA,"calibrated","rate",-0.0137878566783479,-1.65113166274342,NA
"Insured","Disability insured 50-54, men",2013,0.829345296568571,0.834941221237435,NA,NA,"calibrated","rate",-0.0055959246688646,-0.670217798154837,NA
"Insured","Disability insured 55-59, men",2013,0.835021006238473,0.83229841263625,NA,NA,"calibrated","rate",0.00272259360222327,0.327117481048611,NA
"Insured","Disability insured 60-64, men",2013,0.80783162755716,0.793425431028365,NA,NA,"calibrated","rate",0.0144061965287945,1.81569634214049,NA
"Insured","Disability insured 25-29, men",2014,0.759991791866345,0.758835409860703,NA,NA,"calibrated","rate",0.0011563820056415,0.152389041235401,NA
"Insured","Disability insured 30-34, men",2014,0.771571853426856,0.775917667772727,NA,NA,"calibrated","rate",-0.00434581434587111,-0.560087046135416,NA
"Insured","Disability insured 35-39, men",2014,0.774929803104689,0.787218751094486,NA,NA,"calibrated","rate",-0.0122889479897971,-1.5610588508863,NA
"Insured","Disability insured 40-44, men",2014,0.795798115205717,0.811491655662197,NA,NA,"calibrated","rate",-0.0156935404564804,-1.93391273304888,NA
"Insured","Disability insured 45-49, men",2014,0.816049781689783,0.826537678592011,NA,NA,"calibrated","rate",-0.0104878969022275,-1.2688951966586,NA
"Insured","Disability insured 50-54, men",2014,0.816710391729577,0.828822489776124,NA,NA,"calibrated","rate",-0.0121120980465476,-1.46136213676094,NA
"Insured","Disability insured 55-59, men",2014,0.82617712167973,0.826577638833366,NA,NA,"calibrated","rate",-0.000400517153636315,-0.0484548740275148,NA
"Insured","Disability insured 60-64, men",2014,0.804925170037683,0.794725011382244,NA,NA,"calibrated","rate",0.0102001586554394,1.2834827782378,NA
"Insured","Disability insured 25-29, men",2015,0.765799373965692,0.761042712745896,NA,NA,"calibrated","rate",0.00475666121979601,0.625018956246715,NA
"Insured","Disability insured 30-34, men",2015,0.772843887300626,0.767940354147251,NA,NA,"calibrated","rate",0.00490353315337533,0.638530470093657,NA
"Insured","Disability insured 35-39, men",2015,0.777240351244887,0.78291324358876,NA,NA,"calibrated","rate",-0.00567289234387325,-0.724587607928251,NA
"Insured","Disability insured 40-44, men",2015,0.793219531679193,0.802979128374029,NA,NA,"calibrated","rate",-0.00975959669483539,-1.21542345871403,NA
"Insured","Disability insured 45-49, men",2015,0.812331527795103,0.817702390605325,NA,NA,"calibrated","rate",-0.00537086281022225,-0.656823664933437,NA
"Insured","Disability insured 50-54, men",2015,0.816515701051133,0.824698826911066,NA,NA,"calibrated","rate",-0.00818312585993297,-0.992256275006853,NA
"Insured","Disability insured 55-59, men",2015,0.821531050745358,0.819897986854697,NA,NA,"calibrated","rate",0.00163306389066098,0.199178912113895,NA
"Insured","Disability insured 60-64, men",2015,0.805847796417814,0.798587296126336,NA,NA,"calibrated","rate",0.00726050029147851,0.9091680179107,NA
"Insured","Disability insured 25-29, men",2016,0.772936065562596,0.771101045242297,NA,NA,"calibrated","rate",0.00183502032029859,0.237974041355637,NA
"Insured","Disability insured 30-34, men",2016,0.775028731482591,0.76415846362001,NA,NA,"calibrated","rate",0.0108702678625812,1.42251488141425,NA
"Insured","Disability insured 35-39, men",2016,0.780371812421539,0.782940986232651,NA,NA,"calibrated","rate",-0.00256917381111177,-0.328143992496055,NA
"Insured","Disability insured 40-44, men",2016,0.791320897307246,0.796722428357873,NA,NA,"calibrated","rate",-0.00540153105062657,-0.677968996273859,NA
"Insured","Disability insured 45-49, men",2016,0.810723332865891,0.810236112107215,NA,NA,"calibrated","rate",0.000487220758676354,0.0601331823397944,NA
"Insured","Disability insured 50-54, men",2016,0.817609495417544,0.822313798988677,NA,NA,"calibrated","rate",-0.00470430357113305,-0.572081312136397,NA
"Insured","Disability insured 55-59, men",2016,0.819083588925012,0.816655810687352,NA,NA,"calibrated","rate",0.00242777823766072,0.29728291966935,NA
"Insured","Disability insured 60-64, men",2016,0.806093933003024,0.799552177004437,NA,NA,"calibrated","rate",0.00654175599858686,0.818177498196038,NA
"Insured","Disability insured 25-29, men",2017,0.780107309368842,0.776412750263821,NA,NA,"calibrated","rate",0.00369455910502092,0.475849875438739,NA
"Insured","Disability insured 30-34, men",2017,0.779155087874708,0.767986981222275,NA,NA,"calibrated","rate",0.011168106652433,1.45420520471045,NA
"Insured","Disability insured 35-39, men",2017,0.784468884697013,0.78032920718499,NA,NA,"calibrated","rate",0.00413967751202282,0.530503981384545,NA
"Insured","Disability insured 40-44, men",2017,0.792993219001216,0.78990516521561,NA,NA,"calibrated","rate",0.00308805378560661,0.390939814245139,NA
"Insured","Disability insured 45-49, men",2017,0.808108994434976,0.803971218052485,NA,NA,"calibrated","rate",0.00413777638249035,0.514667228077337,NA
"Insured","Disability insured 50-54, men",2017,0.818537591775976,0.81842384731113,NA,NA,"calibrated","rate",0.0001137444648458,0.0138979900475178,NA
"Insured","Disability insured 55-59, men",2017,0.816871853519962,0.8160878599471,NA,NA,"calibrated","rate",0.000783993572861741,0.0960673000224066,NA
"Insured","Disability insured 60-64, men",2017,0.804533392606919,0.799378494468841,NA,NA,"calibrated","rate",0.0051548981380779,0.644863249855532,NA
"Insured","Disability insured 25-29, men",2018,0.786231734090277,0.786359495837977,NA,NA,"calibrated","rate",-0.000127761747700017,-0.0162472442154282,NA
"Insured","Disability insured 30-34, men",2018,0.785483575379081,0.774236549028523,NA,NA,"calibrated","rate",0.0112470263505577,1.45266021924049,NA
"Insured","Disability insured 35-39, men",2018,0.788256329151005,0.783991446532541,NA,NA,"calibrated","rate",0.00426488261846381,0.543996064922214,NA
"Insured","Disability insured 40-44, men",2018,0.7942221495154,0.78710587530592,NA,NA,"calibrated","rate",0.00711627420948024,0.904106351221734,NA
"Insured","Disability insured 45-49, men",2018,0.805921555743018,0.80088235984324,NA,NA,"calibrated","rate",0.00503919589977797,0.629205505383368,NA
"Insured","Disability insured 50-54, men",2018,0.819291568766034,0.816122051916287,NA,NA,"calibrated","rate",0.00316951684974764,0.388363093768329,NA
"Insured","Disability insured 55-59, men",2018,0.813155989261617,0.81550339432649,NA,NA,"calibrated","rate",-0.00234740506487296,-0.287847369024341,NA
"Insured","Disability insured 60-64, men",2018,0.801570829355969,0.798050881771732,NA,NA,"calibrated","rate",0.00351994758423768,0.441068065287165,NA
"Insured","Disability insured 25-29, men",2019,0.791600119239515,0.798076819682355,NA,NA,"calibrated","rate",-0.00647670044284065,-0.811538473880058,NA
"Insured","Disability insured 30-34, men",2019,0.792516129559281,0.786494835637673,NA,NA,"calibrated","rate",0.00602129392160788,0.765585945230773,NA
"Insured","Disability insured 35-39, men",2019,0.792332730792319,0.791895894306834,NA,NA,"calibrated","rate",0.000436836485484982,0.0551633729415135,NA
"Insured","Disability insured 40-44, men",2019,0.799109110952071,0.790233688040246,NA,NA,"calibrated","rate",0.00887542291182519,1.12313902155146,NA
"Insured","Disability insured 45-49, men",2019,0.804096740624372,0.800932466474682,NA,NA,"calibrated","rate",0.00316427414968945,0.395073777395627,NA
"Insured","Disability insured 50-54, men",2019,0.820030051836801,0.813692509653404,NA,NA,"calibrated","rate",0.00633754218339766,0.778862052705542,NA
"Insured","Disability insured 55-59, men",2019,0.810482302491288,0.817129643796637,NA,NA,"calibrated","rate",-0.00664734130534916,-0.813498978505245,NA
"Insured","Disability insured 60-64, men",2019,0.800585480649967,0.800013533336717,NA,NA,"calibrated","rate",0.000571947313250831,0.0714922047462485,NA
"Insured","Disability insured 25-29, men",2020,0.797997539121121,0.805531842240055,NA,NA,"calibrated","rate",-0.00753430311893311,-0.935320334200751,NA
"Insured","Disability insured 30-34, men",2020,0.801834148735,0.797168925227679,NA,NA,"calibrated","rate",0.00466522350732113,0.585223954381897,NA
"Insured","Disability insured 35-39, men",2020,0.796760824531016,0.795716006852363,NA,NA,"calibrated","rate",0.0010448176786535,0.131305348850086,NA
"Insured","Disability insured 40-44, men",2020,0.804334664470198,0.792901921077674,NA,NA,"calibrated","rate",0.0114327433925238,1.44188620163574,NA
"Insured","Disability insured 45-49, men",2020,0.802880362702396,0.799802352096464,NA,NA,"calibrated","rate",0.00307801060593238,0.384846405848172,NA
"Insured","Disability insured 50-54, men",2020,0.816072974473473,0.809465307389165,NA,NA,"calibrated","rate",0.00660766708430849,0.81630021990946,NA
"Insured","Disability insured 55-59, men",2020,0.81174555530125,0.81858156347797,NA,NA,"calibrated","rate",-0.00683600817672003,-0.835104097345574,NA
"Insured","Disability insured 60-64, men",2020,0.797869590466579,0.798289932223133,NA,NA,"calibrated","rate",-0.00042034175655381,-0.0526552746798692,NA
"Insured","Disability insured 25-29, men",2021,0.799323807681987,0.811326449519158,NA,NA,"calibrated","rate",-0.012002641837171,-1.4793850051708,NA
"Insured","Disability insured 30-34, men",2021,0.806071996876345,0.807350765109258,NA,NA,"calibrated","rate",-0.00127876823291362,-0.158390663411412,NA
"Insured","Disability insured 35-39, men",2021,0.801341177136982,0.797815138938297,NA,NA,"calibrated","rate",0.00352603819868524,0.441961806262237,NA
"Insured","Disability insured 40-44, men",2021,0.80766312149989,0.798619714949111,NA,NA,"calibrated","rate",0.00904340655077918,1.13237957710015,NA
"Insured","Disability insured 45-49, men",2021,0.801914159517628,0.799530771124808,NA,NA,"calibrated","rate",0.00238338839282015,0.29809839457049,NA
"Insured","Disability insured 50-54, men",2021,0.812644855831119,0.806402693996309,NA,NA,"calibrated","rate",0.00624216183481008,0.774075022477372,NA
"Insured","Disability insured 55-59, men",2021,0.812956574919036,0.821169662031649,NA,NA,"calibrated","rate",-0.00821308711261304,-1.00016933069509,NA
"Insured","Disability insured 60-64, men",2021,0.795778527655722,0.801134416215698,NA,NA,"calibrated","rate",-0.00535588855997571,-0.668538069463454,NA
"Insured","Disability insured 25-29, men",2022,0.800992385093841,0.813812024997159,NA,NA,"calibrated","rate",-0.0128196399033181,-1.5752581074681,NA
"Insured","Disability insured 30-34, men",2022,0.808430920278908,0.806080876205885,NA,NA,"calibrated","rate",0.00235004407302275,0.29153948969538,NA
"Insured","Disability insured 35-39, men",2022,0.805985610405496,0.801655585922475,NA,NA,"calibrated","rate",0.00433002448302078,0.540135259961816,NA
"Insured","Disability insured 40-44, men",2022,0.809128791993666,0.798012662088186,NA,NA,"calibrated","rate",0.0111161299054803,1.39297663227451,NA
"Insured","Disability insured 45-49, men",2022,0.804234404661158,0.795116540584849,NA,NA,"calibrated","rate",0.00911786407630888,1.14673303986383,NA
"Insured","Disability insured 50-54, men",2022,0.808672258839277,0.803299854300116,NA,NA,"calibrated","rate",0.00537240453916099,0.668791922518364,NA
"Insured","Disability insured 55-59, men",2022,0.813817326826937,0.819341988115997,NA,NA,"calibrated","rate",-0.00552466128906048,-0.674280260158999,NA
"Insured","Disability insured 60-64, men",2022,0.794561109829878,0.803477997348893,NA,NA,"calibrated","rate",-0.00891688751901476,-1.10978614827493,NA
"Insured","Disability insured 25-29, men",2023,0.79684090059058,0.79848684794785,NA,NA,"out of sample","rate",-0.00164594735726997,-0.206133308457135,NA
"Insured","Disability insured 30-34, men",2023,0.805926743743171,0.799671343865269,NA,NA,"out of sample","rate",0.00625539987790191,0.782246347313875,NA
"Insured","Disability insured 35-39, men",2023,0.803284950085276,0.797854183232019,NA,NA,"out of sample","rate",0.00543076685325639,0.680671602329253,NA
"Insured","Disability insured 40-44, men",2023,0.804759462421791,0.794113167028851,NA,NA,"out of sample","rate",0.0106462953929398,1.34065216835184,NA
"Insured","Disability insured 45-49, men",2023,0.800706715349967,0.784787663388813,NA,NA,"out of sample","rate",0.0159190519611541,2.02845338985242,NA
"Insured","Disability insured 50-54, men",2023,0.800709939031192,0.800893226541178,NA,NA,"out of sample","rate",-0.000183287509986085,-0.0228853864550294,NA
"Insured","Disability insured 55-59, men",2023,0.806281081261412,0.817937712738991,NA,NA,"out of sample","rate",-0.0116566314775781,-1.42512459029968,NA
"Insured","Disability insured 60-64, men",2023,0.787959805436441,0.799693360790768,NA,NA,"out of sample","rate",-0.0117335553543272,-1.46725681737867,NA
"Insured","Disability insured 25-29, men",2024,0.792859628140832,0.786857967192726,NA,NA,"out of sample","rate",0.00600166094810595,0.76273752040894,NA
"Insured","Disability insured 30-34, men",2024,0.800701864583057,0.799370718194211,NA,NA,"out of sample","rate",0.00133114638884591,0.166524286985759,NA
"Insured","Disability insured 35-39, men",2024,0.79817360031831,0.798205759577155,NA,NA,"out of sample","rate",-3.21592588453656e-05,-0.00402894347222293,NA
"Insured","Disability insured 40-44, men",2024,0.798300552895737,0.791000458597627,NA,NA,"out of sample","rate",0.00730009429810952,0.922893813620784,NA
"Insured","Disability insured 45-49, men",2024,0.795297072714253,0.77667438565758,NA,NA,"out of sample","rate",0.0186226870566738,2.39774703538171,NA
"Insured","Disability insured 50-54, men",2024,0.792862121402184,0.797579683091894,NA,NA,"out of sample","rate",-0.00471756168971005,-0.591484686698884,NA
"Insured","Disability insured 55-59, men",2024,0.795914834135448,0.812083089790187,NA,NA,"out of sample","rate",-0.0161682556547396,-1.9909607598056,NA
"Insured","Disability insured 60-64, men",2024,0.778972723849561,0.797502482517406,NA,NA,"out of sample","rate",-0.0185297586678455,-2.32347347802031,NA
"Insured","Disability insured 25-29, men",2025,0.788618679713877,0.788845816522964,NA,NA,"out of sample","rate",-0.000227136809087258,-0.0287935619774804,NA
"Insured","Disability insured 30-34, men",2025,0.795454948113594,0.806152305534371,NA,NA,"out of sample","rate",-0.0106973574207773,-1.32696481140575,NA
"Insured","Disability insured 35-39, men",2025,0.796962216568819,0.805141007474504,NA,NA,"out of sample","rate",-0.00817879090568507,-1.01582093443975,NA
"Insured","Disability insured 40-44, men",2025,0.792787103078394,0.791184121842875,NA,NA,"out of sample","rate",0.0016029812355185,0.202605334367023,NA
"Insured","Disability insured 45-49, men",2025,0.793865038418313,0.772022302741206,NA,NA,"out of sample","rate",0.0218427356771078,2.82928816946755,NA
"Insured","Disability insured 50-54, men",2025,0.788070644091675,0.793940100463767,NA,NA,"out of sample","rate",-0.0058694563720918,-0.739282014935794,NA
"Insured","Disability insured 55-59, men",2025,0.788307073779267,0.807393652822093,NA,NA,"out of sample","rate",-0.019086579042826,-2.36397437310938,NA
"Insured","Disability insured 60-64, men",2025,0.775181822867711,0.799526129573004,NA,NA,"out of sample","rate",-0.0243443067052932,-3.04484191383395,NA
"Insured","Disability insured 25-29, women",1990,0.746967589271219,0.756578369773766,NA,NA,"in sample","rate",-0.00961078050254693,-1.27029543620455,NA
"Insured","Disability insured 30-34, women",1990,0.72353766115778,0.694406320865867,NA,NA,"in sample","rate",0.0291313402919124,4.19514330681612,NA
"Insured","Disability insured 35-39, women",1990,0.6672390711848,0.663061818677598,NA,NA,"in sample","rate",0.00417725250720269,0.629994427296943,NA
"Insured","Disability insured 40-44, women",1990,0.666865643004397,0.65876208792329,NA,NA,"in sample","rate",0.00810355508110727,1.23011861636624,NA
"Insured","Disability insured 45-49, women",1990,0.651838231380916,0.638160887525392,NA,NA,"in sample","rate",0.013677343855524,2.14324383127911,NA
"Insured","Disability insured 50-54, women",1990,0.621022544246568,0.607581085209602,NA,NA,"in sample","rate",0.0134414590369653,2.21229056732868,NA
"Insured","Disability insured 55-59, women",1990,0.551967152347421,0.550845594276761,NA,NA,"in sample","rate",0.00112155807066039,0.203606615413343,NA
"Insured","Disability insured 60-64, women",1990,0.405680153526954,0.479932118401173,NA,NA,"in sample","rate",-0.0742519648742198,-15.4713473066941,NA
"Insured","Disability insured 25-29, women",1991,0.750691829973332,0.762182505395831,NA,NA,"in sample","rate",-0.0114906754224989,-1.50760157064106,NA
"Insured","Disability insured 30-34, women",1991,0.723516887068302,0.701740501226281,NA,NA,"in sample","rate",0.0217763858420212,3.10319638156376,NA
"Insured","Disability insured 35-39, women",1991,0.674492367682725,0.673546849886793,NA,NA,"in sample","rate",0.000945517795931439,0.140378920351325,NA
"Insured","Disability insured 40-44, women",1991,0.676935614416177,0.671208289401747,NA,NA,"in sample","rate",0.00572732501443007,0.853285798888881,NA
"Insured","Disability insured 45-49, women",1991,0.666307310322672,0.654048189726114,NA,NA,"in sample","rate",0.012259120596558,1.87434516127802,NA
"Insured","Disability insured 50-54, women",1991,0.632338020720724,0.617873178439174,NA,NA,"in sample","rate",0.0144648422815495,2.34106978362283,NA
"Insured","Disability insured 55-59, women",1991,0.564575781223701,0.563743226470769,NA,NA,"in sample","rate",0.000832554752931425,0.147683327060699,NA
"Insured","Disability insured 60-64, women",1991,0.412382862987081,0.489124038050185,NA,NA,"in sample","rate",-0.0767411750631039,-15.6895120855275,NA
"Insured","Disability insured 25-29, women",1992,0.758514354560801,0.761159824956259,NA,NA,"in sample","rate",-0.00264547039545826,-0.347557807009891,NA
"Insured","Disability insured 30-34, women",1992,0.726097230597243,0.714360902308053,NA,NA,"in sample","rate",0.01173632828919,1.64291302215318,NA
"Insured","Disability insured 35-39, women",1992,0.682856174242427,0.682303508268851,NA,NA,"in sample","rate",0.000552665973575839,0.0810000193283589,NA
"Insured","Disability insured 40-44, women",1992,0.688355464759128,0.682534730925851,NA,NA,"in sample","rate",0.00582073383327719,0.852811376408846,NA
"Insured","Disability insured 45-49, women",1992,0.684415204221454,0.668491123149844,NA,NA,"in sample","rate",0.0159240810716096,2.38209312287909,NA
"Insured","Disability insured 50-54, women",1992,0.645238047268975,0.636350004328757,NA,NA,"in sample","rate",0.00888804294021783,1.3967223822986,NA
"Insured","Disability insured 55-59, women",1992,0.580382468062699,0.571780397526706,NA,NA,"in sample","rate",0.00860207053599327,1.50443606902273,NA
"Insured","Disability insured 60-64, women",1992,0.423283657162572,0.500602942071043,NA,NA,"in sample","rate",-0.0773192849084718,-15.4452318215699,NA
"Insured","Disability insured 25-29, women",1993,0.764687699431452,0.758220741381644,NA,NA,"in sample","rate",0.00646695804980746,0.852912311264831,NA
"Insured","Disability insured 30-34, women",1993,0.730517851458028,0.718317479241706,NA,NA,"in sample","rate",0.0122003722163222,1.69846517297638,NA
"Insured","Disability insured 35-39, women",1993,0.690281585568789,0.694023186249466,NA,NA,"in sample","rate",-0.00374160068067697,-0.539117533075051,NA
"Insured","Disability insured 40-44, women",1993,0.699424687742093,0.69298808969814,NA,NA,"in sample","rate",0.00643659804395291,0.928817989751685,NA
"Insured","Disability insured 45-49, women",1993,0.701279988759528,0.681795671046115,NA,NA,"in sample","rate",0.0194843177134132,2.85779428366235,NA
"Insured","Disability insured 50-54, women",1993,0.65841595529591,0.647482285574773,NA,NA,"in sample","rate",0.0109336697211372,1.68864383856175,NA
"Insured","Disability insured 55-59, women",1993,0.594804029004267,0.585327817187438,NA,NA,"in sample","rate",0.00947621181682923,1.61895805027061,NA
"Insured","Disability insured 60-64, women",1993,0.436666058702931,0.510262490800556,NA,NA,"in sample","rate",-0.0735964320976249,-14.4232494891323,NA
"Insured","Disability insured 25-29, women",1994,0.767331003890176,0.760488250636312,NA,NA,"in sample","rate",0.00684275325386363,0.89978421732857,NA
"Insured","Disability insured 30-34, women",1994,0.736713478262495,0.72483241483526,NA,NA,"in sample","rate",0.0118810634272347,1.6391462611306,NA
"Insured","Disability insured 35-39, women",1994,0.698119705332834,0.700140423693969,NA,NA,"in sample","rate",-0.00202071836113427,-0.288616153667132,NA
"Insured","Disability insured 40-44, women",1994,0.71244554326142,0.702894513561701,NA,NA,"in sample","rate",0.0095510296997191,1.35881409165113,NA
"Insured","Disability insured 45-49, women",1994,0.716373979456642,0.694101383267132,NA,NA,"in sample","rate",0.0222725961895099,3.20883904375366,NA
"Insured","Disability insured 50-54, women",1994,0.671165356234085,0.658387320254528,NA,NA,"in sample","rate",0.0127780359795567,1.94080833370498,NA
"Insured","Disability insured 55-59, women",1994,0.609375877459334,0.59587000328984,NA,NA,"in sample","rate",0.0135058741694937,2.26658064593397,NA
"Insured","Disability insured 60-64, women",1994,0.450173470292774,0.518742878946154,NA,NA,"in sample","rate",-0.06856940865338,-13.2183807115929,NA
"Insured","Disability insured 25-29, women",1995,0.767815497594093,0.760043993322129,NA,NA,"in sample","rate",0.00777150427196394,1.02250716277552,NA
"Insured","Disability insured 30-34, women",1995,0.744034451946473,0.726718290567592,NA,NA,"in sample","rate",0.0173161613788808,2.3827887096878,NA
"Insured","Disability insured 35-39, women",1995,0.704311930618642,0.706391806655093,NA,NA,"in sample","rate",-0.00207987603645043,-0.294436602584491,NA
"Insured","Disability insured 40-44, women",1995,0.719866155033048,0.708044370654316,NA,NA,"in sample","rate",0.0118217843787315,1.66963891935286,NA
"Insured","Disability insured 45-49, women",1995,0.726400438153509,0.707321542870347,NA,NA,"in sample","rate",0.0190788952831622,2.69734401213613,NA
"Insured","Disability insured 50-54, women",1995,0.682633324939834,0.668287286066237,NA,NA,"in sample","rate",0.0143460388735963,2.14668738620509,NA
"Insured","Disability insured 55-59, women",1995,0.623012578035764,0.610662856619194,NA,NA,"in sample","rate",0.0123497214165706,2.02234691085392,NA
"Insured","Disability insured 60-64, women",1995,0.464902440408596,0.525777214338725,NA,NA,"in sample","rate",-0.0608747739301282,-11.5780547863207,NA
"Insured","Disability insured 25-29, women",1996,0.765402981344135,0.762938054508953,NA,NA,"in sample","rate",0.00246492683518229,0.32308348241572,NA
"Insured","Disability insured 30-34, women",1996,0.750877547469027,0.729122800547257,NA,NA,"in sample","rate",0.0217547469217696,2.98368764568069,NA
"Insured","Disability insured 35-39, women",1996,0.709097310674639,0.710683817364694,NA,NA,"in sample","rate",-0.00158650669005489,-0.223236642131219,NA
"Insured","Disability insured 40-44, women",1996,0.7237654165049,0.713373386035524,NA,NA,"in sample","rate",0.0103920304693756,1.45674490705743,NA
"Insured","Disability insured 45-49, women",1996,0.733737183508847,0.715504930910443,NA,NA,"in sample","rate",0.0182322525984038,2.54816589107278,NA
"Insured","Disability insured 50-54, women",1996,0.695487163586246,0.679902340828848,NA,NA,"in sample","rate",0.0155848227573975,2.29221489933371,NA
"Insured","Disability insured 55-59, women",1996,0.634178668609616,0.624007875131227,NA,NA,"in sample","rate",0.010170793478389,1.62991428213148,NA
"Insured","Disability insured 60-64, women",1996,0.480822559915229,0.53560219865254,NA,NA,"in sample","rate",-0.054779638737311,-10.2276724918465,NA
"Insured","Disability insured 25-29, women",1997,0.763912504417621,0.765799595706531,NA,NA,"in sample","rate",-0.00188709128890985,-0.246421034888222,NA
"Insured","Disability insured 30-34, women",1997,0.752292327463797,0.729688981771254,NA,NA,"in sample","rate",0.0226033456925436,3.09766849400357,NA
"Insured","Disability insured 35-39, women",1997,0.709858888644758,0.719330425128242,NA,NA,"in sample","rate",-0.00947153648348409,-1.31671567788829,NA
"Insured","Disability insured 40-44, women",1997,0.724539997493364,0.716080407694358,NA,NA,"in sample","rate",0.00845958979900652,1.1813742853606,NA
"Insured","Disability insured 45-49, women",1997,0.738207564183277,0.721385501828103,NA,NA,"in sample","rate",0.0168220623551745,2.33191023558759,NA
"Insured","Disability insured 50-54, women",1997,0.707432028135969,0.69096642665747,NA,NA,"in sample","rate",0.0164656014784991,2.38298140738196,NA
"Insured","Disability insured 55-59, women",1997,0.643820822252117,0.637863726836675,NA,NA,"in sample","rate",0.00595709541544243,0.933913493558425,NA
"Insured","Disability insured 60-64, women",1997,0.494285076009754,0.543296298060092,NA,NA,"in sample","rate",-0.0490112220503379,-9.02108522096298,NA
"Insured","Disability insured 25-29, women",1998,0.76323562859427,0.774730077250704,NA,NA,"in sample","rate",-0.0114944486564338,-1.48367140943131,NA
"Insured","Disability insured 30-34, women",1998,0.753737723399131,0.732229259785567,NA,NA,"in sample","rate",0.0215084636135634,2.93739471977152,NA
"Insured","Disability insured 35-39, women",1998,0.710958511775751,0.720967128856864,NA,NA,"in sample","rate",-0.010008617081113,-1.38822099933769,NA
"Insured","Disability insured 40-44, women",1998,0.724406859262339,0.722641743555867,NA,NA,"in sample","rate",0.0017651157064722,0.244258752308801,NA
"Insured","Disability insured 45-49, women",1998,0.740039595263823,0.727257008304018,NA,NA,"in sample","rate",0.0127825869598048,1.75764369594926,NA
"Insured","Disability insured 50-54, women",1998,0.719889812763112,0.700318779563239,NA,NA,"in sample","rate",0.0195710331998732,2.79458923150382,NA
"Insured","Disability insured 55-59, women",1998,0.65426945126028,0.64763334371321,NA,NA,"in sample","rate",0.00663610754707022,1.02467045767318,NA
"Insured","Disability insured 60-64, women",1998,0.506916242555825,0.55313380596393,NA,NA,"in sample","rate",-0.0462175634081057,-8.35558465416224,NA
"Insured","Disability insured 25-29, women",1999,0.76617953803656,0.779041346229405,NA,NA,"in sample","rate",-0.0128618081928453,-1.65097889285299,NA
"Insured","Disability insured 30-34, women",1999,0.75413338715133,0.739939445375573,NA,NA,"in sample","rate",0.0141939417757572,1.91825721205507,NA
"Insured","Disability insured 35-39, women",1999,0.712653202710265,0.726618420217799,NA,NA,"in sample","rate",-0.0139652175075342,-1.92194652914913,NA
"Insured","Disability insured 40-44, women",1999,0.723998603802064,0.726362540243583,NA,NA,"in sample","rate",-0.00236393644151944,-0.32544856191602,NA
"Insured","Disability insured 45-49, women",1999,0.740221570349979,0.734471051047007,NA,NA,"in sample","rate",0.00575051930297232,0.782947033075687,NA
"Insured","Disability insured 50-54, women",1999,0.728098725946356,0.711016458494106,NA,NA,"in sample","rate",0.0170822674522498,2.40251364763471,NA
"Insured","Disability insured 55-59, women",1999,0.665818142655078,0.654817626521952,NA,NA,"in sample","rate",0.011000516133126,1.67993586115802,NA
"Insured","Disability insured 60-64, women",1999,0.518885710914153,0.563655217409119,NA,NA,"in sample","rate",-0.0447695064949664,-7.94271127317024,NA
"Insured","Disability insured 25-29, women",2000,0.772431569688347,0.784595628732588,NA,NA,"in sample","rate",-0.0121640590442417,-1.55036028736116,NA
"Insured","Disability insured 30-34, women",2000,0.759671614594692,0.742574233533177,NA,NA,"in sample","rate",0.0170973810615141,2.30244739036589,NA
"Insured","Disability insured 35-39, women",2000,0.718222870767475,0.732762358577524,NA,NA,"in sample","rate",-0.0145394878100483,-1.98420233242782,NA
"Insured","Disability insured 40-44, women",2000,0.727529474836707,0.732890352978295,NA,NA,"in sample","rate",-0.00536087814158781,-0.731470692689906,NA
"Insured","Disability insured 45-49, women",2000,0.743884221793556,0.738483201238807,NA,NA,"in sample","rate",0.00540102055474889,0.731366745470807,NA
"Insured","Disability insured 50-54, women",2000,0.73402140409656,0.723124256583718,NA,NA,"in sample","rate",0.0108971475128423,1.50695366856093,NA
"Insured","Disability insured 55-59, women",2000,0.679236859887506,0.662667119753375,NA,NA,"in sample","rate",0.0165697401341307,2.50046209329013,NA
"Insured","Disability insured 60-64, women",2000,0.53454033914142,0.577843703667324,NA,NA,"in sample","rate",-0.0433033645259039,-7.49395801166928,NA
"Insured","Disability insured 25-29, women",2001,0.77925727639614,0.785924635368765,NA,NA,"in sample","rate",-0.00666735897262549,-0.848345842918774,NA
"Insured","Disability insured 30-34, women",2001,0.76306939873364,0.747681372441817,NA,NA,"in sample","rate",0.015388026291823,2.0580994604116,NA
"Insured","Disability insured 35-39, women",2001,0.726259203026694,0.736148508336794,NA,NA,"in sample","rate",-0.00988930531010002,-1.34338454783305,NA
"Insured","Disability insured 40-44, women",2001,0.736147932305405,0.739256602187873,NA,NA,"in sample","rate",-0.00310866988246816,-0.420512968469655,NA
"Insured","Disability insured 45-49, women",2001,0.749047261914538,0.744485496851622,NA,NA,"in sample","rate",0.00456176506291583,0.612740621839802,NA
"Insured","Disability insured 50-54, women",2001,0.741496374701789,0.732295830834659,NA,NA,"in sample","rate",0.00920054386713065,1.25639713893277,NA
"Insured","Disability insured 55-59, women",2001,0.693923682173504,0.673312123232078,NA,NA,"in sample","rate",0.0206115589414261,3.06121904392351,NA
"Insured","Disability insured 60-64, women",2001,0.549978270385015,0.588944237507087,NA,NA,"in sample","rate",-0.0389659671220725,-6.61624049281976,NA
"Insured","Disability insured 25-29, women",2002,0.783948948913238,0.78706199232649,NA,NA,"in sample","rate",-0.00311304341325214,-0.395527092351422,NA
"Insured","Disability insured 30-34, women",2002,0.764872983121146,0.748281694999034,NA,NA,"in sample","rate",0.0165912881221123,2.21725163571371,NA
"Insured","Disability insured 35-39, women",2002,0.733177730505586,0.739060466854259,NA,NA,"in sample","rate",-0.00588273634867353,-0.795974972617985,NA
"Insured","Disability insured 40-44, women",2002,0.742815338174033,0.7467886418594,NA,NA,"in sample","rate",-0.00397330368536708,-0.532051970618364,NA
"Insured","Disability insured 45-49, women",2002,0.755403734385288,0.748133746363617,NA,NA,"in sample","rate",0.00726998802167111,0.971749778299347,NA
"Insured","Disability insured 50-54, women",2002,0.749122106857517,0.739156857750836,NA,NA,"in sample","rate",0.0099652491066814,1.34819138890281,NA
"Insured","Disability insured 55-59, women",2002,0.710546132810991,0.686749955834016,NA,NA,"in sample","rate",0.0237961769769757,3.46504237456799,NA
"Insured","Disability insured 60-64, women",2002,0.572320039573235,0.603096499734157,NA,NA,"in sample","rate",-0.0307764601609219,-5.10307391511775,NA
"Insured","Disability insured 25-29, women",2003,0.786839925462183,0.786877870763672,NA,NA,"in sample","rate",-3.79453014892617e-05,-0.00482226059457247,NA
"Insured","Disability insured 30-34, women",2003,0.76313906075834,0.753104695277312,NA,NA,"in sample","rate",0.0100343654810279,1.33239980363327,NA
"Insured","Disability insured 35-39, women",2003,0.738887985463416,0.740057881926012,NA,NA,"in sample","rate",-0.00116989646259513,-0.158081751599004,NA
"Insured","Disability insured 40-44, women",2003,0.74707020428649,0.747943668550266,NA,NA,"in sample","rate",-0.000873464263775547,-0.116782092088374,NA
"Insured","Disability insured 45-49, women",2003,0.761667522893486,0.755111441328768,NA,NA,"in sample","rate",0.00655608156471799,0.868227019998691,NA
"Insured","Disability insured 50-54, women",2003,0.756794214160401,0.744888365262052,NA,NA,"in sample","rate",0.0119058488983492,1.59834002698656,NA
"Insured","Disability insured 55-59, women",2003,0.724424333058303,0.697818593241255,NA,NA,"in sample","rate",0.0266057398170477,3.81270147782511,NA
"Insured","Disability insured 60-64, women",2003,0.593913754852543,0.613946864306331,NA,NA,"in sample","rate",-0.0200331094537886,-3.26300379047021,NA
"Insured","Disability insured 25-29, women",2004,0.786389546663651,0.783150789294755,NA,NA,"in sample","rate",0.00323875736889667,0.41355476022864,NA
"Insured","Disability insured 30-34, women",2004,0.759911802895648,0.751707938434321,NA,NA,"in sample","rate",0.00820386446132726,1.09136328644002,NA
"Insured","Disability insured 35-39, women",2004,0.738477634107407,0.743205979118727,NA,NA,"in sample","rate",-0.00472834501131913,-0.636209226535811,NA
"Insured","Disability insured 40-44, women",2004,0.747711524839947,0.747695579195106,NA,NA,"in sample","rate",1.59456448409756e-05,0.00213263864126123,NA
"Insured","Disability insured 45-49, women",2004,0.766731602496128,0.756915235074877,NA,NA,"in sample","rate",0.00981636742125103,1.29689124572581,NA
"Insured","Disability insured 50-54, women",2004,0.764262403331387,0.751257595561995,NA,NA,"in sample","rate",0.0130048077693917,1.73107171843809,NA
"Insured","Disability insured 55-59, women",2004,0.735124394844815,0.709028853471754,NA,NA,"in sample","rate",0.0260955413730606,3.6804625432779,NA
"Insured","Disability insured 60-64, women",2004,0.612380403920558,0.621426231106348,NA,NA,"in sample","rate",-0.00904582718579039,-1.45565583378831,NA
"Insured","Disability insured 25-29, women",2005,0.781708335084485,0.779817980067291,NA,NA,"in sample","rate",0.00189035501719437,0.242409775808361,NA
"Insured","Disability insured 30-34, women",2005,0.756369317344587,0.748480475968786,NA,NA,"in sample","rate",0.00788884137580059,1.05398091588025,NA
"Insured","Disability insured 35-39, women",2005,0.731599016216755,0.739612909840159,NA,NA,"in sample","rate",-0.0080138936234041,-1.08352538426296,NA
"Insured","Disability insured 40-44, women",2005,0.742842074702581,0.746838880430372,NA,NA,"in sample","rate",-0.00399680572779104,-0.535163049557341,NA
"Insured","Disability insured 45-49, women",2005,0.765517969156617,0.756820546291714,NA,NA,"in sample","rate",0.00869742286490305,1.14920543681312,NA
"Insured","Disability insured 50-54, women",2005,0.765650603122732,0.754551505662778,NA,NA,"in sample","rate",0.0110990974599539,1.47095292722326,NA
"Insured","Disability insured 55-59, women",2005,0.742257414032805,0.716221502711083,NA,NA,"in sample","rate",0.0260359113217213,3.63517588108828,NA
"Insured","Disability insured 60-64, women",2005,0.627251487815997,0.628221637966724,NA,NA,"in sample","rate",-0.000970150150727433,-0.15442800631118,NA
"Insured","Disability insured 25-29, women",2006,0.77630639518556,0.778706530022951,NA,NA,"in sample","rate",-0.00240013483739066,-0.308220715359853,NA
"Insured","Disability insured 30-34, women",2006,0.752661781928337,0.741933965023521,NA,NA,"in sample","rate",0.0107278169048161,1.44592610805681,NA
"Insured","Disability insured 35-39, women",2006,0.723634017789271,0.740190089668796,NA,NA,"in sample","rate",-0.0165560718795243,-2.23673244354468,NA
"Insured","Disability insured 40-44, women",2006,0.73556829979224,0.743896690046573,NA,NA,"in sample","rate",-0.00832839025433307,-1.1195627518939,NA
"Insured","Disability insured 45-49, women",2006,0.760866937320028,0.75770776286654,NA,NA,"in sample","rate",0.00315917445348823,0.416938377605702,NA
"Insured","Disability insured 50-54, women",2006,0.763790901395741,0.756224753925307,NA,NA,"in sample","rate",0.00756614747043449,1.00051571059545,NA
"Insured","Disability insured 55-59, women",2006,0.746077612294789,0.723848698117325,NA,NA,"in sample","rate",0.022228914177464,3.07093377874128,NA
"Insured","Disability insured 60-64, women",2006,0.64166428206236,0.636683073464994,NA,NA,"in sample","rate",0.0049812085973665,0.782368623412188,NA
"Insured","Disability insured 25-29, women",2007,0.7732542384192,0.780147887076387,NA,NA,"in sample","rate",-0.00689364865718778,-0.883633574016562,NA
"Insured","Disability insured 30-34, women",2007,0.750532221051776,0.750800835494521,NA,NA,"in sample","rate",-0.000268614442744841,-0.035777056983155,NA
"Insured","Disability insured 35-39, women",2007,0.719868503482358,0.737065562454258,NA,NA,"in sample","rate",-0.0171970589718999,-2.33317900712084,NA
"Insured","Disability insured 40-44, women",2007,0.732849378889127,0.742195576525323,NA,NA,"in sample","rate",-0.00934619763619615,-1.25926345181838,NA
"Insured","Disability insured 45-49, women",2007,0.756304130273714,0.760396840484064,NA,NA,"in sample","rate",-0.00409271021035018,-0.538233458169657,NA
"Insured","Disability insured 50-54, women",2007,0.763964675576811,0.758323111626537,NA,NA,"in sample","rate",0.00564156395027415,0.74395252680266,NA
"Insured","Disability insured 55-59, women",2007,0.748075856126888,0.729488833080235,NA,NA,"in sample","rate",0.0185870230466527,2.5479516894275,NA
"Insured","Disability insured 60-64, women",2007,0.661172802322105,0.650529578127477,NA,NA,"in sample","rate",0.0106432241946278,1.63608612928314,NA
"Insured","Disability insured 25-29, women",2008,0.770493313438869,0.788165946970734,NA,NA,"in sample","rate",-0.0176726335318655,-2.24224779055593,NA
"Insured","Disability insured 30-34, women",2008,0.749318251198456,0.756835340972952,NA,NA,"in sample","rate",-0.00751708977449606,-0.993226580147866,NA
"Insured","Disability insured 35-39, women",2008,0.717436157707197,0.742846088026973,NA,NA,"in sample","rate",-0.0254099303197753,-3.42061844698746,NA
"Insured","Disability insured 40-44, women",2008,0.731728906749345,0.740514423041821,NA,NA,"in sample","rate",-0.00878551629247615,-1.18640718115763,NA
"Insured","Disability insured 45-49, women",2008,0.753454984152411,0.759054500423195,NA,NA,"in sample","rate",-0.00559951627078381,-0.737696208593974,NA
"Insured","Disability insured 50-54, women",2008,0.7659957245772,0.763550954826558,NA,NA,"in sample","rate",0.00244476975064245,0.320184230690645,NA
"Insured","Disability insured 55-59, women",2008,0.749096002541484,0.734684557739027,NA,NA,"in sample","rate",0.0144114448024566,1.96158264804251,NA
"Insured","Disability insured 60-64, women",2008,0.681857281378118,0.661504042108095,NA,NA,"in sample","rate",0.020353239270023,3.07681253241641,NA
"Insured","Disability insured 25-29, women",2009,0.769368058277404,0.785539179098289,NA,NA,"in sample","rate",-0.0161711208208845,-2.05860143595219,NA
"Insured","Disability insured 30-34, women",2009,0.75015647888071,0.757253510722559,NA,NA,"in sample","rate",-0.00709703184184884,-0.937206858912676,NA
"Insured","Disability insured 35-39, women",2009,0.719091572663599,0.74070576859145,NA,NA,"in sample","rate",-0.0216141959278511,-2.91805421860739,NA
"Insured","Disability insured 40-44, women",2009,0.732295742999865,0.742763452804995,NA,NA,"in sample","rate",-0.0104677098051297,-1.40929252315782,NA
"Insured","Disability insured 45-49, women",2009,0.752542459545719,0.757195367739878,NA,NA,"in sample","rate",-0.00465290819415931,-0.614492427238111,NA
"Insured","Disability insured 50-54, women",2009,0.768803003000126,0.764780801453208,NA,NA,"in sample","rate",0.00402220154691757,0.525928676461906,NA
"Insured","Disability insured 55-59, women",2009,0.752607242654823,0.740842420192114,NA,NA,"in sample","rate",0.0117648224627086,1.58803304752146,NA
"Insured","Disability insured 60-64, women",2009,0.69326510623607,0.671406537305165,NA,NA,"in sample","rate",0.0218585689309048,3.25563838246776,NA
"Insured","Disability insured 25-29, women",2010,0.765747640387795,0.777854227500757,NA,NA,"in sample","rate",-0.0121065871129621,-1.5564082169818,NA
"Insured","Disability insured 30-34, women",2010,0.751669570706621,0.75232946138613,NA,NA,"in sample","rate",-0.000659890679509445,-0.0877129918976705,NA
"Insured","Disability insured 35-39, women",2010,0.722720911334413,0.739307275802636,NA,NA,"in sample","rate",-0.0165863644682237,-2.24350077580618,NA
"Insured","Disability insured 40-44, women",2010,0.732222727120611,0.737295236439861,NA,NA,"in sample","rate",-0.00507250931924996,-0.687988890819824,NA
"Insured","Disability insured 45-49, women",2010,0.751948110957813,0.755134983782828,NA,NA,"in sample","rate",-0.00318687282501506,-0.422026908229112,NA
"Insured","Disability insured 50-54, women",2010,0.770438028624201,0.761263878603086,NA,NA,"in sample","rate",0.00917415002111532,1.20512088895506,NA
"Insured","Disability insured 55-59, women",2010,0.755148118387202,0.74231069615431,NA,NA,"in sample","rate",0.0128374222328922,1.72938667048703,NA
"Insured","Disability insured 60-64, women",2010,0.692859422771116,0.675634092630103,NA,NA,"in sample","rate",0.0172253301410132,2.54950576486728,NA
"Insured","Disability insured 25-29, women",2011,0.760604772956681,0.771225572936533,NA,NA,"in sample","rate",-0.0106207999798527,-1.37713275500094,NA
"Insured","Disability insured 30-34, women",2011,0.750479451961046,0.749088963951899,NA,NA,"in sample","rate",0.00139048800914732,0.185623881282626,NA
"Insured","Disability insured 35-39, women",2011,0.725829984404616,0.732777518401992,NA,NA,"in sample","rate",-0.00694753399737624,-0.948109599831493,NA
"Insured","Disability insured 40-44, women",2011,0.731401666663395,0.737289496085449,NA,NA,"in sample","rate",-0.00588782942205435,-0.798577689403557,NA
"Insured","Disability insured 45-49, women",2011,0.751648849217055,0.750976753298361,NA,NA,"in sample","rate",0.000672095918693438,0.0894962348356954,NA
"Insured","Disability insured 50-54, women",2011,0.77004039936572,0.760067348576365,NA,NA,"in sample","rate",0.00997305078935518,1.31212724872802,NA
"Insured","Disability insured 55-59, women",2011,0.75989942465782,0.743940288898236,NA,NA,"in sample","rate",0.0159591357595843,2.14521729737471,NA
"Insured","Disability insured 60-64, women",2011,0.689385369699552,0.682765579367999,NA,NA,"in sample","rate",0.00661979033155302,0.969555368869157,NA
"Insured","Disability insured 25-29, women",2012,0.756394055662815,0.766924196290413,NA,NA,"in sample","rate",-0.0105301406275977,-1.37303538974669,NA
"Insured","Disability insured 30-34, women",2012,0.747052730393205,0.746990354342566,NA,NA,"in sample","rate",6.23760506388571e-05,0.0083503154058473,NA
"Insured","Disability insured 35-39, women",2012,0.724441224365399,0.735070799190936,NA,NA,"in sample","rate",-0.0106295748255371,-1.44606136405317,NA
"Insured","Disability insured 40-44, women",2012,0.728041079580993,0.731411743501682,NA,NA,"in sample","rate",-0.00337066392068963,-0.460843560502922,NA
"Insured","Disability insured 45-49, women",2012,0.747374180855408,0.747172015764734,NA,NA,"in sample","rate",0.000202165090673945,0.0270573691744991,NA
"Insured","Disability insured 50-54, women",2012,0.765093674774081,0.760169741186825,NA,NA,"in sample","rate",0.00492393358725574,0.647741329399421,NA
"Insured","Disability insured 55-59, women",2012,0.76274038995825,0.743834271387391,NA,NA,"in sample","rate",0.0189061185708588,2.54171114428423,NA
"Insured","Disability insured 60-64, women",2012,0.692655592284213,0.686542536496633,NA,NA,"in sample","rate",0.00611305578757926,0.890411804456237,NA
"Insured","Disability insured 25-29, women",2013,0.755056968446725,0.76093427670652,NA,NA,"calibrated","rate",-0.00587730825979471,-0.772380537939876,NA
"Insured","Disability insured 30-34, women",2013,0.742297135515108,0.744679639097126,NA,NA,"calibrated","rate",-0.00238250358201764,-0.319936715995928,NA
"Insured","Disability insured 35-39, women",2013,0.718377863803015,0.729796660792832,NA,NA,"calibrated","rate",-0.0114187969898167,-1.56465459535149,NA
"Insured","Disability insured 40-44, women",2013,0.721377593733206,0.731876842451299,NA,NA,"calibrated","rate",-0.0104992487180934,-1.43456495807791,NA
"Insured","Disability insured 45-49, women",2013,0.74081616979019,0.740511518979858,NA,NA,"calibrated","rate",0.000304650810332041,0.0411405903248729,NA
"Insured","Disability insured 50-54, women",2013,0.754775571238011,0.756062473706971,NA,NA,"calibrated","rate",-0.00128690246896068,-0.170211128539555,NA
"Insured","Disability insured 55-59, women",2013,0.759585166245887,0.746875863481391,NA,NA,"calibrated","rate",0.0127093027644954,1.70166200113282,NA
"Insured","Disability insured 60-64, women",2013,0.696181623891427,0.688941034125978,NA,NA,"calibrated","rate",0.00724058976544983,1.05097379990373,NA
"Insured","Disability insured 25-29, women",2014,0.756547849142842,0.758149772559568,NA,NA,"calibrated","rate",-0.00160192341672627,-0.211293793747125,NA
"Insured","Disability insured 30-34, women",2014,0.739674644372007,0.737191570711701,NA,NA,"calibrated","rate",0.00248307366030642,0.336828818852219,NA
"Insured","Disability insured 35-39, women",2014,0.716289404859595,0.724762419140696,NA,NA,"calibrated","rate",-0.00847301428110014,-1.16907472812209,NA
"Insured","Disability insured 40-44, women",2014,0.719030522550876,0.725611830376826,NA,NA,"calibrated","rate",-0.00658130782595034,-0.907001174792388,NA
"Insured","Disability insured 45-49, women",2014,0.735458334685315,0.738722884771884,NA,NA,"calibrated","rate",-0.00326455008656812,-0.441918093220595,NA
"Insured","Disability insured 50-54, women",2014,0.746297172795886,0.749853055294066,NA,NA,"calibrated","rate",-0.00355588249817995,-0.474210576735656,NA
"Insured","Disability insured 55-59, women",2014,0.754835568292979,0.745280347142041,NA,NA,"calibrated","rate",0.00955522115093799,1.28209756068032,NA
"Insured","Disability insured 60-64, women",2014,0.702374608450785,0.692523163373607,NA,NA,"calibrated","rate",0.00985144507717839,1.42254376433957,NA
"Insured","Disability insured 25-29, women",2015,0.759675738732514,0.760110661536867,NA,NA,"calibrated","rate",-0.000434922804352644,-0.0572183533741333,NA
"Insured","Disability insured 30-34, women",2015,0.739363338327411,0.733051971359064,NA,NA,"calibrated","rate",0.00631136696834655,0.860971283747514,NA
"Insured","Disability insured 35-39, women",2015,0.716742587358673,0.720940966823685,NA,NA,"calibrated","rate",-0.00419837946501245,-0.582347190437749,NA
"Insured","Disability insured 40-44, women",2015,0.717903010572467,0.721702343455704,NA,NA,"calibrated","rate",-0.00379933288323731,-0.52644042487725,NA
"Insured","Disability insured 45-49, women",2015,0.73135588913044,0.731530539223117,NA,NA,"calibrated","rate",-0.000174650092676587,-0.0238746140198143,NA
"Insured","Disability insured 50-54, women",2015,0.741838348280253,0.74780810325879,NA,NA,"calibrated","rate",-0.0059697549785368,-0.798300386492456,NA
"Insured","Disability insured 55-59, women",2015,0.750125168237298,0.742634044915411,NA,NA,"calibrated","rate",0.00749112332188717,1.0087233911745,NA
"Insured","Disability insured 60-64, women",2015,0.71152719547931,0.69535116812092,NA,NA,"calibrated","rate",0.0161760273583894,2.32631051761985,NA
"Insured","Disability insured 25-29, women",2016,0.764859772410364,0.764236538968217,NA,NA,"calibrated","rate",0.000623233442146653,0.0815498095639411,NA
"Insured","Disability insured 30-34, women",2016,0.741070011690687,0.735007453995902,NA,NA,"calibrated","rate",0.00606255769478481,0.824829416603245,NA
"Insured","Disability insured 35-39, women",2016,0.718345608035425,0.721056949156078,NA,NA,"calibrated","rate",-0.0027113411206533,-0.376023159311711,NA
"Insured","Disability insured 40-44, women",2016,0.717670676337194,0.717063355290033,NA,NA,"calibrated","rate",0.000607321047161324,0.0846955910772662,NA
"Insured","Disability insured 45-49, women",2016,0.729001884107741,0.732930046168344,NA,NA,"calibrated","rate",-0.00392816206060387,-0.535953203329531,NA
"Insured","Disability insured 50-54, women",2016,0.73815371090951,0.744010065702693,NA,NA,"calibrated","rate",-0.00585635479318347,-0.787133812182006,NA
"Insured","Disability insured 55-59, women",2016,0.746389568264638,0.742405845199928,NA,NA,"calibrated","rate",0.00398372306471051,0.53659640349919,NA
"Insured","Disability insured 60-64, women",2016,0.713537300185068,0.698093368545701,NA,NA,"calibrated","rate",0.0154439316393662,2.21230172570464,NA
"Insured","Disability insured 25-29, women",2017,0.771786910291699,0.769523541032667,NA,NA,"calibrated","rate",0.0022633692590317,0.294126058313227,NA
"Insured","Disability insured 30-34, women",2017,0.744962173141861,0.738062324528096,NA,NA,"calibrated","rate",0.00689984861376591,0.934859887093897,NA
"Insured","Disability insured 35-39, women",2017,0.720835448039231,0.718470831315913,NA,NA,"calibrated","rate",0.00236461672331811,0.329117985066585,NA
"Insured","Disability insured 40-44, women",2017,0.719636710937083,0.717059514849525,NA,NA,"calibrated","rate",0.00257719608755891,0.359411741171822,NA
"Insured","Disability insured 45-49, women",2017,0.728783025338942,0.727020331473879,NA,NA,"calibrated","rate",0.00176269386506311,0.24245454889682,NA
"Insured","Disability insured 50-54, women",2017,0.737307866299477,0.739174260789164,NA,NA,"calibrated","rate",-0.00186639448968773,-0.252497224090986,NA
"Insured","Disability insured 55-59, women",2017,0.742161400071115,0.74329705335811,NA,NA,"calibrated","rate",-0.00113565328699494,-0.152785926146781,NA
"Insured","Disability insured 60-64, women",2017,0.707789094397915,0.700751930336416,NA,NA,"calibrated","rate",0.00703716406149812,1.00423042118767,NA
"Insured","Disability insured 25-29, women",2018,0.777767537095613,0.779341482174064,NA,NA,"calibrated","rate",-0.00157394507845143,-0.201958334626395,NA
"Insured","Disability insured 30-34, women",2018,0.751874545037262,0.744001712697777,NA,NA,"calibrated","rate",0.00787283233948533,1.05817395378542,NA
"Insured","Disability insured 35-39, women",2018,0.723285620660639,0.721203017749568,NA,NA,"calibrated","rate",0.00208260291107143,0.288767914140187,NA
"Insured","Disability insured 40-44, women",2018,0.722497312232541,0.716510610929457,NA,NA,"calibrated","rate",0.00598670130308365,0.835535609907812,NA
"Insured","Disability insured 45-49, women",2018,0.728594865565964,0.729251755074377,NA,NA,"calibrated","rate",-0.000656889508412362,-0.0900771926624078,NA
"Insured","Disability insured 50-54, women",2018,0.7372235062362,0.734978098826831,NA,NA,"calibrated","rate",0.00224540740936974,0.305506710057601,NA
"Insured","Disability insured 55-59, women",2018,0.738130918770566,0.740603947085967,NA,NA,"calibrated","rate",-0.00247302831540086,-0.333920488154482,NA
"Insured","Disability insured 60-64, women",2018,0.705399025654817,0.706969044584869,NA,NA,"calibrated","rate",-0.00157001893005215,-0.222077464646853,NA
"Insured","Disability insured 25-29, women",2019,0.784000181279267,0.792137822108552,NA,NA,"calibrated","rate",-0.00813764082928514,-1.02730113399003,NA
"Insured","Disability insured 30-34, women",2019,0.760465294255467,0.755404944208323,NA,NA,"calibrated","rate",0.00506035004714389,0.669885746173815,NA
"Insured","Disability insured 35-39, women",2019,0.727646431900207,0.725409807901166,NA,NA,"calibrated","rate",0.00223662399904134,0.30832558020033,NA
"Insured","Disability insured 40-44, women",2019,0.726675429057606,0.721098231837507,NA,NA,"calibrated","rate",0.00557719722009953,0.773430993706326,NA
"Insured","Disability insured 45-49, women",2019,0.728927875919461,0.728152439831602,NA,NA,"calibrated","rate",0.000775436087859016,0.106493646857575,NA
"Insured","Disability insured 50-54, women",2019,0.7389485814707,0.739090696649846,NA,NA,"calibrated","rate",-0.00014211517914553,-0.0192283815490746,NA
"Insured","Disability insured 55-59, women",2019,0.735794169044395,0.739237699760521,NA,NA,"calibrated","rate",-0.0034435307161258,-0.46582184826901,NA
"Insured","Disability insured 60-64, women",2019,0.704471188314746,0.711241255243567,NA,NA,"calibrated","rate",-0.00677006692882098,-0.951866455848738,NA
"Insured","Disability insured 25-29, women",2020,0.790428479539139,0.800235810698058,NA,NA,"calibrated","rate",-0.00980733115891952,-1.2255551460968,NA
"Insured","Disability insured 30-34, women",2020,0.770390658594694,0.767332958545229,NA,NA,"calibrated","rate",0.00305770004946504,0.398484128097665,NA
"Insured","Disability insured 35-39, women",2020,0.734615784843692,0.733709171507146,NA,NA,"calibrated","rate",0.000906613336546069,0.123565763077993,NA
"Insured","Disability insured 40-44, women",2020,0.732127607137571,0.724485141749814,NA,NA,"calibrated","rate",0.00764246538775737,1.05488228085657,NA
"Insured","Disability insured 45-49, women",2020,0.730382285228758,0.730741902038627,NA,NA,"calibrated","rate",-0.000359616809868402,-0.0492125617629346,NA
"Insured","Disability insured 50-54, women",2020,0.740965617543006,0.73823282814421,NA,NA,"calibrated","rate",0.00273278939879606,0.370179880196586,NA
"Insured","Disability insured 55-59, women",2020,0.734956256463917,0.740716847922816,NA,NA,"calibrated","rate",-0.00576059145889951,-0.777704932060597,NA
"Insured","Disability insured 60-64, women",2020,0.705646442744929,0.712876699863834,NA,NA,"calibrated","rate",-0.00723025711890535,-1.01423670044012,NA
"Insured","Disability insured 25-29, women",2021,0.790730823680062,0.808465781462219,NA,NA,"calibrated","rate",-0.0177349577821578,-2.19365595784174,NA
"Insured","Disability insured 30-34, women",2021,0.774515967936888,0.775263177749606,NA,NA,"calibrated","rate",-0.00074720981271803,-0.0963814397695217,NA
"Insured","Disability insured 35-39, women",2021,0.740584224466956,0.742189788277981,NA,NA,"calibrated","rate",-0.00160556381102517,-0.216327930723803,NA
"Insured","Disability insured 40-44, women",2021,0.735055959776427,0.730259235092983,NA,NA,"calibrated","rate",0.0047967246834435,0.656852313936529,NA
"Insured","Disability insured 45-49, women",2021,0.732798373091391,0.729810679519781,NA,NA,"calibrated","rate",0.00298769357160933,0.409379261697729,NA
"Insured","Disability insured 50-54, women",2021,0.740460250319424,0.742487606739049,NA,NA,"calibrated","rate",-0.00202735641962537,-0.273049193175001,NA
"Insured","Disability insured 55-59, women",2021,0.732571628752842,0.741454383596708,NA,NA,"calibrated","rate",-0.00888275484386658,-1.19801771226672,NA
"Insured","Disability insured 60-64, women",2021,0.703651141266686,0.715732851094838,NA,NA,"calibrated","rate",-0.012081709828151,-1.68801946280235,NA
"Insured","Disability insured 25-29, women",2022,0.791517734130935,0.808235952157742,NA,NA,"calibrated","rate",-0.0167182180268062,-2.06848235124578,NA
"Insured","Disability insured 30-34, women",2022,0.777336546052589,0.777066517296375,NA,NA,"calibrated","rate",0.000270028756213181,0.0347497608252034,NA
"Insured","Disability insured 35-39, women",2022,0.747731622841507,0.750263843813276,NA,NA,"calibrated","rate",-0.00253222097176908,-0.337510729412049,NA
"Insured","Disability insured 40-44, women",2022,0.736454442803333,0.733967879317003,NA,NA,"calibrated","rate",0.00248656348633047,0.33878369291096,NA
"Insured","Disability insured 45-49, women",2022,0.73785242598985,0.734093194265493,NA,NA,"calibrated","rate",0.00375923172435721,0.51209189156407,NA
"Insured","Disability insured 50-54, women",2022,0.740547201750136,0.739933786088003,NA,NA,"calibrated","rate",0.000613415662133465,0.082901426271742,NA
"Insured","Disability insured 55-59, women",2022,0.731998772378837,0.741659310560205,NA,NA,"calibrated","rate",-0.00966053818136814,-1.30255739310697,NA
"Insured","Disability insured 60-64, women",2022,0.706728766546563,0.719998340123587,NA,NA,"calibrated","rate",-0.0132695735770243,-1.84300057896614,NA
"Insured","Disability insured 25-29, women",2023,0.788046956008948,0.791210685939766,NA,NA,"out of sample","rate",-0.00316372993081804,-0.399859353145648,NA
"Insured","Disability insured 30-34, women",2023,0.775316422620289,0.770552296410268,NA,NA,"out of sample","rate",0.00476412621002142,0.618274221258686,NA
"Insured","Disability insured 35-39, women",2023,0.749446623657564,0.75320262587451,NA,NA,"out of sample","rate",-0.00375600221694605,-0.498670887211139,NA
"Insured","Disability insured 40-44, women",2023,0.733425513266139,0.736706536853771,NA,NA,"out of sample","rate",-0.00328102358763227,-0.445363713161073,NA
"Insured","Disability insured 45-49, women",2023,0.737040166046979,0.734755290979484,NA,NA,"out of sample","rate",0.00228487506749475,0.310970889974649,NA
"Insured","Disability insured 50-54, women",2023,0.736259465918021,0.740142811847376,NA,NA,"out of sample","rate",-0.00388334592935557,-0.524675220402782,NA
"Insured","Disability insured 55-59, women",2023,0.727833044864032,0.744065666519111,NA,NA,"out of sample","rate",-0.0162326216550781,-2.18161143370821,NA
"Insured","Disability insured 60-64, women",2023,0.702683024988117,0.724945864636148,NA,NA,"out of sample","rate",-0.0222628396480311,-3.07096581055812,NA
"Insured","Disability insured 25-29, women",2024,0.782970971385022,0.78023427735457,NA,NA,"out of sample","rate",0.0027366940304524,0.350752858453141,NA
"Insured","Disability insured 30-34, women",2024,0.770457896468138,0.765789641766061,NA,NA,"out of sample","rate",0.00466825470207699,0.609600136574207,NA
"Insured","Disability insured 35-39, women",2024,0.749167882705219,0.75523577068308,NA,NA,"out of sample","rate",-0.00606788797786106,-0.803442873524507,NA
"Insured","Disability insured 40-44, women",2024,0.729941282787156,0.739248706622564,NA,NA,"out of sample","rate",-0.0093074238354075,-1.25903823057476,NA
"Insured","Disability insured 45-49, women",2024,0.734836122501093,0.73286644900667,NA,NA,"out of sample","rate",0.0019696734944229,0.268762950888601,NA
"Insured","Disability insured 50-54, women",2024,0.732974839728397,0.739737095382808,NA,NA,"out of sample","rate",-0.00676225565441091,-0.914143105248966,NA
"Insured","Disability insured 55-59, women",2024,0.723421313506222,0.737667966144036,NA,NA,"out of sample","rate",-0.0142466526378144,-1.93130965307943,NA
"Insured","Disability insured 60-64, women",2024,0.695297739916746,0.722896758276683,NA,NA,"out of sample","rate",-0.0275990183599374,-3.81783678567473,NA
"Insured","Disability insured 25-29, women",2025,0.77769593802465,0.78440737486535,NA,NA,"out of sample","rate",-0.00671143684070008,-0.85560603530177,NA
"Insured","Disability insured 30-34, women",2025,0.765113367518185,0.771360911406089,NA,NA,"out of sample","rate",-0.00624754388790383,-0.809937837855357,NA
"Insured","Disability insured 35-39, women",2025,0.748490672243643,0.760393044079998,NA,NA,"out of sample","rate",-0.0119023718363551,-1.56529204587291,NA
"Insured","Disability insured 40-44, women",2025,0.727094758515451,0.743949905853429,NA,NA,"out of sample","rate",-0.0168551473379774,-2.26562933947037,NA
"Insured","Disability insured 45-49, women",2025,0.731030561792159,0.73225351346084,NA,NA,"out of sample","rate",-0.00122295166868058,-0.167012058829263,NA
"Insured","Disability insured 50-54, women",2025,0.729764310186684,0.743108245740906,NA,NA,"out of sample","rate",-0.0133439355542218,-1.79569203150443,NA
"Insured","Disability insured 55-59, women",2025,0.720802992877643,0.736486332183882,NA,NA,"out of sample","rate",-0.0156833393062389,-2.12948137947564,NA
"Insured","Disability insured 60-64, women",2025,0.688030531540097,0.722980573854085,NA,NA,"out of sample","rate",-0.0349500423139882,-4.83416063694154,NA
"Disabled workers","Disabled workers in current pay",2025,7125880,7126000,7126000,7126000,"calibrated","count",-120,-0.00168397417906752,FALSE
"Disabled workers","Disabled workers in current pay",2026,7135000,7135000,7068000,7203000,"calibrated","count",0,0,TRUE
"Disabled workers","Disabled workers in current pay",2027,7143000,7143000,6977000,7308000,"calibrated","count",0,0,TRUE
"Disabled workers","Disabled workers in current pay",2028,7156000,7156000,6881000,7428000,"calibrated","count",0,0,TRUE
"Disabled workers","Disabled workers in current pay",2029,7192000,7192000,6803000,7576000,"calibrated","count",0,0,TRUE
"Disabled workers","Disabled workers in current pay",2030,7194000,7194000,6691000,7691000,"calibrated","count",0,0,TRUE
"Disabled workers","Disabled workers in current pay",2031,7190000,7190000,6575000,7795000,"calibrated","count",0,0,TRUE
"Disabled workers","Disabled workers in current pay",2032,7237000,7237000,6513000,7950000,"calibrated","count",0,0,TRUE
"Disabled workers","Disabled workers in current pay",2033,7306000,7306000,6475000,8124000,"calibrated","count",0,0,TRUE
"Disabled workers","Disabled workers in current pay",2034,7388000,7388000,6454000,8308000,"calibrated","count",0,0,TRUE
"Disabled workers","Disabled workers in current pay",2035,7475000,7475000,6441000,8495000,"calibrated","count",0,0,TRUE
"Disabled workers","Disabled workers in current pay",2036,7565847.83856756,7587000,6468000,8736000,"out of sample","count",-21152.1614324395,-0.278794799425852,TRUE
"Disabled workers","Disabled workers in current pay",2037,7646636.66795639,7657000,6447000,8901000,"out of sample","count",-10363.3320436059,-0.135344548042393,TRUE
"Disabled workers","Disabled workers in current pay",2038,7756444.53324799,7753000,6457000,9088000,"out of sample","count",3444.53324798588,0.0444283922092836,TRUE
"Disabled workers","Disabled workers in current pay",2039,7896273.12602365,7882000,6501000,9307000,"out of sample","count",14273.1260236474,0.18108508022896,TRUE
"Disabled workers","Disabled workers in current pay",2040,8053703.19063388,8034000,6571000,9546000,"out of sample","count",19703.1906338781,0.245247580705477,TRUE
"Disabled workers","Disabled workers in current pay",2041,8205824.32861034,8185000,6646000,9777000,"out of sample","count",20824.3286103373,0.254420630547791,TRUE
"Disabled workers","Disabled workers in current pay",2042,8360152.53266159,8342000,6731000,10011000,"out of sample","count",18152.5326615917,0.217604083692069,TRUE
"Disabled workers","Disabled workers in current pay",2043,8512040.65355485,8501000,6824000,10243000,"out of sample","count",11040.6535548549,0.129874762437998,TRUE
"Disabled workers","Disabled workers in current pay",2044,8644701.21352955,8647000,6909000,10453000,"out of sample","count",-2298.78647045046,-0.0265847862894741,TRUE
"Disabled workers","Disabled workers in current pay",2045,8772856.27586814,8790000,6996000,10653000,"out of sample","count",-17143.7241318617,-0.195036679543359,TRUE
"Disabled workers","Disabled workers in current pay",2046,8882745.02931247,8917000,7074000,10831000,"out of sample","count",-34254.9706875253,-0.384153534681231,TRUE
"Disabled workers","Disabled workers in current pay",2047,8970142.03521033,9023000,7137000,10979000,"out of sample","count",-52857.9647896681,-0.58581364058149,TRUE
"Disabled workers","Disabled workers in current pay",2048,9062037.68214358,9131000,7204000,11130000,"out of sample","count",-68962.3178564217,-0.75525482265274,TRUE
"Disabled workers","Disabled workers in current pay",2049,9139658.53094395,9226000,7263000,11261000,"out of sample","count",-86341.4690560549,-0.935849436983038,TRUE
"Disabled workers","Disabled workers in current pay",2050,9222594.11465527,9327000,7329000,11398000,"out of sample","count",-104405.885344731,-1.11939407467279,TRUE
"Disabled workers","Disabled workers in current pay",2051,9299153.36577505,9420000,7389000,11525000,"out of sample","count",-120846.634224953,-1.28287297478719,TRUE
"Disabled workers","Disabled workers in current pay",2052,9362844.03707489,9501000,7442000,11634000,"out of sample","count",-138155.962925112,-1.45412022866132,TRUE
"Disabled workers","Disabled workers in current pay",2053,9426482.27341877,9578000,7494000,11740000,"out of sample","count",-151517.726581227,-1.58193491941143,TRUE
"Disabled workers","Disabled workers in current pay",2054,9483597.49569138,9648000,7542000,11833000,"out of sample","count",-164402.504308622,-1.70400605626682,TRUE
"Disabled workers","Disabled workers in current pay",2055,9524194.03881733,9698000,7576000,11900000,"out of sample","count",-173805.961182667,-1.79218355519352,TRUE
"Disabled workers","Disabled workers in current pay",2056,9549226.34244463,9729000,7596000,11941000,"out of sample","count",-179773.657555366,-1.84781228857401,TRUE
"Disabled workers","Disabled workers in current pay",2057,9556149.76905128,9737000,7601000,11952000,"out of sample","count",-180850.230948722,-1.85735063108475,TRUE
"Disabled workers","Disabled workers in current pay",2058,9569929.29913405,9748000,7609000,11964000,"out of sample","count",-178070.700865954,-1.82674087880544,TRUE
"Disabled workers","Disabled workers in current pay",2059,9587041.88401568,9758000,7618000,11974000,"out of sample","count",-170958.115984323,-1.75197905292399,TRUE
"Disabled workers","Disabled workers in current pay",2060,9613932.84816758,9778000,7635000,11992000,"out of sample","count",-164067.151832424,-1.67792137280041,TRUE
"Disabled workers","Disabled workers in current pay",2061,9647172.18447176,9801000,7655000,12015000,"out of sample","count",-153827.815528236,-1.56951143279498,TRUE
"Disabled workers","Disabled workers in current pay",2062,9686133.92370073,9830000,7682000,12044000,"out of sample","count",-143866.076299274,-1.46354095930086,TRUE
"Disabled workers","Disabled workers in current pay",2063,9727789.45265768,9862000,7710000,12074000,"out of sample","count",-134210.547342325,-1.36088569602844,TRUE
"Disabled workers","Disabled workers in current pay",2064,9772609.52072684,9896000,7742000,12107000,"out of sample","count",-123390.479273165,-1.24687226428016,TRUE
"Disabled workers","Disabled workers in current pay",2065,9807003.14091692,9921000,7767000,12126000,"out of sample","count",-113996.859083077,-1.14904605466261,TRUE
"Disabled workers","Disabled workers in current pay",2066,9840369.61303035,9945000,7793000,12142000,"out of sample","count",-104630.386969646,-1.05209036671339,TRUE
"Disabled workers","Disabled workers in current pay",2067,9854652.42485651,9951000,7806000,12132000,"out of sample","count",-96347.5751434863,-0.968220029579803,TRUE
"Disabled workers","Disabled workers in current pay",2068,9877371.65149691,9966000,7826000,12132000,"out of sample","count",-88628.3485030904,-0.889307129270422,TRUE
"Disabled workers","Disabled workers in current pay",2069,9897779.07061664,9978000,7846000,12127000,"out of sample","count",-80220.9293833636,-0.803978045533815,TRUE
"Disabled workers","Disabled workers in current pay",2070,9907485.10717533,9979000,7859000,12104000,"out of sample","count",-71514.892824674,-0.716653901439768,TRUE
"Disabled workers","Disabled workers in current pay",2071,9910549.49256445,9972000,7868000,12070000,"out of sample","count",-61450.5074355472,-0.616230519810945,TRUE
"Disabled workers","Disabled workers in current pay",2072,9906156.17693521,9956000,7871000,12023000,"out of sample","count",-49843.8230647929,-0.500641051273532,TRUE
"Disabled workers","Disabled workers in current pay",2073,9886203.51978342,9925000,7865000,11953000,"out of sample","count",-38796.4802165795,-0.390896526111628,TRUE
"Disabled workers","Disabled workers in current pay",2074,9854364.82011938,9881000,7851000,11864000,"out of sample","count",-26635.179880619,-0.269559557540933,TRUE
"Disabled workers","Disabled workers in current pay",2075,9822895.26305784,9837000,7840000,11771000,"out of sample","count",-14104.7369421609,-0.143384537380919,TRUE
"Disabled workers","Disabled workers in current pay",2076,9809613.63035572,9812000,7844000,11700000,"out of sample","count",-2386.36964428425,-0.0243209299254366,TRUE
"Disabled workers","Disabled workers in current pay",2077,9796148.93907002,9786000,7850000,11624000,"out of sample","count",10148.9390700199,0.103708758124044,TRUE
"Disabled workers","Disabled workers in current pay",2078,9790200.26462229,9769000,7864000,11554000,"out of sample","count",21200.2646222897,0.217015709103174,TRUE
"Disabled workers","Disabled workers in current pay",2079,9780162.73383226,9747000,7878000,11476000,"out of sample","count",33162.733832255,0.34023529118965,TRUE
"Disabled workers","Disabled workers in current pay",2080,9768730.83279622,9724000,7894000,11390000,"out of sample","count",44730.8327962235,0.46000445080443,TRUE
"Disabled workers","Disabled workers in current pay",2081,9746245.37267625,9689000,7905000,11284000,"out of sample","count",57245.3726762496,0.590828492891426,TRUE
"Disabled workers","Disabled workers in current pay",2082,9722456.80883866,9652000,7917000,11169000,"out of sample","count",70456.8088386599,0.729971082041647,TRUE
"Disabled workers","Disabled workers in current pay",2083,9702398.76946534,9617000,7935000,11050000,"out of sample","count",85398.769465344,0.887998018772418,TRUE
"Disabled workers","Disabled workers in current pay",2084,9694961.61256245,9594000,7966000,10939000,"out of sample","count",100961.612562448,1.05234117742805,TRUE
"Disabled workers","Disabled workers in current pay",2085,9697460.3404218,9580000,8008000,10834000,"out of sample","count",117460.3404218,1.22609958686639,TRUE
"Disabled workers","Disabled workers in current pay",2086,9705833.31910967,9573000,8059000,10729000,"out of sample","count",132833.319109669,1.38758298453638,TRUE
"Disabled workers","Disabled workers in current pay",2087,9735436.00417559,9589000,8133000,10646000,"out of sample","count",146436.00417559,1.52712487408062,TRUE
"Disabled workers","Disabled workers in current pay",2088,9761824.75360536,9603000,8211000,10552000,"out of sample","count",158824.753605362,1.65390767057547,TRUE
"Disabled workers","Disabled workers in current pay",2089,9790960.5516191,9623000,8300000,10455000,"out of sample","count",167960.551619099,1.74540737419826,TRUE
"Disabled workers","Disabled workers in current pay",2090,9835986.09048674,9661000,8408000,10371000,"out of sample","count",174986.090486743,1.81126271076226,TRUE
"Disabled workers","Disabled workers in current pay",2091,9871107.09116972,9691000,8516000,10268000,"out of sample","count",180107.091169721,1.85849851583655,TRUE
"Disabled workers","Disabled workers in current pay",2092,9911349.95978325,9728000,8634000,10164000,"out of sample","count",183349.959783249,1.88476521158767,TRUE
"Disabled workers","Disabled workers in current pay",2093,9954260.42031261,9768000,8747000,10077000,"out of sample","count",186260.420312608,1.90684295979329,TRUE
"Disabled workers","Disabled workers in current pay",2094,9999402.92421371,9811000,8857000,10003000,"out of sample","count",188402.924213715,1.92032335351866,TRUE
"Disabled workers","Disabled workers in current pay",2095,10045954.7742726,9857000,8964000,9942000,"out of sample","count",188954.774272561,1.91696027465316,FALSE
"Disabled workers","Disabled workers in current pay",2096,10093528.993915,9904000,9068000,9890000,"out of sample","count",189528.993915042,1.91366108557192,FALSE
"Disabled workers","Disabled workers in current pay",2097,10140562.2030445,9951000,9167000,9848000,"out of sample","count",189562.203044452,1.90495631639485,FALSE
"Disabled workers","Disabled workers in current pay",2098,10186293.512741,9998000,9261000,9812000,"out of sample","count",188293.512740968,1.88331178976764,FALSE
"Disabled workers","Disabled workers in current pay",2099,10229628.8018232,10042000,9349000,9782000,"out of sample","count",187628.80182315,1.86844056784654,FALSE
"Disabled workers","Disabled workers in current pay",2100,10269745.3579048,10083000,9431000,9756000,"out of sample","count",186745.357904768,1.85208130422263,FALSE
"Disabled workers","DI spouses",2025,91000,91000,91000,91000,"by construction","count",0,0,TRUE
"Disabled workers","DI spouses",2026,89000,89000,89000,89000,"by construction","count",0,0,TRUE
"Disabled workers","DI spouses",2027,87000,87000,87000,87000,"by construction","count",0,0,TRUE
"Disabled workers","DI spouses",2028,85000,85000,85000,86000,"by construction","count",0,0,TRUE
"Disabled workers","DI spouses",2029,84000,84000,84000,85000,"by construction","count",0,0,TRUE
"Disabled workers","DI spouses",2030,83000,83000,83000,84000,"by construction","count",0,0,TRUE
"Disabled workers","DI spouses",2031,83000,83000,83000,84000,"by construction","count",0,0,TRUE
"Disabled workers","DI spouses",2032,84000,84000,83000,84000,"by construction","count",0,0,TRUE
"Disabled workers","DI spouses",2033,85000,85000,84000,85000,"by construction","count",0,0,TRUE
"Disabled workers","DI spouses",2034,85000,85000,85000,86000,"by construction","count",0,0,TRUE
"Disabled workers","DI spouses",2035,86000,86000,86000,86000,"by construction","count",-1.45519152283669e-11,-2.22044604925031e-14,FALSE
"Disabled workers","DI spouses",2036,83000,83000,71000,96000,"by construction","count",0,0,TRUE
"Disabled workers","DI spouses",2037,80000,80000,68000,93000,"by construction","count",-1.45519152283669e-11,-2.22044604925031e-14,TRUE
"Disabled workers","DI spouses",2038,77000,77000,64000,91000,"by construction","count",0,0,TRUE
"Disabled workers","DI spouses",2039,76000,76000,62000,90000,"by construction","count",0,0,TRUE
"Disabled workers","DI spouses",2040,76000,76000,61000,91000,"by construction","count",0,0,TRUE
"Disabled workers","DI spouses",2041,75000,75000,60000,91000,"by construction","count",0,0,TRUE
"Disabled workers","DI spouses",2042,76000,76000,60000,93000,"by construction","count",0,0,TRUE
"Disabled workers","DI spouses",2043,76000,76000,60000,94000,"by construction","count",1.45519152283669e-11,2.22044604925031e-14,TRUE
"Disabled workers","DI spouses",2044,77000,77000,59000,96000,"by construction","count",0,0,TRUE
"Disabled workers","DI spouses",2045,77000,77000,59000,97000,"by construction","count",0,0,TRUE
"Disabled workers","DI spouses",2046,79000,79000,60000,99000,"by construction","count",0,0,TRUE
"Disabled workers","DI spouses",2047,80000,80000,60000,101000,"by construction","count",0,0,TRUE
"Disabled workers","DI spouses",2048,81000,81000,60000,103000,"by construction","count",0,0,TRUE
"Disabled workers","DI spouses",2049,81000,81000,61000,104000,"by construction","count",0,0,TRUE
"Disabled workers","DI spouses",2050,82000,82000,61000,106000,"by construction","count",0,0,TRUE
"Disabled workers","DI spouses",2051,83000,83000,61000,107000,"by construction","count",0,0,TRUE
"Disabled workers","DI spouses",2052,83000,83000,61000,108000,"by construction","count",0,0,TRUE
"Disabled workers","DI spouses",2053,84000,84000,62000,110000,"by construction","count",0,0,TRUE
"Disabled workers","DI spouses",2054,85000,85000,62000,111000,"by construction","count",0,0,TRUE
"Disabled workers","DI spouses",2055,85000,85000,62000,112000,"by construction","count",0,0,TRUE
"Disabled workers","DI spouses",2056,85000,85000,62000,112000,"by construction","count",1.45519152283669e-11,2.22044604925031e-14,TRUE
"Disabled workers","DI spouses",2057,84000,84000,61000,112000,"by construction","count",0,0,TRUE
"Disabled workers","DI spouses",2058,83000,83000,60000,111000,"by construction","count",1.45519152283669e-11,2.22044604925031e-14,TRUE
"Disabled workers","DI spouses",2059,82000,82000,59000,110000,"by construction","count",-1.45519152283669e-11,-2.22044604925031e-14,TRUE
"Disabled workers","DI spouses",2060,82000,82000,58000,110000,"by construction","count",0,0,TRUE
"Disabled workers","DI spouses",2061,82000,82000,58000,110000,"by construction","count",0,0,TRUE
"Disabled workers","DI spouses",2062,82000,82000,57000,110000,"by construction","count",-1.45519152283669e-11,-2.22044604925031e-14,TRUE
"Disabled workers","DI spouses",2063,82000,82000,57000,110000,"by construction","count",0,0,TRUE
"Disabled workers","DI spouses",2064,82000,82000,57000,110000,"by construction","count",0,0,TRUE
"Disabled workers","DI spouses",2065,82000,82000,57000,109000,"by construction","count",0,0,TRUE
"Disabled workers","DI spouses",2066,82000,82000,56000,109000,"by construction","count",0,0,TRUE
"Disabled workers","DI spouses",2067,81000,81000,56000,109000,"by construction","count",0,0,TRUE
"Disabled workers","DI spouses",2068,81000,81000,56000,109000,"by construction","count",0,0,TRUE
"Disabled workers","DI spouses",2069,82000,82000,56000,109000,"by construction","count",0,0,TRUE
"Disabled workers","DI spouses",2070,81000,81000,56000,109000,"by construction","count",1.45519152283669e-11,2.22044604925031e-14,TRUE
"Disabled workers","DI spouses",2071,81000,81000,55000,108000,"by construction","count",0,0,TRUE
"Disabled workers","DI spouses",2072,81000,81000,55000,108000,"by construction","count",1.45519152283669e-11,2.22044604925031e-14,TRUE
"Disabled workers","DI spouses",2073,81000,81000,55000,107000,"by construction","count",0,0,TRUE
"Disabled workers","DI spouses",2074,80000,80000,55000,106000,"by construction","count",0,0,TRUE
"Disabled workers","DI spouses",2075,80000,80000,55000,106000,"by construction","count",0,0,TRUE
"Disabled workers","DI spouses",2076,80000,80000,55000,106000,"by construction","count",0,0,TRUE
"Disabled workers","DI spouses",2077,79000,79000,55000,105000,"by construction","count",0,0,TRUE
"Disabled workers","DI spouses",2078,79000,79000,55000,105000,"by construction","count",0,0,TRUE
"Disabled workers","DI spouses",2079,79000,79000,55000,104000,"by construction","count",0,0,TRUE
"Disabled workers","DI spouses",2080,79000,79000,55000,104000,"by construction","count",0,0,TRUE
"Disabled workers","DI spouses",2081,79000,79000,55000,102000,"by construction","count",-1.45519152283669e-11,-2.22044604925031e-14,TRUE
"Disabled workers","DI spouses",2082,79000,79000,55000,101000,"by construction","count",0,0,TRUE
"Disabled workers","DI spouses",2083,78000,78000,55000,1e+05,"by construction","count",0,0,TRUE
"Disabled workers","DI spouses",2084,78000,78000,55000,99000,"by construction","count",-1.45519152283669e-11,-2.22044604925031e-14,TRUE
"Disabled workers","DI spouses",2085,78000,78000,55000,99000,"by construction","count",0,0,TRUE
"Disabled workers","DI spouses",2086,78000,78000,55000,99000,"by construction","count",0,0,TRUE
"Disabled workers","DI spouses",2087,78000,78000,55000,99000,"by construction","count",0,0,TRUE
"Disabled workers","DI spouses",2088,79000,79000,56000,99000,"by construction","count",0,0,TRUE
"Disabled workers","DI spouses",2089,80000,80000,57000,98000,"by construction","count",0,0,TRUE
"Disabled workers","DI spouses",2090,80000,80000,58000,97000,"by construction","count",0,0,TRUE
"Disabled workers","DI spouses",2091,81000,81000,59000,96000,"by construction","count",0,0,TRUE
"Disabled workers","DI spouses",2092,82000,82000,60000,95000,"by construction","count",0,0,TRUE
"Disabled workers","DI spouses",2093,82000,82000,61000,94000,"by construction","count",-1.45519152283669e-11,-2.22044604925031e-14,TRUE
"Disabled workers","DI spouses",2094,83000,83000,62000,94000,"by construction","count",0,0,TRUE
"Disabled workers","DI spouses",2095,83000,83000,62000,93000,"by construction","count",0,0,TRUE
"Disabled workers","DI spouses",2096,84000,84000,63000,93000,"by construction","count",0,0,TRUE
"Disabled workers","DI spouses",2097,84000,84000,64000,94000,"by construction","count",0,0,TRUE
"Disabled workers","DI spouses",2098,84000,84000,64000,94000,"by construction","count",0,0,TRUE
"Disabled workers","DI spouses",2099,85000,85000,65000,94000,"by construction","count",1.45519152283669e-11,2.22044604925031e-14,TRUE
"Disabled workers","DI spouses",2100,85000,85000,65000,94000,"by construction","count",0,0,TRUE
"Model alone","DI spouses (model alone)",2025,89448,91000,NA,NA,"out of sample","count",-1552,-1.70549450549451,NA
"Model alone","DI spouses (model alone)",2026,92290.6884844251,89000,NA,NA,"out of sample","count",3290.68848442509,3.69740279148887,NA
"Model alone","DI spouses (model alone)",2027,93222.6541606542,87000,NA,NA,"out of sample","count",6222.65416065422,7.15247604672899,NA
"Model alone","DI spouses (model alone)",2028,94326.0610488573,85000,NA,NA,"out of sample","count",9326.06104885726,10.9718365280674,NA
"Model alone","DI spouses (model alone)",2029,95646.7853504673,84000,NA,NA,"out of sample","count",11646.7853504673,13.8652206553182,NA
"Model alone","DI spouses (model alone)",2030,97210.6234447795,83000,NA,NA,"out of sample","count",14210.6234447795,17.1212330659994,NA
"Model alone","DI spouses (model alone)",2031,98359.6307024071,83000,NA,NA,"out of sample","count",15359.6307024071,18.5055791595266,NA
"Model alone","DI spouses (model alone)",2032,100641.58108728,84000,NA,NA,"out of sample","count",16641.5810872801,19.8114060562858,NA
"Model alone","DI spouses (model alone)",2033,101551.865864071,85000,NA,NA,"out of sample","count",16551.8658640707,19.4727833694949,NA
"Model alone","DI spouses (model alone)",2034,101636.579647372,85000,NA,NA,"out of sample","count",16636.5796473719,19.5724466439669,NA
"Model alone","DI spouses (model alone)",2035,101377.473843565,86000,NA,NA,"out of sample","count",15377.4738435646,17.8807835390286,NA
"Model alone","DI spouses (model alone)",2036,101264.760775042,83000,NA,NA,"out of sample","count",18264.7607750424,22.0057358735451,NA
"Model alone","DI spouses (model alone)",2037,100869.757852042,80000,NA,NA,"out of sample","count",20869.7578520422,26.0871973150527,NA
"Model alone","DI spouses (model alone)",2038,100797.430186981,77000,NA,NA,"out of sample","count",23797.4301869812,30.905753489586,NA
"Model alone","DI spouses (model alone)",2039,101644.538292034,76000,NA,NA,"out of sample","count",25644.5382920339,33.7428135421499,NA
"Model alone","DI spouses (model alone)",2040,102588.958412237,76000,NA,NA,"out of sample","count",26588.9584122371,34.9854715950489,NA
"Model alone","DI spouses (model alone)",2041,103888.383932848,75000,NA,NA,"out of sample","count",28888.3839328482,38.5178452437976,NA
"Model alone","DI spouses (model alone)",2042,106220.823116709,76000,NA,NA,"out of sample","count",30220.8231167088,39.7642409430379,NA
"Model alone","DI spouses (model alone)",2043,109075.072382733,76000,NA,NA,"out of sample","count",33075.072382733,43.5198320825435,NA
"Model alone","DI spouses (model alone)",2044,111911.007425256,77000,NA,NA,"out of sample","count",34911.0074252562,45.338970682151,NA
"Model alone","DI spouses (model alone)",2045,114101.974510999,77000,NA,NA,"out of sample","count",37101.9745109988,48.1843824818166,NA
"Model alone","DI spouses (model alone)",2046,115846.528379182,79000,NA,NA,"out of sample","count",36846.5283791819,46.6411751635213,NA
"Model alone","DI spouses (model alone)",2047,117190.999306098,80000,NA,NA,"out of sample","count",37190.9993060984,46.488749132623,NA
"Model alone","DI spouses (model alone)",2048,118552.987816099,81000,NA,NA,"out of sample","count",37552.9878160987,46.3617133532083,NA
"Model alone","DI spouses (model alone)",2049,119378.329256628,81000,NA,NA,"out of sample","count",38378.3292566282,47.3806534032447,NA
"Model alone","DI spouses (model alone)",2050,120472.371578636,82000,NA,NA,"out of sample","count",38472.3715786362,46.91752631541,NA
"Model alone","DI spouses (model alone)",2051,121746.704016828,83000,NA,NA,"out of sample","count",38746.7040168281,46.6827759238893,NA
"Model alone","DI spouses (model alone)",2052,123358.581683813,83000,NA,NA,"out of sample","count",40358.5816838134,48.6247972094138,NA
"Model alone","DI spouses (model alone)",2053,124918.720181101,84000,NA,NA,"out of sample","count",40918.7201811008,48.7127621203581,NA
"Model alone","DI spouses (model alone)",2054,126451.588506317,85000,NA,NA,"out of sample","count",41451.5885063167,48.7665747133137,NA
"Model alone","DI spouses (model alone)",2055,127687.640311889,85000,NA,NA,"out of sample","count",42687.6403118893,50.220753308105,NA
"Model alone","DI spouses (model alone)",2056,128520.464899536,85000,NA,NA,"out of sample","count",43520.4648995355,51.20054694063,NA
"Model alone","DI spouses (model alone)",2057,129011.635129723,84000,NA,NA,"out of sample","count",45011.6351297231,53.5852799163371,NA
"Model alone","DI spouses (model alone)",2058,128713.798641043,83000,NA,NA,"out of sample","count",45713.7986410434,55.0768658325824,NA
"Model alone","DI spouses (model alone)",2059,128536.050869599,82000,NA,NA,"out of sample","count",46536.050869599,56.7512815482915,NA
"Model alone","DI spouses (model alone)",2060,128089.872777524,82000,NA,NA,"out of sample","count",46089.8727775239,56.2071619238096,NA
"Model alone","DI spouses (model alone)",2061,127648.133766822,82000,NA,NA,"out of sample","count",45648.1337668218,55.6684558131973,NA
"Model alone","DI spouses (model alone)",2062,127594.616614203,82000,NA,NA,"out of sample","count",45594.6166142032,55.6031909929307,NA
"Model alone","DI spouses (model alone)",2063,127104.12490459,82000,NA,NA,"out of sample","count",45104.1249045896,55.0050303714507,NA
"Model alone","DI spouses (model alone)",2064,126984.989757971,82000,NA,NA,"out of sample","count",44984.9897579714,54.8597436072823,NA
"Model alone","DI spouses (model alone)",2065,126705.182145801,82000,NA,NA,"out of sample","count",44705.1821458008,54.5185148119522,NA
"Model alone","DI spouses (model alone)",2066,126444.249764054,82000,NA,NA,"out of sample","count",44444.2497640543,54.2003045903101,NA
"Model alone","DI spouses (model alone)",2067,126506.52452912,81000,NA,NA,"out of sample","count",45506.52452912,56.180894480395,NA
"Model alone","DI spouses (model alone)",2068,126822.709382617,81000,NA,NA,"out of sample","count",45822.709382617,56.571246151379,NA
"Model alone","DI spouses (model alone)",2069,127594.012554085,82000,NA,NA,"out of sample","count",45594.0125540848,55.6024543342497,NA
"Model alone","DI spouses (model alone)",2070,128539.976400834,81000,NA,NA,"out of sample","count",47539.9764008344,58.691328889919,NA
"Model alone","DI spouses (model alone)",2071,129485.850559221,81000,NA,NA,"out of sample","count",48485.850559221,59.8590747644703,NA
"Model alone","DI spouses (model alone)",2072,130462.636851858,81000,NA,NA,"out of sample","count",49462.6368518583,61.0649837677263,NA
"Model alone","DI spouses (model alone)",2073,131028.045064386,81000,NA,NA,"out of sample","count",50028.0450643858,61.7630185980071,NA
"Model alone","DI spouses (model alone)",2074,131644.926285886,80000,NA,NA,"out of sample","count",51644.926285886,64.5561578573575,NA
"Model alone","DI spouses (model alone)",2075,131952.033015132,80000,NA,NA,"out of sample","count",51952.0330151317,64.9400412689146,NA
"Model alone","DI spouses (model alone)",2076,132554.848656271,80000,NA,NA,"out of sample","count",52554.8486562706,65.6935608203383,NA
"Model alone","DI spouses (model alone)",2077,132839.22662095,79000,NA,NA,"out of sample","count",53839.22662095,68.1509197733544,NA
"Model alone","DI spouses (model alone)",2078,133076.800273306,79000,NA,NA,"out of sample","count",54076.8002733055,68.4516459155766,NA
"Model alone","DI spouses (model alone)",2079,133067.038757499,79000,NA,NA,"out of sample","count",54067.0387574991,68.4392895664545,NA
"Model alone","DI spouses (model alone)",2080,133094.432758861,79000,NA,NA,"out of sample","count",54094.4327588607,68.4739655175452,NA
"Model alone","DI spouses (model alone)",2081,133062.380526413,79000,NA,NA,"out of sample","count",54062.3805264129,68.4333930714088,NA
"Model alone","DI spouses (model alone)",2082,132671.862188975,79000,NA,NA,"out of sample","count",53671.8621889745,67.939066061993,NA
"Model alone","DI spouses (model alone)",2083,132354.075321276,78000,NA,NA,"out of sample","count",54354.0753212757,69.6847119503534,NA
"Model alone","DI spouses (model alone)",2084,131942.291033484,78000,NA,NA,"out of sample","count",53942.2910334842,69.1567833762618,NA
"Model alone","DI spouses (model alone)",2085,131714.219706699,78000,NA,NA,"out of sample","count",53714.2197066989,68.8643842393576,NA
"Model alone","DI spouses (model alone)",2086,131607.250099983,78000,NA,NA,"out of sample","count",53607.2500999831,68.727243717927,NA
"Model alone","DI spouses (model alone)",2087,131420.667294758,78000,NA,NA,"out of sample","count",53420.6672947578,68.4880349932792,NA
"Model alone","DI spouses (model alone)",2088,131270.38832782,79000,NA,NA,"out of sample","count",52270.3883278204,66.1650485162283,NA
"Model alone","DI spouses (model alone)",2089,131181.186253273,80000,NA,NA,"out of sample","count",51181.1862532732,63.9764828165914,NA
"Model alone","DI spouses (model alone)",2090,131078.366082194,80000,NA,NA,"out of sample","count",51078.3660821943,63.8479576027429,NA
"Model alone","DI spouses (model alone)",2091,131287.399015992,81000,NA,NA,"out of sample","count",50287.3990159923,62.0832086617189,NA
"Model alone","DI spouses (model alone)",2092,131037.129192683,82000,NA,NA,"out of sample","count",49037.1291926833,59.801377064248,NA
"Model alone","DI spouses (model alone)",2093,131095.253761658,82000,NA,NA,"out of sample","count",49095.2537616575,59.8722606849482,NA
"Model alone","DI spouses (model alone)",2094,131483.209249758,83000,NA,NA,"out of sample","count",48483.2092497583,58.4135051201908,NA
"Model alone","DI spouses (model alone)",2095,131853.149973167,83000,NA,NA,"out of sample","count",48853.1499731671,58.8592168351411,NA
"Model alone","DI spouses (model alone)",2096,132360.405603149,84000,NA,NA,"out of sample","count",48360.4056031489,57.5719114323201,NA
"Model alone","DI spouses (model alone)",2097,133086.038641312,84000,NA,NA,"out of sample","count",49086.0386413124,58.4357602872767,NA
"Model alone","DI spouses (model alone)",2098,133729.769750578,84000,NA,NA,"out of sample","count",49729.7697505778,59.202106845926,NA
"Model alone","DI spouses (model alone)",2099,134610.557959259,85000,NA,NA,"out of sample","count",49610.5579592589,58.3653623050105,NA
"Model alone","DI spouses (model alone)",2100,135214.363055179,85000,NA,NA,"out of sample","count",50214.363055179,59.075721241387,NA
"Disabled workers","DI children",2025,949000,949000,949000,949000,"by construction","count",0,0,TRUE
"Disabled workers","DI children",2026,923000,923000,913000,934000,"by construction","count",-1.16415321826935e-10,-1.11022302462516e-14,TRUE
"Disabled workers","DI children",2027,927000,927000,9e+05,954000,"by construction","count",0,0,TRUE
"Disabled workers","DI children",2028,934000,934000,891000,977000,"by construction","count",0,0,TRUE
"Disabled workers","DI children",2029,945000,945000,886000,1003000,"by construction","count",0,0,TRUE
"Disabled workers","DI children",2030,951000,951000,878000,1022000,"by construction","count",0,0,TRUE
"Disabled workers","DI children",2031,956000,956000,870000,1038000,"by construction","count",0,0,TRUE
"Disabled workers","DI children",2032,962000,962000,866000,1053000,"by construction","count",0,0,TRUE
"Disabled workers","DI children",2033,967000,967000,863000,1065000,"by construction","count",0,0,TRUE
"Disabled workers","DI children",2034,974000,974000,864000,1076000,"by construction","count",0,0,TRUE
"Disabled workers","DI children",2035,983000,983000,868000,1086000,"by construction","count",0,0,TRUE
"Disabled workers","DI children",2036,1009000,1009000,880000,1133000,"by construction","count",1.16415321826935e-10,2.22044604925031e-14,TRUE
"Disabled workers","DI children",2037,1035000,1035000,898000,1165000,"by construction","count",0,0,TRUE
"Disabled workers","DI children",2038,1066000,1066000,922000,1199000,"by construction","count",0,0,TRUE
"Disabled workers","DI children",2039,1097000,1097000,948000,1230000,"by construction","count",0,0,TRUE
"Disabled workers","DI children",2040,1129000,1129000,977000,1259000,"by construction","count",-2.3283064365387e-10,-2.22044604925031e-14,TRUE
"Disabled workers","DI children",2041,1165000,1165000,1011000,1290000,"by construction","count",2.3283064365387e-10,2.22044604925031e-14,TRUE
"Disabled workers","DI children",2042,1200000,1200000,1047000,1315000,"by construction","count",0,0,TRUE
"Disabled workers","DI children",2043,1235000,1235000,1086000,1338000,"by construction","count",0,0,TRUE
"Disabled workers","DI children",2044,1271000,1271000,1126000,1361000,"by construction","count",-2.3283064365387e-10,-2.22044604925031e-14,TRUE
"Disabled workers","DI children",2045,1307000,1307000,1165000,1384000,"by construction","count",2.3283064365387e-10,2.22044604925031e-14,TRUE
"Disabled workers","DI children",2046,1332000,1332000,1194000,1396000,"by construction","count",0,0,TRUE
"Disabled workers","DI children",2047,1355000,1355000,1222000,1408000,"by construction","count",0,0,TRUE
"Disabled workers","DI children",2048,1378000,1378000,1249000,1419000,"by construction","count",2.3283064365387e-10,2.22044604925031e-14,TRUE
"Disabled workers","DI children",2049,1400000,1400000,1274000,1431000,"by construction","count",0,0,TRUE
"Disabled workers","DI children",2050,1420000,1420000,1297000,1442000,"by construction","count",0,0,TRUE
"Disabled workers","DI children",2051,1439000,1439000,1319000,1453000,"by construction","count",0,0,TRUE
"Disabled workers","DI children",2052,1456000,1456000,1339000,1463000,"by construction","count",0,0,TRUE
"Disabled workers","DI children",2053,1471000,1471000,1357000,1472000,"by construction","count",0,0,TRUE
"Disabled workers","DI children",2054,1485000,1485000,1372000,1479000,"by construction","count",0,0,FALSE
"Disabled workers","DI children",2055,1496000,1496000,1385000,1486000,"by construction","count",0,0,FALSE
"Disabled workers","DI children",2056,1505000,1505000,1395000,1490000,"by construction","count",0,0,FALSE
"Disabled workers","DI children",2057,1511000,1511000,1403000,1493000,"by construction","count",0,0,FALSE
"Disabled workers","DI children",2058,1515000,1515000,1409000,1494000,"by construction","count",0,0,FALSE
"Disabled workers","DI children",2059,1517000,1517000,1413000,1492000,"by construction","count",2.3283064365387e-10,2.22044604925031e-14,FALSE
"Disabled workers","DI children",2060,1517000,1517000,1416000,1489000,"by construction","count",-2.3283064365387e-10,-1.11022302462516e-14,FALSE
"Disabled workers","DI children",2061,1516000,1516000,1417000,1485000,"by construction","count",0,0,FALSE
"Disabled workers","DI children",2062,1514000,1514000,1417000,1479000,"by construction","count",0,0,FALSE
"Disabled workers","DI children",2063,1511000,1511000,1417000,1472000,"by construction","count",0,0,FALSE
"Disabled workers","DI children",2064,1507000,1507000,1417000,1464000,"by construction","count",0,0,FALSE
"Disabled workers","DI children",2065,1503000,1503000,1418000,1455000,"by construction","count",0,0,FALSE
"Disabled workers","DI children",2066,1499000,1499000,1418000,1445000,"by construction","count",0,0,FALSE
"Disabled workers","DI children",2067,1494000,1494000,1419000,1434000,"by construction","count",2.3283064365387e-10,2.22044604925031e-14,FALSE
"Disabled workers","DI children",2068,1490000,1490000,1421000,1423000,"by construction","count",2.3283064365387e-10,2.22044604925031e-14,FALSE
"Disabled workers","DI children",2069,1486000,1486000,1425000,1411000,"by construction","count",0,0,FALSE
"Disabled workers","DI children",2070,1483000,1483000,1429000,1399000,"by construction","count",0,0,FALSE
"Disabled workers","DI children",2071,1480000,1480000,1434000,1387000,"by construction","count",-2.3283064365387e-10,-1.11022302462516e-14,FALSE
"Disabled workers","DI children",2072,1478000,1478000,1441000,1374000,"by construction","count",0,0,FALSE
"Disabled workers","DI children",2073,1476000,1476000,1449000,1361000,"by construction","count",2.3283064365387e-10,2.22044604925031e-14,FALSE
"Disabled workers","DI children",2074,1475000,1475000,1459000,1349000,"by construction","count",2.3283064365387e-10,2.22044604925031e-14,FALSE
"Disabled workers","DI children",2075,1474000,1474000,1470000,1336000,"by construction","count",0,0,FALSE
"Disabled workers","DI children",2076,1475000,1475000,1483000,1324000,"by construction","count",-2.3283064365387e-10,-1.11022302462516e-14,TRUE
"Disabled workers","DI children",2077,1477000,1477000,1497000,1312000,"by construction","count",-2.3283064365387e-10,-1.11022302462516e-14,TRUE
"Disabled workers","DI children",2078,1480000,1480000,1512000,1301000,"by construction","count",0,0,TRUE
"Disabled workers","DI children",2079,1484000,1484000,1528000,1291000,"by construction","count",0,0,TRUE
"Disabled workers","DI children",2080,1487000,1487000,1544000,1281000,"by construction","count",0,0,TRUE
"Disabled workers","DI children",2081,1492000,1492000,1561000,1271000,"by construction","count",0,0,TRUE
"Disabled workers","DI children",2082,1496000,1496000,1578000,1262000,"by construction","count",0,0,TRUE
"Disabled workers","DI children",2083,1501000,1501000,1594000,1254000,"by construction","count",0,0,TRUE
"Disabled workers","DI children",2084,1506000,1506000,1610000,1246000,"by construction","count",-2.3283064365387e-10,-1.11022302462516e-14,TRUE
"Disabled workers","DI children",2085,1511000,1511000,1626000,1240000,"by construction","count",0,0,TRUE
"Disabled workers","DI children",2086,1516000,1516000,1641000,1233000,"by construction","count",0,0,TRUE
"Disabled workers","DI children",2087,1521000,1521000,1656000,1228000,"by construction","count",0,0,TRUE
"Disabled workers","DI children",2088,1526000,1526000,1670000,1223000,"by construction","count",0,0,TRUE
"Disabled workers","DI children",2089,1530000,1530000,1684000,1217000,"by construction","count",0,0,TRUE
"Disabled workers","DI children",2090,1534000,1534000,1696000,1212000,"by construction","count",0,0,TRUE
"Disabled workers","DI children",2091,1537000,1537000,1708000,1207000,"by construction","count",2.3283064365387e-10,2.22044604925031e-14,TRUE
"Disabled workers","DI children",2092,1540000,1540000,1719000,1202000,"by construction","count",0,0,TRUE
"Disabled workers","DI children",2093,1542000,1542000,1730000,1196000,"by construction","count",0,0,TRUE
"Disabled workers","DI children",2094,1544000,1544000,1740000,1191000,"by construction","count",2.3283064365387e-10,2.22044604925031e-14,TRUE
"Disabled workers","DI children",2095,1546000,1546000,1749000,1185000,"by construction","count",2.3283064365387e-10,2.22044604925031e-14,TRUE
"Disabled workers","DI children",2096,1547000,1547000,1758000,1179000,"by construction","count",-2.3283064365387e-10,-1.11022302462516e-14,TRUE
"Disabled workers","DI children",2097,1547000,1547000,1766000,1173000,"by construction","count",-2.3283064365387e-10,-1.11022302462516e-14,TRUE
"Disabled workers","DI children",2098,1548000,1548000,1775000,1166000,"by construction","count",2.3283064365387e-10,2.22044604925031e-14,TRUE
"Disabled workers","DI children",2099,1548000,1548000,1784000,1159000,"by construction","count",0,0,TRUE
"Disabled workers","DI children",2100,1548000,1548000,1793000,1152000,"by construction","count",0,0,TRUE
"Model alone","DI children (model alone)",2025,948403,949000,NA,NA,"out of sample","count",-597,-0.0629083245521578,NA
"Model alone","DI children (model alone)",2026,933818.835012875,923000,NA,NA,"out of sample","count",10818.8350128747,1.17213813790624,NA
"Model alone","DI children (model alone)",2027,943831.341960827,927000,NA,NA,"out of sample","count",16831.3419608271,1.81567874442579,NA
"Model alone","DI children (model alone)",2028,958704.730893122,934000,NA,NA,"out of sample","count",24704.7308931216,2.64504613416718,NA
"Model alone","DI children (model alone)",2029,979688.822469522,945000,NA,NA,"out of sample","count",34688.8224695221,3.67077486449969,NA
"Model alone","DI children (model alone)",2030,993859.984701139,951000,NA,NA,"out of sample","count",42859.9847011388,4.50683330190733,NA
"Model alone","DI children (model alone)",2031,1004769.03185208,956000,NA,NA,"out of sample","count",48769.0318520836,5.1013631644439,NA
"Model alone","DI children (model alone)",2032,1016550.653928,962000,NA,NA,"out of sample","count",54550.6539279975,5.67054614636149,NA
"Model alone","DI children (model alone)",2033,1027233.10025387,967000,NA,NA,"out of sample","count",60233.1002538708,6.22886248747372,NA
"Model alone","DI children (model alone)",2034,1037910.87415478,974000,NA,NA,"out of sample","count",63910.8741547839,6.56169139166158,NA
"Model alone","DI children (model alone)",2035,1050971.58625321,983000,NA,NA,"out of sample","count",67971.5862532104,6.91470867275792,NA
"Model alone","DI children (model alone)",2036,1066742.41210223,1009000,NA,NA,"out of sample","count",57742.4121022304,5.72273658099409,NA
"Model alone","DI children (model alone)",2037,1083716.26696013,1035000,NA,NA,"out of sample","count",48716.266960127,4.70688569663062,NA
"Model alone","DI children (model alone)",2038,1103273.60597872,1066000,NA,NA,"out of sample","count",37273.6059787248,3.49658592670965,NA
"Model alone","DI children (model alone)",2039,1121220.38847726,1097000,NA,NA,"out of sample","count",24220.3884772577,2.20787497513744,NA
"Model alone","DI children (model alone)",2040,1138624.34015524,1129000,NA,NA,"out of sample","count",9624.34015523712,0.852465912775657,NA
"Model alone","DI children (model alone)",2041,1157023.43644161,1165000,NA,NA,"out of sample","count",-7976.56355838594,-0.684683567243427,NA
"Model alone","DI children (model alone)",2042,1172598.4927787,1200000,NA,NA,"out of sample","count",-27401.507221302,-2.28345893510851,NA
"Model alone","DI children (model alone)",2043,1188388.25823476,1235000,NA,NA,"out of sample","count",-46611.7417652376,-3.77423010244839,NA
"Model alone","DI children (model alone)",2044,1203095.71568349,1271000,NA,NA,"out of sample","count",-67904.2843165109,-5.34258727903312,NA
"Model alone","DI children (model alone)",2045,1217204.54248245,1307000,NA,NA,"out of sample","count",-89795.4575175461,-6.87034870065387,NA
"Model alone","DI children (model alone)",2046,1230567.08088135,1332000,NA,NA,"out of sample","count",-101432.919118653,-7.61508401791687,NA
"Model alone","DI children (model alone)",2047,1243185.30596804,1355000,NA,NA,"out of sample","count",-111814.694031962,-8.25200693962818,NA
"Model alone","DI children (model alone)",2048,1254960.82692709,1378000,NA,NA,"out of sample","count",-123039.173072908,-8.92882242909344,NA
"Model alone","DI children (model alone)",2049,1265838.54189111,1400000,NA,NA,"out of sample","count",-134161.458108894,-9.58296129349242,NA
"Model alone","DI children (model alone)",2050,1275675.55489284,1420000,NA,NA,"out of sample","count",-144324.445107163,-10.1636933174058,NA
"Model alone","DI children (model alone)",2051,1284408.33939548,1439000,NA,NA,"out of sample","count",-154591.660604517,-10.7429923978122,NA
"Model alone","DI children (model alone)",2052,1291976.79357512,1456000,NA,NA,"out of sample","count",-164023.206424883,-11.2653301115991,NA
"Model alone","DI children (model alone)",2053,1298288.35576285,1471000,NA,NA,"out of sample","count",-172711.644237148,-11.7411042989224,NA
"Model alone","DI children (model alone)",2054,1303316.1588673,1485000,NA,NA,"out of sample","count",-181683.841132695,-12.2346020964778,NA
"Model alone","DI children (model alone)",2055,1307034.00576194,1496000,NA,NA,"out of sample","count",-188965.994238059,-12.631416727143,NA
"Model alone","DI children (model alone)",2056,1309492.08959775,1505000,NA,NA,"out of sample","count",-195507.910402254,-12.9905588307146,NA
"Model alone","DI children (model alone)",2057,1310813.22955056,1511000,NA,NA,"out of sample","count",-200186.770449442,-13.2486280906315,NA
"Model alone","DI children (model alone)",2058,1311117.3966354,1515000,NA,NA,"out of sample","count",-203882.6033646,-13.4575975818218,NA
"Model alone","DI children (model alone)",2059,1310651.23574534,1517000,NA,NA,"out of sample","count",-206348.764254657,-13.6024234841567,NA
"Model alone","DI children (model alone)",2060,1309602.66747964,1517000,NA,NA,"out of sample","count",-207397.332520364,-13.6715446618565,NA
"Model alone","DI children (model alone)",2061,1308261.50602123,1516000,NA,NA,"out of sample","count",-207738.493978767,-13.7030668851429,NA
"Model alone","DI children (model alone)",2062,1306789.42123281,1514000,NA,NA,"out of sample","count",-207210.578767185,-13.686299786472,NA
"Model alone","DI children (model alone)",2063,1305356.22040625,1511000,NA,NA,"out of sample","count",-205643.779593748,-13.6097802510753,NA
"Model alone","DI children (model alone)",2064,1304113.92537361,1507000,NA,NA,"out of sample","count",-202886.074626394,-13.4629113886127,NA
"Model alone","DI children (model alone)",2065,1303148.83554149,1503000,NA,NA,"out of sample","count",-199851.164458511,-13.2968173292422,NA
"Model alone","DI children (model alone)",2066,1302564.46295093,1499000,NA,NA,"out of sample","count",-196435.537049071,-13.1044387624464,NA
"Model alone","DI children (model alone)",2067,1302393.77142442,1494000,NA,NA,"out of sample","count",-191606.228575583,-12.8250487667726,NA
"Model alone","DI children (model alone)",2068,1302717.12193106,1490000,NA,NA,"out of sample","count",-187282.878068944,-12.5693206757681,NA
"Model alone","DI children (model alone)",2069,1303584.43797346,1486000,NA,NA,"out of sample","count",-182415.562026539,-12.2756098268196,NA
"Model alone","DI children (model alone)",2070,1305001.73203706,1483000,NA,NA,"out of sample","count",-177998.26796294,-12.0025804425448,NA
"Model alone","DI children (model alone)",2071,1306971.13792246,1480000,NA,NA,"out of sample","count",-173028.862077537,-11.6911393295633,NA
"Model alone","DI children (model alone)",2072,1309444.28900755,1478000,NA,NA,"out of sample","count",-168555.710992449,-11.4043106219519,NA
"Model alone","DI children (model alone)",2073,1312373.18516139,1476000,NA,NA,"out of sample","count",-163626.814838607,-11.0858275635913,NA
"Model alone","DI children (model alone)",2074,1315713.30114371,1475000,NA,NA,"out of sample","count",-159286.698856292,-10.7990982275452,NA
"Model alone","DI children (model alone)",2075,1319399.05484344,1474000,NA,NA,"out of sample","count",-154600.945156561,-10.4885308790069,NA
"Model alone","DI children (model alone)",2076,1323368.97443607,1475000,NA,NA,"out of sample","count",-151631.025563935,-10.2800695297583,NA
"Model alone","DI children (model alone)",2077,1327517.37021407,1477000,NA,NA,"out of sample","count",-149482.629785928,-10.1206926056823,NA
"Model alone","DI children (model alone)",2078,1331743.53426383,1480000,NA,NA,"out of sample","count",-148256.465736175,-10.0173287659578,NA
"Model alone","DI children (model alone)",2079,1335949.22051926,1484000,NA,NA,"out of sample","count",-148050.779480738,-9.97646761999583,NA
"Model alone","DI children (model alone)",2080,1340062.16844182,1487000,NA,NA,"out of sample","count",-146937.831558181,-9.8814950610747,NA
"Model alone","DI children (model alone)",2081,1343996.82766793,1492000,NA,NA,"out of sample","count",-148003.172332068,-9.91978366836915,NA
"Model alone","DI children (model alone)",2082,1347694.49346598,1496000,NA,NA,"out of sample","count",-148305.506534018,-9.91346968810283,NA
"Model alone","DI children (model alone)",2083,1351113.06147024,1501000,NA,NA,"out of sample","count",-149886.938529756,-9.98580536507366,NA
"Model alone","DI children (model alone)",2084,1354225.83444245,1506000,NA,NA,"out of sample","count",-151774.165557549,-10.0779658404747,NA
"Model alone","DI children (model alone)",2085,1356996.06185955,1511000,NA,NA,"out of sample","count",-154003.938140445,-10.1921865083021,NA
"Model alone","DI children (model alone)",2086,1359406.88702242,1516000,NA,NA,"out of sample","count",-156593.112977581,-10.3293610143523,NA
"Model alone","DI children (model alone)",2087,1361456.66092211,1521000,NA,NA,"out of sample","count",-159543.339077892,-10.4893714055156,NA
"Model alone","DI children (model alone)",2088,1363138.27326097,1526000,NA,NA,"out of sample","count",-162861.726739032,-10.6724591572105,NA
"Model alone","DI children (model alone)",2089,1364457.7984833,1530000,NA,NA,"out of sample","count",-165542.201516701,-10.8197517331177,NA
"Model alone","DI children (model alone)",2090,1365476.40690742,1534000,NA,NA,"out of sample","count",-168523.59309258,-10.9858926396727,NA
"Model alone","DI children (model alone)",2091,1366213.82474721,1537000,NA,NA,"out of sample","count",-170786.17525279,-11.111657466024,NA
"Model alone","DI children (model alone)",2092,1366748.26464188,1540000,NA,NA,"out of sample","count",-173251.735358119,-11.2501126855922,NA
"Model alone","DI children (model alone)",2093,1367144.66416893,1542000,NA,NA,"out of sample","count",-174855.335831071,-11.3395159423522,NA
"Model alone","DI children (model alone)",2094,1367461.44827328,1544000,NA,NA,"out of sample","count",-176538.55172672,-11.4338440237513,NA
"Model alone","DI children (model alone)",2095,1367752.51639927,1546000,NA,NA,"out of sample","count",-178247.483600729,-11.5295914360109,NA
"Model alone","DI children (model alone)",2096,1368093.28172189,1547000,NA,NA,"out of sample","count",-178906.718278111,-11.5647523127415,NA
"Model alone","DI children (model alone)",2097,1368531.35258972,1547000,NA,NA,"out of sample","count",-178468.647410275,-11.5364348681497,NA
"Model alone","DI children (model alone)",2098,1369111.57399066,1548000,NA,NA,"out of sample","count",-178888.426009337,-11.5560998714042,NA
"Model alone","DI children (model alone)",2099,1369873.20922517,1548000,NA,NA,"out of sample","count",-178126.790774827,-11.5068986288648,NA
"Model alone","DI children (model alone)",2100,1370840.74462156,1548000,NA,NA,"out of sample","count",-177159.255378442,-11.4443963422766,NA
"Disabled workers","Disabled-worker prevalence, gross (per 1,000 insured)",2025,44.4897061340542,43,43,43,"out of sample","per 1,000",1.48970613405422,3.46443286989355,FALSE
"Disabled workers","Disabled-worker prevalence, gross (per 1,000 insured)",2026,44.5422365574596,43,43,44,"out of sample","per 1,000",1.5422365574596,3.58659664525489,FALSE
"Disabled workers","Disabled-worker prevalence, gross (per 1,000 insured)",2027,44.6250187961154,44,42,45,"out of sample","per 1,000",0.62501879611537,1.42049726389857,TRUE
"Disabled workers","Disabled-worker prevalence, gross (per 1,000 insured)",2028,44.7169781599326,44,42,46,"out of sample","per 1,000",0.716978159932644,1.62949581802874,TRUE
"Disabled workers","Disabled-worker prevalence, gross (per 1,000 insured)",2029,44.8642161087981,44,41,47,"out of sample","per 1,000",0.864216108798111,1.96412751999571,TRUE
"Disabled workers","Disabled-worker prevalence, gross (per 1,000 insured)",2030,44.6706409544994,44,41,48,"out of sample","per 1,000",0.670640954499405,1.52418398749865,TRUE
"Disabled workers","Disabled-worker prevalence, gross (per 1,000 insured)",2031,44.4280954192729,44,40,49,"out of sample","per 1,000",0.42809541927295,0.972944134711251,TRUE
"Disabled workers","Disabled-worker prevalence, gross (per 1,000 insured)",2032,44.5085527632857,44,40,49,"out of sample","per 1,000",0.508552763285749,1.15580173474035,TRUE
"Disabled workers","Disabled-worker prevalence, gross (per 1,000 insured)",2033,44.7036669720089,45,39,51,"out of sample","per 1,000",-0.296333027991132,-0.658517839980288,TRUE
"Disabled workers","Disabled-worker prevalence, gross (per 1,000 insured)",2034,44.9901074195521,45,39,52,"out of sample","per 1,000",-0.00989258044792507,-0.0219835121065048,TRUE
"Disabled workers","Disabled-worker prevalence, gross (per 1,000 insured)",2035,45.3637044450671,46,39,53,"out of sample","per 1,000",-0.63629555493295,-1.38325120637598,TRUE
"Disabled workers","Disabled-worker prevalence, gross (per 1,000 insured)",2036,45.7762035375779,46,39,54,"out of sample","per 1,000",-0.223796462422087,-0.486514048743669,TRUE
"Disabled workers","Disabled-worker prevalence, gross (per 1,000 insured)",2037,46.1787952558773,46,38,55,"out of sample","per 1,000",0.178795255877318,0.388685338863737,TRUE
"Disabled workers","Disabled-worker prevalence, gross (per 1,000 insured)",2038,46.7414728337959,47,38,56,"out of sample","per 1,000",-0.258527166204068,-0.550057800434189,TRUE
"Disabled workers","Disabled-worker prevalence, gross (per 1,000 insured)",2039,47.4699661300684,47,38,57,"out of sample","per 1,000",0.469966130068379,0.999927936315692,TRUE
"Disabled workers","Disabled-worker prevalence, gross (per 1,000 insured)",2040,48.2827411887267,48,38,58,"out of sample","per 1,000",0.282741188726717,0.589044143180661,TRUE
"Disabled workers","Disabled-worker prevalence, gross (per 1,000 insured)",2041,49.0723891024309,48,38,59,"out of sample","per 1,000",1.0723891024309,2.23414396339772,TRUE
"Disabled workers","Disabled-worker prevalence, gross (per 1,000 insured)",2042,49.8833457131035,49,39,60,"out of sample","per 1,000",0.883345713103509,1.80274635327247,TRUE
"Disabled workers","Disabled-worker prevalence, gross (per 1,000 insured)",2043,50.6897316741151,50,39,61,"out of sample","per 1,000",0.689731674115109,1.37946334823023,TRUE
"Disabled workers","Disabled-worker prevalence, gross (per 1,000 insured)",2044,51.3974475223121,50,39,62,"out of sample","per 1,000",1.39744752231207,2.79489504462413,TRUE
"Disabled workers","Disabled-worker prevalence, gross (per 1,000 insured)",2045,52.0958819727603,51,39,63,"out of sample","per 1,000",1.09588197276028,2.14878818188291,TRUE
"Disabled workers","Disabled-worker prevalence, gross (per 1,000 insured)",2046,52.7057261288123,52,40,64,"out of sample","per 1,000",0.705726128812309,1.35716563233137,TRUE
"Disabled workers","Disabled-worker prevalence, gross (per 1,000 insured)",2047,53.2217731555998,52,40,65,"out of sample","per 1,000",1.22177315559978,2.3495637607688,TRUE
"Disabled workers","Disabled-worker prevalence, gross (per 1,000 insured)",2048,53.7405943489377,53,40,66,"out of sample","per 1,000",0.740594348937663,1.39734782818426,TRUE
"Disabled workers","Disabled-worker prevalence, gross (per 1,000 insured)",2049,54.2128009726065,53,41,67,"out of sample","per 1,000",1.21280097260654,2.28830372189912,TRUE
"Disabled workers","Disabled-worker prevalence, gross (per 1,000 insured)",2050,54.7137089071848,54,41,68,"out of sample","per 1,000",0.713708907184767,1.32168316145327,TRUE
"Disabled workers","Disabled-worker prevalence, gross (per 1,000 insured)",2051,55.1715952602469,55,41,69,"out of sample","per 1,000",0.171595260246875,0.311991382267052,TRUE
"Disabled workers","Disabled-worker prevalence, gross (per 1,000 insured)",2052,55.5665767402581,55,41,70,"out of sample","per 1,000",0.566576740258128,1.03013952774205,TRUE
"Disabled workers","Disabled-worker prevalence, gross (per 1,000 insured)",2053,55.95274143189,56,41,71,"out of sample","per 1,000",-0.0472585681099744,-0.0843903001963797,TRUE
"Disabled workers","Disabled-worker prevalence, gross (per 1,000 insured)",2054,56.305108104203,56,42,72,"out of sample","per 1,000",0.305108104203036,0.544835900362561,TRUE
"Disabled workers","Disabled-worker prevalence, gross (per 1,000 insured)",2055,56.5728002582058,56,42,73,"out of sample","per 1,000",0.572800258205781,1.0228576039389,TRUE
"Disabled workers","Disabled-worker prevalence, gross (per 1,000 insured)",2056,56.7526519106062,57,42,73,"out of sample","per 1,000",-0.247348089393775,-0.433944016480303,TRUE
"Disabled workers","Disabled-worker prevalence, gross (per 1,000 insured)",2057,56.8495504118078,57,42,74,"out of sample","per 1,000",-0.150449588192217,-0.263946645951263,TRUE
"Disabled workers","Disabled-worker prevalence, gross (per 1,000 insured)",2058,56.9588106495266,57,41,74,"out of sample","per 1,000",-0.0411893504734167,-0.0722620183744138,TRUE
"Disabled workers","Disabled-worker prevalence, gross (per 1,000 insured)",2059,57.0757577975172,57,41,75,"out of sample","per 1,000",0.0757577975171841,0.13290841669682,TRUE
"Disabled workers","Disabled-worker prevalence, gross (per 1,000 insured)",2060,57.2309489549845,57,41,75,"out of sample","per 1,000",0.230948954984463,0.405173605235909,TRUE
"Disabled workers","Disabled-worker prevalence, gross (per 1,000 insured)",2061,57.3981422211571,57,41,76,"out of sample","per 1,000",0.398142221157102,0.698495124837017,TRUE
"Disabled workers","Disabled-worker prevalence, gross (per 1,000 insured)",2062,57.6057878840858,57,41,77,"out of sample","per 1,000",0.6057878840858,1.06278576155403,TRUE
"Disabled workers","Disabled-worker prevalence, gross (per 1,000 insured)",2063,57.8149469520163,58,41,77,"out of sample","per 1,000",-0.185053047983708,-0.319056979282251,TRUE
"Disabled workers","Disabled-worker prevalence, gross (per 1,000 insured)",2064,58.0374562794199,58,41,78,"out of sample","per 1,000",0.037456279419871,0.0645797921032365,TRUE
"Disabled workers","Disabled-worker prevalence, gross (per 1,000 insured)",2065,58.2220137102621,58,41,78,"out of sample","per 1,000",0.222013710262082,0.382782259072556,TRUE
"Disabled workers","Disabled-worker prevalence, gross (per 1,000 insured)",2066,58.4042759001648,58,41,79,"out of sample","per 1,000",0.404275900164812,0.697027414077267,TRUE
"Disabled workers","Disabled-worker prevalence, gross (per 1,000 insured)",2067,58.4963552248313,58,41,79,"out of sample","per 1,000",0.496355224831312,0.855784870398812,TRUE
"Disabled workers","Disabled-worker prevalence, gross (per 1,000 insured)",2068,58.6162575115902,58,41,80,"out of sample","per 1,000",0.616257511590206,1.0625129510176,TRUE
"Disabled workers","Disabled-worker prevalence, gross (per 1,000 insured)",2069,58.7382287098552,58,41,80,"out of sample","per 1,000",0.738228709855214,1.27280812044002,TRUE
"Disabled workers","Disabled-worker prevalence, gross (per 1,000 insured)",2070,58.8130876694022,58,40,81,"out of sample","per 1,000",0.813087669402194,1.40187529207274,TRUE
"Disabled workers","Disabled-worker prevalence, gross (per 1,000 insured)",2071,58.8721436358997,58,40,81,"out of sample","per 1,000",0.872143635899683,1.50369592396498,TRUE
"Disabled workers","Disabled-worker prevalence, gross (per 1,000 insured)",2072,58.8879960587537,58,40,81,"out of sample","per 1,000",0.887996058753714,1.53102768750641,TRUE
"Disabled workers","Disabled-worker prevalence, gross (per 1,000 insured)",2073,58.8319955074276,58,40,81,"out of sample","per 1,000",0.831995507427578,1.43447501280618,TRUE
"Disabled workers","Disabled-worker prevalence, gross (per 1,000 insured)",2074,58.7247743811847,58,40,81,"out of sample","per 1,000",0.724774381184659,1.24961100204251,TRUE
"Disabled workers","Disabled-worker prevalence, gross (per 1,000 insured)",2075,58.6202853498669,58,40,81,"out of sample","per 1,000",0.620285349866876,1.06945749977048,TRUE
"Disabled workers","Disabled-worker prevalence, gross (per 1,000 insured)",2076,58.5873819606392,58,39,81,"out of sample","per 1,000",0.587381960639163,1.01272751834338,TRUE
"Disabled workers","Disabled-worker prevalence, gross (per 1,000 insured)",2077,58.5588324234128,58,39,82,"out of sample","per 1,000",0.558832423412809,0.963504178297958,TRUE
"Disabled workers","Disabled-worker prevalence, gross (per 1,000 insured)",2078,58.5477940287808,58,39,82,"out of sample","per 1,000",0.547794028780778,0.944472463415136,TRUE
"Disabled workers","Disabled-worker prevalence, gross (per 1,000 insured)",2079,58.5117184035993,58,39,82,"out of sample","per 1,000",0.511718403599339,0.88227310965403,TRUE
"Disabled workers","Disabled-worker prevalence, gross (per 1,000 insured)",2080,58.4629422474594,58,39,82,"out of sample","per 1,000",0.462942247459431,0.798176288723162,TRUE
"Disabled workers","Disabled-worker prevalence, gross (per 1,000 insured)",2081,58.3579729030671,57,39,82,"out of sample","per 1,000",1.35797290306709,2.38240860187209,TRUE
"Disabled workers","Disabled-worker prevalence, gross (per 1,000 insured)",2082,58.2446862574354,57,39,82,"out of sample","per 1,000",1.24468625743538,2.18366010076381,TRUE
"Disabled workers","Disabled-worker prevalence, gross (per 1,000 insured)",2083,58.1393893927785,57,38,82,"out of sample","per 1,000",1.1393893927785,1.99892875926053,TRUE
"Disabled workers","Disabled-worker prevalence, gross (per 1,000 insured)",2084,58.0909883682819,57,38,81,"out of sample","per 1,000",1.09098836828188,1.91401468119627,TRUE
"Disabled workers","Disabled-worker prevalence, gross (per 1,000 insured)",2085,58.0827251041353,57,38,81,"out of sample","per 1,000",1.08272510413529,1.89951772655312,TRUE
"Disabled workers","Disabled-worker prevalence, gross (per 1,000 insured)",2086,58.102265795442,57,38,81,"out of sample","per 1,000",1.10226579544196,1.93379964112623,TRUE
"Disabled workers","Disabled-worker prevalence, gross (per 1,000 insured)",2087,58.2035985809719,57,38,81,"out of sample","per 1,000",1.20359858097193,2.1115764578455,TRUE
"Disabled workers","Disabled-worker prevalence, gross (per 1,000 insured)",2088,58.2840698476867,57,38,81,"out of sample","per 1,000",1.28406984768669,2.25275411874859,TRUE
"Disabled workers","Disabled-worker prevalence, gross (per 1,000 insured)",2089,58.3698799229133,57,39,81,"out of sample","per 1,000",1.36987992291326,2.40329811037414,TRUE
"Disabled workers","Disabled-worker prevalence, gross (per 1,000 insured)",2090,58.535580237128,57,39,81,"out of sample","per 1,000",1.53558023712804,2.69400041601411,TRUE
"Disabled workers","Disabled-worker prevalence, gross (per 1,000 insured)",2091,58.6538991310482,57,39,81,"out of sample","per 1,000",1.65389913104817,2.90157742289152,TRUE
"Disabled workers","Disabled-worker prevalence, gross (per 1,000 insured)",2092,58.7856392767846,57,39,81,"out of sample","per 1,000",1.78563927678458,3.13270048558698,TRUE
"Disabled workers","Disabled-worker prevalence, gross (per 1,000 insured)",2093,58.9320551503746,57,39,81,"out of sample","per 1,000",1.93205515037462,3.38957043925372,TRUE
"Disabled workers","Disabled-worker prevalence, gross (per 1,000 insured)",2094,59.1058799754571,58,39,80,"out of sample","per 1,000",1.10587997545706,1.906689612857,TRUE
"Disabled workers","Disabled-worker prevalence, gross (per 1,000 insured)",2095,59.2674575027601,58,40,81,"out of sample","per 1,000",1.26745750276007,2.18527155648287,TRUE
"Disabled workers","Disabled-worker prevalence, gross (per 1,000 insured)",2096,59.4476519346993,58,40,81,"out of sample","per 1,000",1.44765193469928,2.49595161155047,TRUE
"Disabled workers","Disabled-worker prevalence, gross (per 1,000 insured)",2097,59.6268817560656,58,40,81,"out of sample","per 1,000",1.62688175606557,2.80496854494063,TRUE
"Disabled workers","Disabled-worker prevalence, gross (per 1,000 insured)",2098,59.8113608722632,58,40,81,"out of sample","per 1,000",1.81136087226316,3.12303598666062,TRUE
"Disabled workers","Disabled-worker prevalence, gross (per 1,000 insured)",2099,59.9719456393559,58,40,81,"out of sample","per 1,000",1.97194563935587,3.39990627475151,TRUE
"Disabled workers","Disabled-worker prevalence, gross (per 1,000 insured)",2100,60.1129981243472,59,40,81,"out of sample","per 1,000",1.11299812434718,1.88643749889352,TRUE
"Disabled workers","Disabled-worker prevalence, age-sex-adjusted (per 1,000 insured)",2025,31.6323674486495,31,31,31,"out of sample","per 1,000",0.632367448649514,2.03989499564359,FALSE
"Disabled workers","Disabled-worker prevalence, age-sex-adjusted (per 1,000 insured)",2026,31.3441202497952,31,30,31,"out of sample","per 1,000",0.344120249795196,1.11006532192,FALSE
"Disabled workers","Disabled-worker prevalence, age-sex-adjusted (per 1,000 insured)",2027,31.6496236337066,31,30,32,"out of sample","per 1,000",0.649623633706625,2.09556010873104,TRUE
"Disabled workers","Disabled-worker prevalence, age-sex-adjusted (per 1,000 insured)",2028,32.0558488774192,31,30,33,"out of sample","per 1,000",1.05584887741924,3.40596412070722,TRUE
"Disabled workers","Disabled-worker prevalence, age-sex-adjusted (per 1,000 insured)",2029,32.5484374456951,32,30,34,"out of sample","per 1,000",0.548437445695107,1.71386701779721,TRUE
"Disabled workers","Disabled-worker prevalence, age-sex-adjusted (per 1,000 insured)",2030,32.7674336603396,32,30,35,"out of sample","per 1,000",0.767433660339648,2.3982301885614,TRUE
"Disabled workers","Disabled-worker prevalence, age-sex-adjusted (per 1,000 insured)",2031,32.9136822371325,32,29,36,"out of sample","per 1,000",0.913682237132505,2.85525699103908,TRUE
"Disabled workers","Disabled-worker prevalence, age-sex-adjusted (per 1,000 insured)",2032,33.167225821443,33,29,37,"out of sample","per 1,000",0.16722582144299,0.506744913463608,TRUE
"Disabled workers","Disabled-worker prevalence, age-sex-adjusted (per 1,000 insured)",2033,33.4058045862779,33,29,38,"out of sample","per 1,000",0.405804586277895,1.22971086750878,TRUE
"Disabled workers","Disabled-worker prevalence, age-sex-adjusted (per 1,000 insured)",2034,33.6663368257286,34,29,39,"out of sample","per 1,000",-0.333663174271415,-0.981362277268871,TRUE
"Disabled workers","Disabled-worker prevalence, age-sex-adjusted (per 1,000 insured)",2035,34.0143611061701,34,29,40,"out of sample","per 1,000",0.0143611061701279,0.0422385475592035,TRUE
"Disabled workers","Disabled-worker prevalence, age-sex-adjusted (per 1,000 insured)",2036,34.4110657386233,35,29,40,"out of sample","per 1,000",-0.588934261376664,-1.68266931821904,TRUE
"Disabled workers","Disabled-worker prevalence, age-sex-adjusted (per 1,000 insured)",2037,34.8584589512308,35,29,41,"out of sample","per 1,000",-0.141541048769156,-0.4044029964833,TRUE
"Disabled workers","Disabled-worker prevalence, age-sex-adjusted (per 1,000 insured)",2038,35.3086713292664,35,29,42,"out of sample","per 1,000",0.308671329266438,0.881918083618394,TRUE
"Disabled workers","Disabled-worker prevalence, age-sex-adjusted (per 1,000 insured)",2039,35.7391918053811,35,29,42,"out of sample","per 1,000",0.739191805381104,2.11197658680315,TRUE
"Disabled workers","Disabled-worker prevalence, age-sex-adjusted (per 1,000 insured)",2040,36.1449538714943,36,29,43,"out of sample","per 1,000",0.144953871494266,0.402649643039621,TRUE
"Disabled workers","Disabled-worker prevalence, age-sex-adjusted (per 1,000 insured)",2041,36.5119678519837,36,29,44,"out of sample","per 1,000",0.511967851983698,1.42213292217694,TRUE
"Disabled workers","Disabled-worker prevalence, age-sex-adjusted (per 1,000 insured)",2042,36.8498980556536,36,29,44,"out of sample","per 1,000",0.849898055653554,2.36082793237098,TRUE
"Disabled workers","Disabled-worker prevalence, age-sex-adjusted (per 1,000 insured)",2043,37.1698459882443,36,29,45,"out of sample","per 1,000",1.16984598824426,3.24957218956738,TRUE
"Disabled workers","Disabled-worker prevalence, age-sex-adjusted (per 1,000 insured)",2044,37.4589994581249,37,29,45,"out of sample","per 1,000",0.45899945812485,1.24053907601311,TRUE
"Disabled workers","Disabled-worker prevalence, age-sex-adjusted (per 1,000 insured)",2045,37.7296385602119,37,29,45,"out of sample","per 1,000",0.729638560211896,1.9719961086808,TRUE
"Disabled workers","Disabled-worker prevalence, age-sex-adjusted (per 1,000 insured)",2046,37.9723108190623,37,29,46,"out of sample","per 1,000",0.972310819062322,2.62786707854681,TRUE
"Disabled workers","Disabled-worker prevalence, age-sex-adjusted (per 1,000 insured)",2047,38.199838460161,37,29,46,"out of sample","per 1,000",1.19983846016096,3.24280664908367,TRUE
"Disabled workers","Disabled-worker prevalence, age-sex-adjusted (per 1,000 insured)",2048,38.4083959850749,38,29,47,"out of sample","per 1,000",0.408395985074904,1.07472627651291,TRUE
"Disabled workers","Disabled-worker prevalence, age-sex-adjusted (per 1,000 insured)",2049,38.6091299926178,38,29,47,"out of sample","per 1,000",0.609129992617788,1.60297366478366,TRUE
"Disabled workers","Disabled-worker prevalence, age-sex-adjusted (per 1,000 insured)",2050,38.7950646143864,38,29,47,"out of sample","per 1,000",0.795064614386405,2.09227530101685,TRUE
"Disabled workers","Disabled-worker prevalence, age-sex-adjusted (per 1,000 insured)",2051,38.9668313393002,38,29,48,"out of sample","per 1,000",0.966831339300207,2.54429299815844,TRUE
"Disabled workers","Disabled-worker prevalence, age-sex-adjusted (per 1,000 insured)",2052,39.1280126238823,38,30,48,"out of sample","per 1,000",1.1280126238823,2.96845427337447,TRUE
"Disabled workers","Disabled-worker prevalence, age-sex-adjusted (per 1,000 insured)",2053,39.2771278729776,39,30,48,"out of sample","per 1,000",0.27712787297758,0.710584289686111,TRUE
"Disabled workers","Disabled-worker prevalence, age-sex-adjusted (per 1,000 insured)",2054,39.4198162217761,39,30,48,"out of sample","per 1,000",0.419816221776102,1.07645185070795,TRUE
"Disabled workers","Disabled-worker prevalence, age-sex-adjusted (per 1,000 insured)",2055,39.5479927805252,39,30,49,"out of sample","per 1,000",0.547992780525206,1.40510969365437,TRUE
"Disabled workers","Disabled-worker prevalence, age-sex-adjusted (per 1,000 insured)",2056,39.6604385990872,39,30,49,"out of sample","per 1,000",0.660438599087165,1.69343230535171,TRUE
"Disabled workers","Disabled-worker prevalence, age-sex-adjusted (per 1,000 insured)",2057,39.7632838735863,39,30,49,"out of sample","per 1,000",0.763283873586275,1.9571381374007,TRUE
"Disabled workers","Disabled-worker prevalence, age-sex-adjusted (per 1,000 insured)",2058,39.8562331523565,39,30,49,"out of sample","per 1,000",0.856233152356516,2.19546962142696,TRUE
"Disabled workers","Disabled-worker prevalence, age-sex-adjusted (per 1,000 insured)",2059,39.9433780753054,39,30,49,"out of sample","per 1,000",0.943378075305418,2.41891814180877,TRUE
"Disabled workers","Disabled-worker prevalence, age-sex-adjusted (per 1,000 insured)",2060,40.026438463839,39,30,49,"out of sample","per 1,000",1.02643846383901,2.63189349702311,TRUE
"Disabled workers","Disabled-worker prevalence, age-sex-adjusted (per 1,000 insured)",2061,40.1059119879971,39,30,50,"out of sample","per 1,000",1.1059119879971,2.83567176409514,TRUE
"Disabled workers","Disabled-worker prevalence, age-sex-adjusted (per 1,000 insured)",2062,40.1846117581552,39,30,50,"out of sample","per 1,000",1.18461175815519,3.03746604655177,TRUE
"Disabled workers","Disabled-worker prevalence, age-sex-adjusted (per 1,000 insured)",2063,40.2608239486325,40,30,50,"out of sample","per 1,000",0.26082394863252,0.652059871581301,TRUE
"Disabled workers","Disabled-worker prevalence, age-sex-adjusted (per 1,000 insured)",2064,40.328872952263,40,30,50,"out of sample","per 1,000",0.328872952263012,0.822182380657521,TRUE
"Disabled workers","Disabled-worker prevalence, age-sex-adjusted (per 1,000 insured)",2065,40.397897596075,40,30,50,"out of sample","per 1,000",0.397897596075019,0.994743990187552,TRUE
"Disabled workers","Disabled-worker prevalence, age-sex-adjusted (per 1,000 insured)",2066,40.4563460741354,40,30,50,"out of sample","per 1,000",0.456346074135439,1.1408651853386,TRUE
"Disabled workers","Disabled-worker prevalence, age-sex-adjusted (per 1,000 insured)",2067,40.5092636773939,40,30,50,"out of sample","per 1,000",0.509263677393918,1.27315919348479,TRUE
"Disabled workers","Disabled-worker prevalence, age-sex-adjusted (per 1,000 insured)",2068,40.5558406815446,40,30,50,"out of sample","per 1,000",0.555840681544588,1.38960170386146,TRUE
"Disabled workers","Disabled-worker prevalence, age-sex-adjusted (per 1,000 insured)",2069,40.605515455601,40,30,50,"out of sample","per 1,000",0.605515455601036,1.5137886390026,TRUE
"Disabled workers","Disabled-worker prevalence, age-sex-adjusted (per 1,000 insured)",2070,40.6472204371622,40,30,50,"out of sample","per 1,000",0.647220437162247,1.61805109290563,TRUE
"Disabled workers","Disabled-worker prevalence, age-sex-adjusted (per 1,000 insured)",2071,40.6998167822511,40,30,50,"out of sample","per 1,000",0.699816782251084,1.74954195562771,TRUE
"Disabled workers","Disabled-worker prevalence, age-sex-adjusted (per 1,000 insured)",2072,40.745418038504,40,30,50,"out of sample","per 1,000",0.745418038504006,1.86354509626001,TRUE
"Disabled workers","Disabled-worker prevalence, age-sex-adjusted (per 1,000 insured)",2073,40.7916740415767,40,30,50,"out of sample","per 1,000",0.791674041576734,1.97918510394184,TRUE
"Disabled workers","Disabled-worker prevalence, age-sex-adjusted (per 1,000 insured)",2074,40.8328807735545,40,30,50,"out of sample","per 1,000",0.832880773554535,2.08220193388633,TRUE
"Disabled workers","Disabled-worker prevalence, age-sex-adjusted (per 1,000 insured)",2075,40.8753207766153,40,30,50,"out of sample","per 1,000",0.87532077661529,2.18830194153823,TRUE
"Disabled workers","Disabled-worker prevalence, age-sex-adjusted (per 1,000 insured)",2076,40.917071332712,40,30,50,"out of sample","per 1,000",0.917071332711977,2.29267833177995,TRUE
"Disabled workers","Disabled-worker prevalence, age-sex-adjusted (per 1,000 insured)",2077,40.9601071568982,40,30,51,"out of sample","per 1,000",0.960107156898246,2.40026789224561,TRUE
"Disabled workers","Disabled-worker prevalence, age-sex-adjusted (per 1,000 insured)",2078,41.003116291148,40,30,51,"out of sample","per 1,000",1.00311629114797,2.50779072786993,TRUE
"Disabled workers","Disabled-worker prevalence, age-sex-adjusted (per 1,000 insured)",2079,41.0432869515068,40,30,51,"out of sample","per 1,000",1.04328695150684,2.60821737876711,TRUE
"Disabled workers","Disabled-worker prevalence, age-sex-adjusted (per 1,000 insured)",2080,41.0856152735177,40,30,51,"out of sample","per 1,000",1.08561527351773,2.71403818379432,TRUE
"Disabled workers","Disabled-worker prevalence, age-sex-adjusted (per 1,000 insured)",2081,41.1286960001908,40,30,51,"out of sample","per 1,000",1.12869600019084,2.8217400004771,TRUE
"Disabled workers","Disabled-worker prevalence, age-sex-adjusted (per 1,000 insured)",2082,41.1701922236401,40,30,51,"out of sample","per 1,000",1.17019222364008,2.9254805591002,TRUE
"Disabled workers","Disabled-worker prevalence, age-sex-adjusted (per 1,000 insured)",2083,41.208701932068,40,30,51,"out of sample","per 1,000",1.20870193206801,3.02175483017002,TRUE
"Disabled workers","Disabled-worker prevalence, age-sex-adjusted (per 1,000 insured)",2084,41.2504098843141,40,30,51,"out of sample","per 1,000",1.25040988431407,3.12602471078518,TRUE
"Disabled workers","Disabled-worker prevalence, age-sex-adjusted (per 1,000 insured)",2085,41.2904098642859,40,30,51,"out of sample","per 1,000",1.29040986428587,3.22602466071467,TRUE
"Disabled workers","Disabled-worker prevalence, age-sex-adjusted (per 1,000 insured)",2086,41.3272498552607,40,30,51,"out of sample","per 1,000",1.32724985526072,3.31812463815182,TRUE
"Disabled workers","Disabled-worker prevalence, age-sex-adjusted (per 1,000 insured)",2087,41.3688671494442,40,30,51,"out of sample","per 1,000",1.36886714944419,3.42216787361047,TRUE
"Disabled workers","Disabled-worker prevalence, age-sex-adjusted (per 1,000 insured)",2088,41.4094876606017,40,30,51,"out of sample","per 1,000",1.40948766060169,3.52371915150422,TRUE
"Disabled workers","Disabled-worker prevalence, age-sex-adjusted (per 1,000 insured)",2089,41.4480410403035,40,30,51,"out of sample","per 1,000",1.44804104030349,3.62010260075871,TRUE
"Disabled workers","Disabled-worker prevalence, age-sex-adjusted (per 1,000 insured)",2090,41.4889022948079,40,30,51,"out of sample","per 1,000",1.48890229480791,3.72225573701979,TRUE
"Disabled workers","Disabled-worker prevalence, age-sex-adjusted (per 1,000 insured)",2091,41.5247427289456,40,30,51,"out of sample","per 1,000",1.52474272894555,3.81185682236389,TRUE
"Disabled workers","Disabled-worker prevalence, age-sex-adjusted (per 1,000 insured)",2092,41.5594967260371,40,31,51,"out of sample","per 1,000",1.55949672603705,3.89874181509264,TRUE
"Disabled workers","Disabled-worker prevalence, age-sex-adjusted (per 1,000 insured)",2093,41.5919131137461,41,31,51,"out of sample","per 1,000",0.591913113746067,1.44369052133186,TRUE
"Disabled workers","Disabled-worker prevalence, age-sex-adjusted (per 1,000 insured)",2094,41.6281120582031,41,31,51,"out of sample","per 1,000",0.628112058203101,1.53198062976365,TRUE
"Disabled workers","Disabled-worker prevalence, age-sex-adjusted (per 1,000 insured)",2095,41.6578037865439,41,31,51,"out of sample","per 1,000",0.657803786543859,1.60439947937527,TRUE
"Disabled workers","Disabled-worker prevalence, age-sex-adjusted (per 1,000 insured)",2096,41.6950116180989,41,31,51,"out of sample","per 1,000",0.695011618098938,1.69515028804619,TRUE
"Disabled workers","Disabled-worker prevalence, age-sex-adjusted (per 1,000 insured)",2097,41.7334997006635,41,31,51,"out of sample","per 1,000",0.733499700663479,1.78902366015483,TRUE
"Disabled workers","Disabled-worker prevalence, age-sex-adjusted (per 1,000 insured)",2098,41.7643691018305,41,31,51,"out of sample","per 1,000",0.764369101830475,1.86431488251335,TRUE
"Disabled workers","Disabled-worker prevalence, age-sex-adjusted (per 1,000 insured)",2099,41.7986496641631,41,31,51,"out of sample","per 1,000",0.798649664163094,1.94792601015388,TRUE
"Disabled workers","Disabled-worker prevalence, age-sex-adjusted (per 1,000 insured)",2100,41.82972678594,41,31,51,"out of sample","per 1,000",0.829726785939961,2.02372386814624,TRUE
"Disabled workers","DI death rate, age-sex-adjusted (memo)",2026,26.2989626859889,26.3,NA,NA,"calibrated","per 1,000",-0.00103731401113194,-0.0039441597381451,NA
"Disabled workers","DI death rate, age-sex-adjusted (memo)",2100,12.5076080885809,12.5,NA,NA,"calibrated","per 1,000",0.00760808858087003,0.0608647086469682,NA
"Disabled workers","DI recovery rate, age-sex-adjusted (memo)",2026,18.7001217129264,18.7,NA,NA,"calibrated","per 1,000",0.000121712926436146,0.000650871264373798,NA
"Disabled workers","DI recovery rate, age-sex-adjusted (memo)",2100,11.0948319290473,11.1,NA,NA,"calibrated","per 1,000",-0.00516807095271865,-0.0465591977722446,NA
"OASI","Retired workers",2025,53624664,53625000,53625000,53625000,"by construction","count",-336,-0.00062657342657646,FALSE
"OASI","Retired workers",2026,55193988.9863422,55194000,55183000,55210000,"calibrated","count",-11.0136578008533,-1.99544475831814e-05,TRUE
"OASI","Retired workers",2027,56760990.2115163,56761000,56733000,56803000,"calibrated","count",-9.78848367184401,-1.72450867141904e-05,TRUE
"OASI","Retired workers",2028,58197001.8669197,58197000,58143000,58274000,"calibrated","count",1.86691974848509,3.2079312539679e-06,TRUE
"OASI","Retired workers",2029,59503000.9451972,59503000,59416000,59628000,"calibrated","count",0.94519717246294,1.58848658671218e-06,TRUE
"OASI","Retired workers",2030,60694000.4971512,60694000,60565000,60877000,"calibrated","count",0.497151151299477,8.19110868022221e-07,TRUE
"OASI","Retired workers",2031,61773000.2582176,61773000,61593000,62027000,"calibrated","count",0.258217580616474,4.18010426272986e-07,TRUE
"OASI","Retired workers",2032,62719000.1269489,62719000,62479000,63058000,"calibrated","count",0.126948915421963,2.02409022875827e-07,TRUE
"OASI","Retired workers",2033,63529000.0441156,63529000,63219000,63965000,"calibrated","count",0.0441155880689621,6.94416524282815e-08,TRUE
"OASI","Retired workers",2034,64215000.0074979,64215000,63825000,64761000,"calibrated","count",0.00749790668487549,1.16762599589038e-08,TRUE
"OASI","Retired workers",2035,64804088.1991522,64804000,64324000,65474000,"calibrated","count",88.1991522461176,0.000136101401526645,TRUE
"OASI","Retired workers",2036,65329770.1647172,65361000,64589000,66434000,"out of sample","count",-31229.8352827579,-0.0477805346961624,TRUE
"OASI","Retired workers",2037,65825234.9509525,65940000,65022000,67207000,"out of sample","count",-114765.049047485,-0.174044660369255,TRUE
"OASI","Retired workers",2038,66205880.4180541,66436000,65369000,67906000,"out of sample","count",-230119.581945851,-0.346377840246026,TRUE
"OASI","Retired workers",2039,66498218.0474782,66817000,65595000,68494000,"out of sample","count",-318781.952521756,-0.477097074878785,TRUE
"OASI","Retired workers",2040,66723045.4409492,67114000,65754000,69006000,"out of sample","count",-390954.559050836,-0.582523108518096,TRUE
"OASI","Retired workers",2041,66933817.0445276,67386000,65878000,69497000,"out of sample","count",-452182.955472387,-0.671033976601054,TRUE
"OASI","Retired workers",2042,67132331.441011,67664000,65996000,70004000,"out of sample","count",-531668.558988988,-0.785748047690038,TRUE
"OASI","Retired workers",2043,67307777.9059101,67912000,66094000,70480000,"out of sample","count",-604222.094089895,-0.889713296751526,TRUE
"OASI","Retired workers",2044,67542263.7230939,68185000,66229000,70984000,"out of sample","count",-642736.276906073,-0.942635883121024,TRUE
"OASI","Retired workers",2045,67790978.0582524,68461000,66369000,71498000,"out of sample","count",-670021.941747621,-0.978691432710044,TRUE
"OASI","Retired workers",2046,68055061.5202476,68692000,66455000,71958000,"out of sample","count",-636938.479752421,-0.92723822243117,TRUE
"OASI","Retired workers",2047,68396957.8345803,68995000,66618000,72488000,"out of sample","count",-598042.165419653,-0.866790586882604,TRUE
"OASI","Retired workers",2048,68718973.7270036,69263000,66761000,72982000,"out of sample","count",-544026.272996411,-0.785450057023829,TRUE
"OASI","Retired workers",2049,69088710.9083586,69581000,66946000,73529000,"out of sample","count",-492289.091641396,-0.70750505402537,TRUE
"OASI","Retired workers",2050,69477298.0335605,69911000,67145000,74064000,"out of sample","count",-433701.966439486,-0.620362984994471,TRUE
"OASI","Retired workers",2051,69898036.3181141,70288000,67386000,74644000,"out of sample","count",-389963.681885853,-0.554808334119417,TRUE
"OASI","Retired workers",2052,70386866.5290051,70727000,67689000,75297000,"out of sample","count",-340133.47099489,-0.480910360958176,TRUE
"OASI","Retired workers",2053,70893536.6290919,71179000,68010000,75951000,"out of sample","count",-285463.370908082,-0.401049987929136,TRUE
"OASI","Retired workers",2054,71430882.6772727,71674000,68376000,76643000,"out of sample","count",-243117.322727323,-0.339198764862181,TRUE
"OASI","Retired workers",2055,72022309.2896362,72228000,68808000,77386000,"out of sample","count",-205690.71036382,-0.284779739663044,TRUE
"OASI","Retired workers",2056,72642306.9104809,72829000,69282000,78171000,"out of sample","count",-186693.089519054,-0.256344436308409,TRUE
"OASI","Retired workers",2057,73303543.5029722,73479000,69805000,79012000,"out of sample","count",-175456.49702777,-0.238784546642945,TRUE
"OASI","Retired workers",2058,73950689.2510002,74123000,70326000,79835000,"out of sample","count",-172310.748999774,-0.232465967378237,TRUE
"OASI","Retired workers",2059,74587579.229306,74764000,70841000,80643000,"out of sample","count",-176420.770694032,-0.235970213865,TRUE
"OASI","Retired workers",2060,75207416.5562159,75393000,71354000,81431000,"out of sample","count",-185583.443784073,-0.246154740869942,TRUE
"OASI","Retired workers",2061,75824793.3308121,7.6e+07,71846000,82193000,"out of sample","count",-175206.669187918,-0.230535091036732,TRUE
"OASI","Retired workers",2062,76436402.2834419,76599000,72331000,82952000,"out of sample","count",-162597.716558143,-0.212271330641578,TRUE
"OASI","Retired workers",2063,77045136.3960047,77185000,72798000,83680000,"out of sample","count",-139863.603995308,-0.181205679854002,TRUE
"OASI","Retired workers",2064,77636150.2208545,77757000,73254000,84403000,"out of sample","count",-120849.779145539,-0.155419806764068,TRUE
"OASI","Retired workers",2065,78264138.3639735,78350000,73730000,85150000,"out of sample","count",-85861.636026457,-0.109587282739576,TRUE
"OASI","Retired workers",2066,78889913.6573408,78938000,74199000,85890000,"out of sample","count",-48086.3426591605,-0.0609165961376834,TRUE
"OASI","Retired workers",2067,79554123.7007527,79557000,74690000,86666000,"out of sample","count",-2876.29924726486,-0.00361539430504543,TRUE
"OASI","Retired workers",2068,80206909.7430525,80163000,75172000,87425000,"out of sample","count",43909.7430525422,0.054775573584509,TRUE
"OASI","Retired workers",2069,80866018.7111027,80772000,75653000,88188000,"out of sample","count",94018.7111027241,0.116400127646621,TRUE
"OASI","Retired workers",2070,81545389.1281096,81397000,76142000,88960000,"out of sample","count",148389.128109589,0.182302944960622,TRUE
"OASI","Retired workers",2071,82202999.8962084,82003000,76618000,89709000,"out of sample","count",199999.896208391,0.243893389520378,TRUE
"OASI","Retired workers",2072,82842243.3793503,82599000,77079000,90444000,"out of sample","count",243243.37935026,0.294487075328109,TRUE
"OASI","Retired workers",2073,83483406.1894815,83196000,77537000,91185000,"out of sample","count",287406.189481542,0.345456740085504,TRUE
"OASI","Retired workers",2074,84108323.2349052,83778000,77978000,91920000,"out of sample","count",330323.234905213,0.394283982555343,TRUE
"OASI","Retired workers",2075,84699644.0344041,84322000,78377000,92608000,"out of sample","count",377644.034404129,0.447859436925269,TRUE
"OASI","Retired workers",2076,85222644.9206809,84801000,78715000,93224000,"out of sample","count",421644.920680881,0.497216920414711,TRUE
"OASI","Retired workers",2077,85719914.2001254,85252000,79026000,93811000,"out of sample","count",467914.200125426,0.548860085541025,TRUE
"OASI","Retired workers",2078,86167250.7452381,85649000,79290000,94341000,"out of sample","count",518250.745238066,0.605086743847649,TRUE
"OASI","Retired workers",2079,86582609.678737,86008000,79519000,94829000,"out of sample","count",574609.678737,0.668088641448472,TRUE
"OASI","Retired workers",2080,86967964.859202,86339000,79718000,95280000,"out of sample","count",628964.859201953,0.728482909463812,TRUE
"OASI","Retired workers",2081,87339981.4213398,86653000,79899000,95715000,"out of sample","count",686981.421339765,0.792795888589848,TRUE
"OASI","Retired workers",2082,87673058.0466476,86926000,80043000,96103000,"out of sample","count",747058.046647623,0.859418409506496,TRUE
"OASI","Retired workers",2083,87963143.3933624,87156000,80145000,96449000,"out of sample","count",807143.393362373,0.926090450872419,TRUE
"OASI","Retired workers",2084,88207610.2576683,87334000,80204000,96728000,"out of sample","count",873610.257668316,1.00030945298317,TRUE
"OASI","Retired workers",2085,88379505.1850611,87451000,80207000,96941000,"out of sample","count",928505.185061112,1.06174335920814,TRUE
"OASI","Retired workers",2086,88526265.6406111,87533000,80173000,97115000,"out of sample","count",993265.640611097,1.13473277576581,TRUE
"OASI","Retired workers",2087,88601792.6003792,87545000,80081000,97213000,"out of sample","count",1056792.6003792,1.20714215589606,TRUE
"OASI","Retired workers",2088,88665277.7181848,87538000,79978000,97275000,"out of sample","count",1127277.71818478,1.28775813724873,TRUE
"OASI","Retired workers",2089,88717990.6814383,87515000,79871000,97297000,"out of sample","count",1202990.68143828,1.37461084549881,TRUE
"OASI","Retired workers",2090,88727090.6303987,87446000,79737000,97245000,"out of sample","count",1281090.63039872,1.46500769663418,TRUE
"OASI","Retired workers",2091,88757376.0749588,87390000,79652000,97185000,"out of sample","count",1367376.07495877,1.56468254372213,TRUE
"OASI","Retired workers",2092,88781479.1503301,87329000,79595000,97083000,"out of sample","count",1452479.15033008,1.66322659177374,TRUE
"OASI","Retired workers",2093,88801208.3029268,87259000,79590000,96903000,"out of sample","count",1542208.30292682,1.76739167641942,TRUE
"OASI","Retired workers",2094,88827928.8462007,87193000,79653000,96664000,"out of sample","count",1634928.84620066,1.87506892319413,TRUE
"OASI","Retired workers",2095,88859441.4263826,87135000,79778000,96372000,"out of sample","count",1724441.4263826,1.97904564914513,TRUE
"OASI","Retired workers",2096,88903260.0338224,87090000,79974000,96013000,"out of sample","count",1813260.03382236,2.08205308740654,TRUE
"OASI","Retired workers",2097,88955483.7159682,87064000,80243000,95627000,"out of sample","count",1891483.71596818,2.17252103736123,TRUE
"OASI","Retired workers",2098,89029301.7852808,87057000,80586000,95206000,"out of sample","count",1972301.78528084,2.26552923404302,TRUE
"OASI","Retired workers",2099,89125838.7163453,87079000,81003000,94766000,"out of sample","count",2046838.71634533,2.35055376881375,TRUE
"OASI","Retired workers",2100,89249227.9280633,87133000,81492000,94311000,"out of sample","count",2116227.92806329,2.42873300364188,TRUE
"OASI","Spouses of retired workers",2025,2081000,2081000,2081000,2081000,"by construction","count",0,0,TRUE
"OASI","Spouses of retired workers",2026,2060000,2060000,2061000,2059000,"by construction","count",0,0,TRUE
"OASI","Spouses of retired workers",2027,2040000,2040000,2042000,2038000,"by construction","count",0,0,TRUE
"OASI","Spouses of retired workers",2028,2022000,2022000,2025000,2019000,"by construction","count",-2.3283064365387e-10,-1.11022302462516e-14,TRUE
"OASI","Spouses of retired workers",2029,2005000,2005000,2009000,2001000,"by construction","count",2.3283064365387e-10,2.22044604925031e-14,TRUE
"OASI","Spouses of retired workers",2030,1988000,1988000,1994000,1984000,"by construction","count",0,0,TRUE
"OASI","Spouses of retired workers",2031,1973000,1973000,1980000,1967000,"by construction","count",0,0,TRUE
"OASI","Spouses of retired workers",2032,1960000,1960000,1969000,1953000,"by construction","count",0,0,TRUE
"OASI","Spouses of retired workers",2033,1949000,1949000,1960000,1940000,"by construction","count",0,0,TRUE
"OASI","Spouses of retired workers",2034,1940000,1940000,1954000,1930000,"by construction","count",-2.3283064365387e-10,-1.11022302462516e-14,TRUE
"OASI","Spouses of retired workers",2035,1933000,1933000,1950000,1920000,"by construction","count",0,0,TRUE
"OASI","Spouses of retired workers",2036,1896000,1896000,1880000,1926000,"by construction","count",2.3283064365387e-10,2.22044604925031e-14,TRUE
"OASI","Spouses of retired workers",2037,1857000,1857000,1840000,1887000,"by construction","count",2.3283064365387e-10,2.22044604925031e-14,TRUE
"OASI","Spouses of retired workers",2038,1815000,1815000,1796000,1844000,"by construction","count",2.3283064365387e-10,2.22044604925031e-14,TRUE
"OASI","Spouses of retired workers",2039,1771000,1771000,1752000,1801000,"by construction","count",2.3283064365387e-10,2.22044604925031e-14,TRUE
"OASI","Spouses of retired workers",2040,1727000,1727000,1704000,1757000,"by construction","count",-2.3283064365387e-10,-1.11022302462516e-14,TRUE
"OASI","Spouses of retired workers",2041,1680000,1680000,1657000,1712000,"by construction","count",0,0,TRUE
"OASI","Spouses of retired workers",2042,1636000,1636000,1611000,1671000,"by construction","count",0,0,TRUE
"OASI","Spouses of retired workers",2043,1591000,1591000,1563000,1630000,"by construction","count",0,0,TRUE
"OASI","Spouses of retired workers",2044,1549000,1549000,1517000,1592000,"by construction","count",0,0,TRUE
"OASI","Spouses of retired workers",2045,1508000,1508000,1472000,1553000,"by construction","count",-2.3283064365387e-10,-1.11022302462516e-14,TRUE
"OASI","Spouses of retired workers",2046,1496000,1496000,1457000,1544000,"by construction","count",2.3283064365387e-10,2.22044604925031e-14,TRUE
"OASI","Spouses of retired workers",2047,1487000,1487000,1445000,1540000,"by construction","count",0,0,TRUE
"OASI","Spouses of retired workers",2048,1480000,1480000,1435000,1537000,"by construction","count",0,0,TRUE
"OASI","Spouses of retired workers",2049,1475000,1475000,1426000,1536000,"by construction","count",-2.3283064365387e-10,-1.11022302462516e-14,TRUE
"OASI","Spouses of retired workers",2050,1471000,1471000,1420000,1538000,"by construction","count",0,0,TRUE
"OASI","Spouses of retired workers",2051,1468000,1468000,1416000,1541000,"by construction","count",-2.3283064365387e-10,-1.11022302462516e-14,TRUE
"OASI","Spouses of retired workers",2052,1468000,1468000,1414000,1546000,"by construction","count",0,0,TRUE
"OASI","Spouses of retired workers",2053,1469000,1469000,1413000,1553000,"by construction","count",2.3283064365387e-10,2.22044604925031e-14,TRUE
"OASI","Spouses of retired workers",2054,1471000,1471000,1413000,1560000,"by construction","count",-2.3283064365387e-10,-1.11022302462516e-14,TRUE
"OASI","Spouses of retired workers",2055,1474000,1474000,1412000,1569000,"by construction","count",0,0,TRUE
"OASI","Spouses of retired workers",2056,1476000,1476000,1412000,1579000,"by construction","count",2.3283064365387e-10,2.22044604925031e-14,TRUE
"OASI","Spouses of retired workers",2057,1478000,1478000,1410000,1587000,"by construction","count",0,0,TRUE
"OASI","Spouses of retired workers",2058,1480000,1480000,1409000,1595000,"by construction","count",0,0,TRUE
"OASI","Spouses of retired workers",2059,1482000,1482000,1407000,1604000,"by construction","count",0,0,TRUE
"OASI","Spouses of retired workers",2060,1485000,1485000,1404000,1613000,"by construction","count",2.3283064365387e-10,2.22044604925031e-14,TRUE
"OASI","Spouses of retired workers",2061,1486000,1486000,1400000,1622000,"by construction","count",-2.3283064365387e-10,-1.11022302462516e-14,TRUE
"OASI","Spouses of retired workers",2062,1489000,1489000,1396000,1632000,"by construction","count",0,0,TRUE
"OASI","Spouses of retired workers",2063,1491000,1491000,1393000,1641000,"by construction","count",0,0,TRUE
"OASI","Spouses of retired workers",2064,1493000,1493000,1390000,1647000,"by construction","count",2.3283064365387e-10,2.22044604925031e-14,TRUE
"OASI","Spouses of retired workers",2065,1494000,1494000,1385000,1653000,"by construction","count",0,0,TRUE
"OASI","Spouses of retired workers",2066,1496000,1496000,1381000,1659000,"by construction","count",0,0,TRUE
"OASI","Spouses of retired workers",2067,1495000,1495000,1376000,1662000,"by construction","count",0,0,TRUE
"OASI","Spouses of retired workers",2068,1495000,1495000,1369000,1667000,"by construction","count",0,0,TRUE
"OASI","Spouses of retired workers",2069,1495000,1495000,1362000,1673000,"by construction","count",0,0,TRUE
"OASI","Spouses of retired workers",2070,1494000,1494000,1357000,1677000,"by construction","count",0,0,TRUE
"OASI","Spouses of retired workers",2071,1492000,1492000,1350000,1680000,"by construction","count",2.3283064365387e-10,2.22044604925031e-14,TRUE
"OASI","Spouses of retired workers",2072,1490000,1490000,1343000,1684000,"by construction","count",0,0,TRUE
"OASI","Spouses of retired workers",2073,1487000,1487000,1337000,1685000,"by construction","count",0,0,TRUE
"OASI","Spouses of retired workers",2074,1484000,1484000,1330000,1685000,"by construction","count",2.3283064365387e-10,2.22044604925031e-14,TRUE
"OASI","Spouses of retired workers",2075,1482000,1482000,1323000,1687000,"by construction","count",-2.3283064365387e-10,-1.11022302462516e-14,TRUE
"OASI","Spouses of retired workers",2076,1479000,1479000,1316000,1687000,"by construction","count",0,0,TRUE
"OASI","Spouses of retired workers",2077,1476000,1476000,1311000,1689000,"by construction","count",0,0,TRUE
"OASI","Spouses of retired workers",2078,1473000,1473000,1304000,1687000,"by construction","count",0,0,TRUE
"OASI","Spouses of retired workers",2079,1471000,1471000,1298000,1685000,"by construction","count",0,0,TRUE
"OASI","Spouses of retired workers",2080,1468000,1468000,1292000,1683000,"by construction","count",-2.3283064365387e-10,-1.11022302462516e-14,TRUE
"OASI","Spouses of retired workers",2081,1463000,1463000,1287000,1679000,"by construction","count",0,0,TRUE
"OASI","Spouses of retired workers",2082,1460000,1460000,1281000,1676000,"by construction","count",-2.3283064365387e-10,-1.11022302462516e-14,TRUE
"OASI","Spouses of retired workers",2083,1457000,1457000,1276000,1673000,"by construction","count",0,0,TRUE
"OASI","Spouses of retired workers",2084,1455000,1455000,1271000,1670000,"by construction","count",0,0,TRUE
"OASI","Spouses of retired workers",2085,1453000,1453000,1267000,1666000,"by construction","count",0,0,TRUE
"OASI","Spouses of retired workers",2086,1451000,1451000,1263000,1663000,"by construction","count",0,0,TRUE
"OASI","Spouses of retired workers",2087,1450000,1450000,1261000,1661000,"by construction","count",0,0,TRUE
"OASI","Spouses of retired workers",2088,1449000,1449000,1260000,1658000,"by construction","count",-2.3283064365387e-10,-1.11022302462516e-14,TRUE
"OASI","Spouses of retired workers",2089,1449000,1449000,1261000,1654000,"by construction","count",0,0,TRUE
"OASI","Spouses of retired workers",2090,1449000,1449000,1264000,1649000,"by construction","count",0,0,TRUE
"OASI","Spouses of retired workers",2091,1451000,1451000,1267000,1642000,"by construction","count",2.3283064365387e-10,2.22044604925031e-14,TRUE
"OASI","Spouses of retired workers",2092,1452000,1452000,1270000,1636000,"by construction","count",0,0,TRUE
"OASI","Spouses of retired workers",2093,1455000,1455000,1276000,1630000,"by construction","count",2.3283064365387e-10,2.22044604925031e-14,TRUE
"OASI","Spouses of retired workers",2094,1459000,1459000,1282000,1624000,"by construction","count",0,0,TRUE
"OASI","Spouses of retired workers",2095,1464000,1464000,1289000,1618000,"by construction","count",-2.3283064365387e-10,-1.11022302462516e-14,TRUE
"OASI","Spouses of retired workers",2096,1467000,1467000,1297000,1613000,"by construction","count",0,0,TRUE
"OASI","Spouses of retired workers",2097,1471000,1471000,1306000,1609000,"by construction","count",0,0,TRUE
"OASI","Spouses of retired workers",2098,1477000,1477000,1315000,1606000,"by construction","count",0,0,TRUE
"OASI","Spouses of retired workers",2099,1483000,1483000,1325000,1601000,"by construction","count",0,0,TRUE
"OASI","Spouses of retired workers",2100,1488000,1488000,1334000,1595000,"by construction","count",0,0,TRUE
"Model alone","Spouses of retired workers (model alone)",2025,2081746,2081000,NA,NA,"out of sample","count",746,0.0358481499279195,NA
"Model alone","Spouses of retired workers (model alone)",2026,2118660.77030288,2060000,NA,NA,"out of sample","count",58660.7703028815,2.84761020887774,NA
"Model alone","Spouses of retired workers (model alone)",2027,2153912.48415345,2040000,NA,NA,"out of sample","count",113912.48415345,5.5839453016397,NA
"Model alone","Spouses of retired workers (model alone)",2028,2193906.67001399,2022000,NA,NA,"out of sample","count",171906.670013991,8.5018135516316,NA
"Model alone","Spouses of retired workers (model alone)",2029,2234971.14164503,2005000,NA,NA,"out of sample","count",229971.141645035,11.469882376311,NA
"Model alone","Spouses of retired workers (model alone)",2030,2285361.81487216,1988000,NA,NA,"out of sample","count",297361.814872161,14.9578377702294,NA
"Model alone","Spouses of retired workers (model alone)",2031,2338474.01604598,1973000,NA,NA,"out of sample","count",365474.016045975,18.5237717205259,NA
"Model alone","Spouses of retired workers (model alone)",2032,2395683.91808702,1960000,NA,NA,"out of sample","count",435683.918087015,22.2287713309702,NA
"Model alone","Spouses of retired workers (model alone)",2033,2449186.5120322,1949000,NA,NA,"out of sample","count",500186.512032204,25.6637512587072,NA
"Model alone","Spouses of retired workers (model alone)",2034,2498274.30784287,1940000,NA,NA,"out of sample","count",558274.307842868,28.7770261774674,NA
"Model alone","Spouses of retired workers (model alone)",2035,2543691.67063381,1933000,NA,NA,"out of sample","count",610691.670633806,31.5929472650701,NA
"Model alone","Spouses of retired workers (model alone)",2036,2583291.59708097,1896000,NA,NA,"out of sample","count",687291.597080974,36.2495568080683,NA
"Model alone","Spouses of retired workers (model alone)",2037,2611488.95476543,1857000,NA,NA,"out of sample","count",754488.954765426,40.6294536761134,NA
"Model alone","Spouses of retired workers (model alone)",2038,2635266.87229542,1815000,NA,NA,"out of sample","count",820266.872295423,45.1937670686184,NA
"Model alone","Spouses of retired workers (model alone)",2039,2655462.67164418,1771000,NA,NA,"out of sample","count",884462.671644181,49.9414269703095,NA
"Model alone","Spouses of retired workers (model alone)",2040,2671069.90001056,1727000,NA,NA,"out of sample","count",944069.900010556,54.6653097863669,NA
"Model alone","Spouses of retired workers (model alone)",2041,2685157.12286333,1680000,NA,NA,"out of sample","count",1005157.12286333,59.8307811228173,NA
"Model alone","Spouses of retired workers (model alone)",2042,2700141.39233269,1636000,NA,NA,"out of sample","count",1064141.39233269,65.0453173797491,NA
"Model alone","Spouses of retired workers (model alone)",2043,2717034.40958091,1591000,NA,NA,"out of sample","count",1126034.40958091,70.7752614444321,NA
"Model alone","Spouses of retired workers (model alone)",2044,2733244.66747559,1549000,NA,NA,"out of sample","count",1184244.66747559,76.4522057763452,NA
"Model alone","Spouses of retired workers (model alone)",2045,2747891.88961205,1508000,NA,NA,"out of sample","count",1239891.88961205,82.2209475870059,NA
"Model alone","Spouses of retired workers (model alone)",2046,2761585.22905415,1496000,NA,NA,"out of sample","count",1265585.22905415,84.5979431185931,NA
"Model alone","Spouses of retired workers (model alone)",2047,2774432.48600144,1487000,NA,NA,"out of sample","count",1287432.48600144,86.5791853397071,NA
"Model alone","Spouses of retired workers (model alone)",2048,2787449.84422781,1480000,NA,NA,"out of sample","count",1307449.84422781,88.3412056910684,NA
"Model alone","Spouses of retired workers (model alone)",2049,2798075.17334983,1475000,NA,NA,"out of sample","count",1323075.17334983,89.7000117525306,NA
"Model alone","Spouses of retired workers (model alone)",2050,2809990.5426714,1471000,NA,NA,"out of sample","count",1338990.5426714,91.0258696581507,NA
"Model alone","Spouses of retired workers (model alone)",2051,2823473.43677144,1468000,NA,NA,"out of sample","count",1355473.43677144,92.3347027773459,NA
"Model alone","Spouses of retired workers (model alone)",2052,2839103.19736853,1468000,NA,NA,"out of sample","count",1371103.19736853,93.3994003657038,NA
"Model alone","Spouses of retired workers (model alone)",2053,2855737.47765603,1469000,NA,NA,"out of sample","count",1386737.47765603,94.4001005892467,NA
"Model alone","Spouses of retired workers (model alone)",2054,2874640.13986439,1471000,NA,NA,"out of sample","count",1403640.13986439,95.4208116835074,NA
"Model alone","Spouses of retired workers (model alone)",2055,2893378.12760864,1474000,NA,NA,"out of sample","count",1419378.12760864,96.2943098784693,NA
"Model alone","Spouses of retired workers (model alone)",2056,2912772.83647038,1476000,NA,NA,"out of sample","count",1436772.83647038,97.3423330941992,NA
"Model alone","Spouses of retired workers (model alone)",2057,2932073.71951043,1478000,NA,NA,"out of sample","count",1454073.71951043,98.3811718207326,NA
"Model alone","Spouses of retired workers (model alone)",2058,2947769.43624251,1480000,NA,NA,"out of sample","count",1467769.43624251,99.1736105569262,NA
"Model alone","Spouses of retired workers (model alone)",2059,2964666.41436741,1482000,NA,NA,"out of sample","count",1482666.41436741,100.044967231269,NA
"Model alone","Spouses of retired workers (model alone)",2060,2979606.04341246,1485000,NA,NA,"out of sample","count",1494606.04341246,100.646871610266,NA
"Model alone","Spouses of retired workers (model alone)",2061,2991072.67681897,1486000,NA,NA,"out of sample","count",1505072.67681897,101.283491037616,NA
"Model alone","Spouses of retired workers (model alone)",2062,3002919.79181459,1489000,NA,NA,"out of sample","count",1513919.79181459,101.673592465721,NA
"Model alone","Spouses of retired workers (model alone)",2063,3010373.78859376,1491000,NA,NA,"out of sample","count",1519373.78859376,101.903003929829,NA
"Model alone","Spouses of retired workers (model alone)",2064,3019513.02345242,1493000,NA,NA,"out of sample","count",1526513.02345242,102.244676721529,NA
"Model alone","Spouses of retired workers (model alone)",2065,3027183.81421552,1494000,NA,NA,"out of sample","count",1533183.81421552,102.622745262083,NA
"Model alone","Spouses of retired workers (model alone)",2066,3034077.11537468,1496000,NA,NA,"out of sample","count",1538077.11537468,102.812641402051,NA
"Model alone","Spouses of retired workers (model alone)",2067,3040079.66196659,1495000,NA,NA,"out of sample","count",1545079.66196659,103.349810164989,NA
"Model alone","Spouses of retired workers (model alone)",2068,3045682.53621013,1495000,NA,NA,"out of sample","count",1550682.53621013,103.724584361882,NA
"Model alone","Spouses of retired workers (model alone)",2069,3051885.08379257,1495000,NA,NA,"out of sample","count",1556885.08379257,104.139470487797,NA
"Model alone","Spouses of retired workers (model alone)",2070,3058482.28774918,1494000,NA,NA,"out of sample","count",1564482.28774918,104.717689943051,NA
"Model alone","Spouses of retired workers (model alone)",2071,3065958.1448845,1492000,NA,NA,"out of sample","count",1573958.1448845,105.493173249631,NA
"Model alone","Spouses of retired workers (model alone)",2072,3075736.94242044,1490000,NA,NA,"out of sample","count",1585736.94242044,106.425298149023,NA
"Model alone","Spouses of retired workers (model alone)",2073,3084694.509603,1487000,NA,NA,"out of sample","count",1597694.509603,107.444149939677,NA
"Model alone","Spouses of retired workers (model alone)",2074,3091968.15438657,1484000,NA,NA,"out of sample","count",1607968.15438657,108.353649217424,NA
"Model alone","Spouses of retired workers (model alone)",2075,3097400.6922643,1482000,NA,NA,"out of sample","count",1615400.6922643,109.001396239157,NA
"Model alone","Spouses of retired workers (model alone)",2076,3104584.20095754,1479000,NA,NA,"out of sample","count",1625584.20095754,109.911034547501,NA
"Model alone","Spouses of retired workers (model alone)",2077,3109773.36723841,1476000,NA,NA,"out of sample","count",1633773.36723841,110.689252522927,NA
"Model alone","Spouses of retired workers (model alone)",2078,3114201.84016445,1473000,NA,NA,"out of sample","count",1641201.84016445,111.418997974504,NA
"Model alone","Spouses of retired workers (model alone)",2079,3117344.63754763,1471000,NA,NA,"out of sample","count",1646344.63754763,111.920097725876,NA
"Model alone","Spouses of retired workers (model alone)",2080,3119792.53311146,1468000,NA,NA,"out of sample","count",1651792.53311146,112.519927323669,NA
"Model alone","Spouses of retired workers (model alone)",2081,3123129.19730285,1463000,NA,NA,"out of sample","count",1660129.19730285,113.474312871008,NA
"Model alone","Spouses of retired workers (model alone)",2082,3124746.4902664,1460000,NA,NA,"out of sample","count",1664746.4902664,114.023732210028,NA
"Model alone","Spouses of retired workers (model alone)",2083,3125026.27113826,1457000,NA,NA,"out of sample","count",1668026.27113826,114.483615040375,NA
"Model alone","Spouses of retired workers (model alone)",2084,3123623.69973152,1455000,NA,NA,"out of sample","count",1668623.69973152,114.682041218661,NA
"Model alone","Spouses of retired workers (model alone)",2085,3123702.16874898,1453000,NA,NA,"out of sample","count",1670702.16874898,114.982943478939,NA
"Model alone","Spouses of retired workers (model alone)",2086,3122470.21981346,1451000,NA,NA,"out of sample","count",1671470.21981346,115.194363874119,NA
"Model alone","Spouses of retired workers (model alone)",2087,3120016.99766696,1450000,NA,NA,"out of sample","count",1670016.99766696,115.173586045997,NA
"Model alone","Spouses of retired workers (model alone)",2088,3117664.58496487,1449000,NA,NA,"out of sample","count",1668664.58496487,115.159736712552,NA
"Model alone","Spouses of retired workers (model alone)",2089,3115312.1324424,1449000,NA,NA,"out of sample","count",1666312.1324424,114.997386641988,NA
"Model alone","Spouses of retired workers (model alone)",2090,3110468.07998046,1449000,NA,NA,"out of sample","count",1661468.07998046,114.663083504517,NA
"Model alone","Spouses of retired workers (model alone)",2091,3107617.43442314,1451000,NA,NA,"out of sample","count",1656617.43442314,114.170739794841,NA
"Model alone","Spouses of retired workers (model alone)",2092,3101432.46535994,1452000,NA,NA,"out of sample","count",1649432.46535994,113.597277228646,NA
"Model alone","Spouses of retired workers (model alone)",2093,3095350.9136968,1455000,NA,NA,"out of sample","count",1640350.9136968,112.738894412151,NA
"Model alone","Spouses of retired workers (model alone)",2094,3092281.13292117,1459000,NA,NA,"out of sample","count",1633281.13292117,111.945245573761,NA
"Model alone","Spouses of retired workers (model alone)",2095,3089231.52924014,1464000,NA,NA,"out of sample","count",1625231.52924014,111.01308259837,NA
"Model alone","Spouses of retired workers (model alone)",2096,3087788.87476272,1467000,NA,NA,"out of sample","count",1620788.87476272,110.48322254688,NA
"Model alone","Spouses of retired workers (model alone)",2097,3088111.09814948,1471000,NA,NA,"out of sample","count",1617111.09814948,109.932773497586,NA
"Model alone","Spouses of retired workers (model alone)",2098,3088574.63012325,1477000,NA,NA,"out of sample","count",1611574.63012325,109.111349365149,NA
"Model alone","Spouses of retired workers (model alone)",2099,3090691.94121768,1483000,NA,NA,"out of sample","count",1607691.94121768,108.408087742258,NA
"Model alone","Spouses of retired workers (model alone)",2100,3093962.06052872,1488000,NA,NA,"out of sample","count",1605962.06052872,107.927557831231,NA
"OASI","Children of retired workers",2025,734000,734000,734000,734000,"by construction","count",1.16415321826935e-10,2.22044604925031e-14,FALSE
"OASI","Children of retired workers",2026,752000,752000,753000,752000,"by construction","count",0,0,TRUE
"OASI","Children of retired workers",2027,772000,772000,774000,772000,"by construction","count",0,0,TRUE
"OASI","Children of retired workers",2028,791000,791000,793000,790000,"by construction","count",0,0,TRUE
"OASI","Children of retired workers",2029,810000,810000,813000,810000,"by construction","count",0,0,TRUE
"OASI","Children of retired workers",2030,831000,831000,835000,830000,"by construction","count",0,0,TRUE
"OASI","Children of retired workers",2031,850000,850000,856000,848000,"by construction","count",0,0,TRUE
"OASI","Children of retired workers",2032,867000,867000,876000,864000,"by construction","count",0,0,TRUE
"OASI","Children of retired workers",2033,880000,880000,892000,874000,"by construction","count",0,0,TRUE
"OASI","Children of retired workers",2034,889000,889000,904000,881000,"by construction","count",0,0,TRUE
"OASI","Children of retired workers",2035,896000,896000,916000,885000,"by construction","count",0,0,TRUE
"OASI","Children of retired workers",2036,906000,906000,934000,884000,"by construction","count",-1.16415321826935e-10,-1.11022302462516e-14,TRUE
"OASI","Children of retired workers",2037,918000,918000,950000,892000,"by construction","count",-1.16415321826935e-10,-1.11022302462516e-14,TRUE
"OASI","Children of retired workers",2038,929000,929000,965000,899000,"by construction","count",0,0,TRUE
"OASI","Children of retired workers",2039,939000,939000,981000,905000,"by construction","count",-1.16415321826935e-10,-1.11022302462516e-14,TRUE
"OASI","Children of retired workers",2040,948000,948000,995000,909000,"by construction","count",0,0,TRUE
"OASI","Children of retired workers",2041,959000,959000,1012000,915000,"by construction","count",0,0,TRUE
"OASI","Children of retired workers",2042,971000,971000,1031000,920000,"by construction","count",-1.16415321826935e-10,-1.11022302462516e-14,TRUE
"OASI","Children of retired workers",2043,985000,985000,1054000,927000,"by construction","count",-1.16415321826935e-10,-1.11022302462516e-14,TRUE
"OASI","Children of retired workers",2044,1004000,1004000,1082000,938000,"by construction","count",0,0,TRUE
"OASI","Children of retired workers",2045,1023000,1023000,1109000,948000,"by construction","count",0,0,TRUE
"OASI","Children of retired workers",2046,1040000,1040000,1134000,957000,"by construction","count",0,0,TRUE
"OASI","Children of retired workers",2047,1056000,1056000,1158000,966000,"by construction","count",2.3283064365387e-10,2.22044604925031e-14,TRUE
"OASI","Children of retired workers",2048,1068000,1068000,1177000,972000,"by construction","count",2.3283064365387e-10,2.22044604925031e-14,TRUE
"OASI","Children of retired workers",2049,1079000,1079000,1194000,977000,"by construction","count",0,0,TRUE
"OASI","Children of retired workers",2050,1090000,1090000,1211000,982000,"by construction","count",0,0,TRUE
"OASI","Children of retired workers",2051,1100000,1100000,1227000,987000,"by construction","count",0,0,TRUE
"OASI","Children of retired workers",2052,1111000,1111000,1243000,992000,"by construction","count",0,0,TRUE
"OASI","Children of retired workers",2053,1122000,1122000,1260000,996000,"by construction","count",0,0,TRUE
"OASI","Children of retired workers",2054,1132000,1132000,1276000,1e+06,"by construction","count",0,0,TRUE
"OASI","Children of retired workers",2055,1143000,1143000,1295000,1004000,"by construction","count",0,0,TRUE
"OASI","Children of retired workers",2056,1155000,1155000,1315000,1009000,"by construction","count",0,0,TRUE
"OASI","Children of retired workers",2057,1167000,1167000,1334000,1013000,"by construction","count",-2.3283064365387e-10,-2.22044604925031e-14,TRUE
"OASI","Children of retired workers",2058,1178000,1178000,1353000,1015000,"by construction","count",0,0,TRUE
"OASI","Children of retired workers",2059,1188000,1188000,1371000,1017000,"by construction","count",0,0,TRUE
"OASI","Children of retired workers",2060,1196000,1196000,1387000,1018000,"by construction","count",0,0,TRUE
"OASI","Children of retired workers",2061,1202000,1202000,1399000,1016000,"by construction","count",0,0,TRUE
"OASI","Children of retired workers",2062,1207000,1207000,1410000,1015000,"by construction","count",0,0,TRUE
"OASI","Children of retired workers",2063,1210000,1210000,1419000,1011000,"by construction","count",0,0,TRUE
"OASI","Children of retired workers",2064,1211000,1211000,1426000,1006000,"by construction","count",0,0,TRUE
"OASI","Children of retired workers",2065,1212000,1212000,1433000,1002000,"by construction","count",0,0,TRUE
"OASI","Children of retired workers",2066,1213000,1213000,1440000,997000,"by construction","count",0,0,TRUE
"OASI","Children of retired workers",2067,1215000,1215000,1447000,992000,"by construction","count",-2.3283064365387e-10,-2.22044604925031e-14,TRUE
"OASI","Children of retired workers",2068,1217000,1217000,1455000,989000,"by construction","count",0,0,TRUE
"OASI","Children of retired workers",2069,1220000,1220000,1463000,986000,"by construction","count",0,0,TRUE
"OASI","Children of retired workers",2070,1223000,1223000,1471000,983000,"by construction","count",0,0,TRUE
"OASI","Children of retired workers",2071,1224000,1224000,1479000,979000,"by construction","count",0,0,TRUE
"OASI","Children of retired workers",2072,1225000,1225000,1485000,974000,"by construction","count",0,0,TRUE
"OASI","Children of retired workers",2073,1227000,1227000,1494000,969000,"by construction","count",0,0,TRUE
"OASI","Children of retired workers",2074,1229000,1229000,1503000,964000,"by construction","count",0,0,TRUE
"OASI","Children of retired workers",2075,1230000,1230000,1510000,959000,"by construction","count",0,0,TRUE
"OASI","Children of retired workers",2076,1230000,1230000,1517000,954000,"by construction","count",0,0,TRUE
"OASI","Children of retired workers",2077,1231000,1231000,1523000,949000,"by construction","count",0,0,TRUE
"OASI","Children of retired workers",2078,1230000,1230000,1528000,943000,"by construction","count",0,0,TRUE
"OASI","Children of retired workers",2079,1228000,1228000,1531000,936000,"by construction","count",-2.3283064365387e-10,-2.22044604925031e-14,TRUE
"OASI","Children of retired workers",2080,1226000,1226000,1535000,930000,"by construction","count",0,0,TRUE
"OASI","Children of retired workers",2081,1226000,1226000,1542000,924000,"by construction","count",0,0,TRUE
"OASI","Children of retired workers",2082,1226000,1226000,1548000,918000,"by construction","count",0,0,TRUE
"OASI","Children of retired workers",2083,1227000,1227000,1555000,913000,"by construction","count",0,0,TRUE
"OASI","Children of retired workers",2084,1227000,1227000,1562000,907000,"by construction","count",0,0,TRUE
"OASI","Children of retired workers",2085,1225000,1225000,1566000,901000,"by construction","count",0,0,TRUE
"OASI","Children of retired workers",2086,1224000,1224000,1570000,896000,"by construction","count",0,0,TRUE
"OASI","Children of retired workers",2087,1221000,1221000,1571000,890000,"by construction","count",0,0,TRUE
"OASI","Children of retired workers",2088,1218000,1218000,1571000,884000,"by construction","count",0,0,TRUE
"OASI","Children of retired workers",2089,1216000,1216000,1573000,878000,"by construction","count",2.3283064365387e-10,2.22044604925031e-14,TRUE
"OASI","Children of retired workers",2090,1213000,1213000,1573000,872000,"by construction","count",0,0,TRUE
"OASI","Children of retired workers",2091,1211000,1211000,1575000,867000,"by construction","count",0,0,TRUE
"OASI","Children of retired workers",2092,1210000,1210000,1579000,862000,"by construction","count",0,0,TRUE
"OASI","Children of retired workers",2093,1209000,1209000,1584000,857000,"by construction","count",-2.3283064365387e-10,-2.22044604925031e-14,TRUE
"OASI","Children of retired workers",2094,1208000,1208000,1591000,851000,"by construction","count",-2.3283064365387e-10,-2.22044604925031e-14,TRUE
"OASI","Children of retired workers",2095,1208000,1208000,1601000,844000,"by construction","count",0,0,TRUE
"OASI","Children of retired workers",2096,1208000,1208000,1612000,838000,"by construction","count",0,0,TRUE
"OASI","Children of retired workers",2097,1208000,1208000,1624000,830000,"by construction","count",0,0,TRUE
"OASI","Children of retired workers",2098,1208000,1208000,1636000,823000,"by construction","count",0,0,TRUE
"OASI","Children of retired workers",2099,1208000,1208000,1649000,817000,"by construction","count",2.3283064365387e-10,2.22044604925031e-14,TRUE
"OASI","Children of retired workers",2100,1209000,1209000,1663000,810000,"by construction","count",0,0,TRUE
"Model alone","Children of retired workers (model alone)",2025,734922,734000,NA,NA,"out of sample","count",922,0.125613079019082,NA
"Model alone","Children of retired workers (model alone)",2026,725804.953888795,752000,NA,NA,"out of sample","count",-26195.0461112049,-3.48338379138363,NA
"Model alone","Children of retired workers (model alone)",2027,725251.135310961,772000,NA,NA,"out of sample","count",-46748.8646890391,-6.05555242085998,NA
"Model alone","Children of retired workers (model alone)",2028,724689.119365267,791000,NA,NA,"out of sample","count",-66310.880634733,-8.3831707502823,NA
"Model alone","Children of retired workers (model alone)",2029,725860.507273805,810000,NA,NA,"out of sample","count",-84139.4927261947,-10.3875916945919,NA
"Model alone","Children of retired workers (model alone)",2030,726647.003472789,831000,NA,NA,"out of sample","count",-104352.996527211,-12.5575206410603,NA
"Model alone","Children of retired workers (model alone)",2031,727318.39456925,850000,NA,NA,"out of sample","count",-122681.60543075,-14.4331300506765,NA
"Model alone","Children of retired workers (model alone)",2032,726108.017271334,867000,NA,NA,"out of sample","count",-140891.982728666,-16.2505170390618,NA
"Model alone","Children of retired workers (model alone)",2033,724468.237399983,880000,NA,NA,"out of sample","count",-155531.762600017,-17.6740639318202,NA
"Model alone","Children of retired workers (model alone)",2034,721996.711725628,889000,NA,NA,"out of sample","count",-167003.288274372,-18.7855217406493,NA
"Model alone","Children of retired workers (model alone)",2035,719859.469040681,896000,NA,NA,"out of sample","count",-176140.530959319,-19.6585414017097,NA
"Model alone","Children of retired workers (model alone)",2036,717154.889111324,906000,NA,NA,"out of sample","count",-188845.110888676,-20.8438312239157,NA
"Model alone","Children of retired workers (model alone)",2037,713849.287452112,918000,NA,NA,"out of sample","count",-204150.712547888,-22.2386397110989,NA
"Model alone","Children of retired workers (model alone)",2038,714078.485713858,929000,NA,NA,"out of sample","count",-214921.514286142,-23.1347162848377,NA
"Model alone","Children of retired workers (model alone)",2039,713684.10713923,939000,NA,NA,"out of sample","count",-225315.89286077,-23.9953027540756,NA
"Model alone","Children of retired workers (model alone)",2040,713047.562761168,948000,NA,NA,"out of sample","count",-234952.437238832,-24.7840123669654,NA
"Model alone","Children of retired workers (model alone)",2041,715595.159514983,959000,NA,NA,"out of sample","count",-243404.840485017,-25.3811095396263,NA
"Model alone","Children of retired workers (model alone)",2042,715527.256911194,971000,NA,NA,"out of sample","count",-255472.743088806,-26.3102722027607,NA
"Model alone","Children of retired workers (model alone)",2043,716708.24409825,985000,NA,NA,"out of sample","count",-268291.75590175,-27.2377417159137,NA
"Model alone","Children of retired workers (model alone)",2044,718240.929249432,1004000,NA,NA,"out of sample","count",-285759.070750568,-28.462058839698,NA
"Model alone","Children of retired workers (model alone)",2045,720352.526900387,1023000,NA,NA,"out of sample","count",-302647.473099613,-29.5843082208811,NA
"Model alone","Children of retired workers (model alone)",2046,722550.90462962,1040000,NA,NA,"out of sample","count",-317449.09537038,-30.5239514779212,NA
"Model alone","Children of retired workers (model alone)",2047,725553.609257402,1056000,NA,NA,"out of sample","count",-330446.390742598,-31.2922718506248,NA
"Model alone","Children of retired workers (model alone)",2048,728096.152892004,1068000,NA,NA,"out of sample","count",-339903.847107996,-31.8262029127337,NA
"Model alone","Children of retired workers (model alone)",2049,730873.095391723,1079000,NA,NA,"out of sample","count",-348126.904608277,-32.2638465809339,NA
"Model alone","Children of retired workers (model alone)",2050,733426.325443828,1090000,NA,NA,"out of sample","count",-356573.674556172,-32.7131811519423,NA
"Model alone","Children of retired workers (model alone)",2051,735872.381715301,1100000,NA,NA,"out of sample","count",-364127.618284699,-33.1025107531544,NA
"Model alone","Children of retired workers (model alone)",2052,738196.747949047,1111000,NA,NA,"out of sample","count",-372803.252050953,-33.5556482494107,NA
"Model alone","Children of retired workers (model alone)",2053,740194.869576677,1122000,NA,NA,"out of sample","count",-381805.130423323,-34.0289777560894,NA
"Model alone","Children of retired workers (model alone)",2054,742240.963084817,1132000,NA,NA,"out of sample","count",-389759.036915183,-34.4310103281964,NA
"Model alone","Children of retired workers (model alone)",2055,744093.507777316,1143000,NA,NA,"out of sample","count",-398906.492222684,-34.899955575038,NA
"Model alone","Children of retired workers (model alone)",2056,745984.752281255,1155000,NA,NA,"out of sample","count",-409015.247718745,-35.4125755600645,NA
"Model alone","Children of retired workers (model alone)",2057,747634.501925005,1167000,NA,NA,"out of sample","count",-419365.498074995,-35.9353468787485,NA
"Model alone","Children of retired workers (model alone)",2058,748832.535445453,1178000,NA,NA,"out of sample","count",-429167.464554547,-36.4318730521687,NA
"Model alone","Children of retired workers (model alone)",2059,749382.288166265,1188000,NA,NA,"out of sample","count",-438617.711833735,-36.9206828142875,NA
"Model alone","Children of retired workers (model alone)",2060,749017.049915297,1196000,NA,NA,"out of sample","count",-446982.950084703,-37.3731563615973,NA
"Model alone","Children of retired workers (model alone)",2061,748278.298469089,1202000,NA,NA,"out of sample","count",-453721.701530911,-37.7472297446681,NA
"Model alone","Children of retired workers (model alone)",2062,747235.816164458,1207000,NA,NA,"out of sample","count",-459764.183835542,-38.0914816765155,NA
"Model alone","Children of retired workers (model alone)",2063,745881.783923942,1210000,NA,NA,"out of sample","count",-464118.216076058,-38.3568773616577,NA
"Model alone","Children of retired workers (model alone)",2064,744368.209100957,1211000,NA,NA,"out of sample","count",-466631.790899043,-38.5327655573115,NA
"Model alone","Children of retired workers (model alone)",2065,742970.088713736,1212000,NA,NA,"out of sample","count",-469029.911286264,-38.6988375648733,NA
"Model alone","Children of retired workers (model alone)",2066,741347.681782396,1213000,NA,NA,"out of sample","count",-471652.318217604,-38.883125986612,NA
"Model alone","Children of retired workers (model alone)",2067,739415.516335056,1215000,NA,NA,"out of sample","count",-475584.483664944,-39.142755857197,NA
"Model alone","Children of retired workers (model alone)",2068,737414.306335508,1217000,NA,NA,"out of sample","count",-479585.693664492,-39.4072057242803,NA
"Model alone","Children of retired workers (model alone)",2069,735569.623739492,1220000,NA,NA,"out of sample","count",-484430.376260508,-39.7074078902055,NA
"Model alone","Children of retired workers (model alone)",2070,734089.983268923,1223000,NA,NA,"out of sample","count",-488910.016731077,-39.9762891848795,NA
"Model alone","Children of retired workers (model alone)",2071,733100.44417404,1224000,NA,NA,"out of sample","count",-490899.55582596,-40.1061728615981,NA
"Model alone","Children of retired workers (model alone)",2072,732635.506710962,1225000,NA,NA,"out of sample","count",-492364.493289038,-40.1930198603297,NA
"Model alone","Children of retired workers (model alone)",2073,732520.645564817,1227000,NA,NA,"out of sample","count",-494479.354435183,-40.299865887138,NA
"Model alone","Children of retired workers (model alone)",2074,732459.846222622,1229000,NA,NA,"out of sample","count",-496540.153777378,-40.4019653195588,NA
"Model alone","Children of retired workers (model alone)",2075,732433.86976943,1230000,NA,NA,"out of sample","count",-497566.13023057,-40.4525309130545,NA
"Model alone","Children of retired workers (model alone)",2076,732447.618155329,1230000,NA,NA,"out of sample","count",-497552.381844671,-40.4514131581033,NA
"Model alone","Children of retired workers (model alone)",2077,732722.440778968,1231000,NA,NA,"out of sample","count",-498277.559221032,-40.4774621625534,NA
"Model alone","Children of retired workers (model alone)",2078,733196.656586498,1230000,NA,NA,"out of sample","count",-496803.343413502,-40.390515724675,NA
"Model alone","Children of retired workers (model alone)",2079,734083.186253253,1228000,NA,NA,"out of sample","count",-493916.813746747,-40.2212389044582,NA
"Model alone","Children of retired workers (model alone)",2080,735399.623828091,1226000,NA,NA,"out of sample","count",-490600.376171909,-40.0163438965668,NA
"Model alone","Children of retired workers (model alone)",2081,737252.584943897,1226000,NA,NA,"out of sample","count",-488747.415056103,-39.8652051432385,NA
"Model alone","Children of retired workers (model alone)",2082,739184.540950028,1226000,NA,NA,"out of sample","count",-486815.459049972,-39.7076230872734,NA
"Model alone","Children of retired workers (model alone)",2083,740807.674243419,1227000,NA,NA,"out of sample","count",-486192.325756581,-39.6244764267793,NA
"Model alone","Children of retired workers (model alone)",2084,742378.218778079,1227000,NA,NA,"out of sample","count",-484621.781221921,-39.4964776871981,NA
"Model alone","Children of retired workers (model alone)",2085,743165.893789282,1225000,NA,NA,"out of sample","count",-481834.106210718,-39.3333964253647,NA
"Model alone","Children of retired workers (model alone)",2086,743939.255802683,1224000,NA,NA,"out of sample","count",-480060.744197317,-39.2206490357285,NA
"Model alone","Children of retired workers (model alone)",2087,744421.54746921,1221000,NA,NA,"out of sample","count",-476578.45253079,-39.031814294086,NA
"Model alone","Children of retired workers (model alone)",2088,744799.552051217,1218000,NA,NA,"out of sample","count",-473200.447948783,-38.8506114900479,NA
"Model alone","Children of retired workers (model alone)",2089,745119.199249327,1216000,NA,NA,"out of sample","count",-470880.800750673,-38.723750061733,NA
"Model alone","Children of retired workers (model alone)",2090,745279.101341628,1213000,NA,NA,"out of sample","count",-467720.898658372,-38.559018850649,NA
"Model alone","Children of retired workers (model alone)",2091,745574.534637567,1211000,NA,NA,"out of sample","count",-465425.465362433,-38.4331515575915,NA
"Model alone","Children of retired workers (model alone)",2092,745641.851198954,1210000,NA,NA,"out of sample","count",-464358.148801046,-38.3767065124832,NA
"Model alone","Children of retired workers (model alone)",2093,745713.138354364,1209000,NA,NA,"out of sample","count",-463286.861645636,-38.3198396729227,NA
"Model alone","Children of retired workers (model alone)",2094,745719.162727122,1208000,NA,NA,"out of sample","count",-462280.837272878,-38.2682812311985,NA
"Model alone","Children of retired workers (model alone)",2095,745511.44465483,1208000,NA,NA,"out of sample","count",-462488.55534517,-38.2854764358584,NA
"Model alone","Children of retired workers (model alone)",2096,745356.304450778,1208000,NA,NA,"out of sample","count",-462643.695549222,-38.2983191679819,NA
"Model alone","Children of retired workers (model alone)",2097,745275.323660901,1208000,NA,NA,"out of sample","count",-462724.676339099,-38.3050228757532,NA
"Model alone","Children of retired workers (model alone)",2098,745347.274936361,1208000,NA,NA,"out of sample","count",-462652.725063639,-38.299066644341,NA
"Model alone","Children of retired workers (model alone)",2099,745400.672768487,1208000,NA,NA,"out of sample","count",-462599.327231513,-38.2946462939994,NA
"Model alone","Children of retired workers (model alone)",2100,745483.102727899,1209000,NA,NA,"out of sample","count",-463516.897272101,-38.33886660646,NA
"OASI","Widowed mothers and fathers",2025,99000,99000,99000,99000,"by construction","count",0,0,TRUE
"OASI","Widowed mothers and fathers",2026,95000,95000,95000,95000,"by construction","count",0,0,TRUE
"OASI","Widowed mothers and fathers",2027,92000,92000,92000,91000,"by construction","count",0,0,TRUE
"OASI","Widowed mothers and fathers",2028,89000,89000,89000,89000,"by construction","count",0,0,TRUE
"OASI","Widowed mothers and fathers",2029,86000,86000,87000,86000,"by construction","count",0,0,TRUE
"OASI","Widowed mothers and fathers",2030,84000,84000,85000,84000,"by construction","count",0,0,TRUE
"OASI","Widowed mothers and fathers",2031,83000,83000,84000,82000,"by construction","count",0,0,TRUE
"OASI","Widowed mothers and fathers",2032,81000,81000,83000,80000,"by construction","count",0,0,TRUE
"OASI","Widowed mothers and fathers",2033,80000,80000,82000,78000,"by construction","count",0,0,TRUE
"OASI","Widowed mothers and fathers",2034,79000,79000,82000,76000,"by construction","count",0,0,TRUE
"OASI","Widowed mothers and fathers",2035,78000,78000,82000,75000,"by construction","count",1.45519152283669e-11,2.22044604925031e-14,TRUE
"OASI","Widowed mothers and fathers",2036,79000,79000,79000,78000,"by construction","count",0,0,TRUE
"OASI","Widowed mothers and fathers",2037,81000,81000,81000,79000,"by construction","count",0,0,TRUE
"OASI","Widowed mothers and fathers",2038,83000,83000,83000,80000,"by construction","count",0,0,TRUE
"OASI","Widowed mothers and fathers",2039,85000,85000,86000,82000,"by construction","count",0,0,TRUE
"OASI","Widowed mothers and fathers",2040,88000,88000,89000,83000,"by construction","count",0,0,TRUE
"OASI","Widowed mothers and fathers",2041,90000,90000,92000,84000,"by construction","count",-1.45519152283669e-11,-1.11022302462516e-14,TRUE
"OASI","Widowed mothers and fathers",2042,92000,92000,95000,85000,"by construction","count",-1.45519152283669e-11,-1.11022302462516e-14,TRUE
"OASI","Widowed mothers and fathers",2043,94000,94000,98000,86000,"by construction","count",0,0,TRUE
"OASI","Widowed mothers and fathers",2044,96000,96000,1e+05,86000,"by construction","count",0,0,TRUE
"OASI","Widowed mothers and fathers",2045,98000,98000,103000,87000,"by construction","count",-1.45519152283669e-11,-1.11022302462516e-14,TRUE
"OASI","Widowed mothers and fathers",2046,98000,98000,103000,85000,"by construction","count",0,0,TRUE
"OASI","Widowed mothers and fathers",2047,98000,98000,104000,84000,"by construction","count",-1.45519152283669e-11,-1.11022302462516e-14,TRUE
"OASI","Widowed mothers and fathers",2048,97000,97000,104000,83000,"by construction","count",-1.45519152283669e-11,-1.11022302462516e-14,TRUE
"OASI","Widowed mothers and fathers",2049,97000,97000,104000,82000,"by construction","count",1.45519152283669e-11,2.22044604925031e-14,TRUE
"OASI","Widowed mothers and fathers",2050,97000,97000,104000,80000,"by construction","count",1.45519152283669e-11,2.22044604925031e-14,TRUE
"OASI","Widowed mothers and fathers",2051,96000,96000,105000,79000,"by construction","count",0,0,TRUE
"OASI","Widowed mothers and fathers",2052,96000,96000,105000,78000,"by construction","count",0,0,TRUE
"OASI","Widowed mothers and fathers",2053,95000,95000,105000,77000,"by construction","count",-1.45519152283669e-11,-1.11022302462516e-14,TRUE
"OASI","Widowed mothers and fathers",2054,94000,94000,105000,75000,"by construction","count",0,0,TRUE
"OASI","Widowed mothers and fathers",2055,94000,94000,105000,74000,"by construction","count",0,0,TRUE
"OASI","Widowed mothers and fathers",2056,93000,93000,104000,73000,"by construction","count",0,0,TRUE
"OASI","Widowed mothers and fathers",2057,92000,92000,104000,71000,"by construction","count",-1.45519152283669e-11,-1.11022302462516e-14,TRUE
"OASI","Widowed mothers and fathers",2058,91000,91000,104000,70000,"by construction","count",0,0,TRUE
"OASI","Widowed mothers and fathers",2059,90000,90000,104000,68000,"by construction","count",0,0,TRUE
"OASI","Widowed mothers and fathers",2060,89000,89000,103000,67000,"by construction","count",0,0,TRUE
"OASI","Widowed mothers and fathers",2061,88000,88000,103000,65000,"by construction","count",0,0,TRUE
"OASI","Widowed mothers and fathers",2062,87000,87000,103000,64000,"by construction","count",0,0,TRUE
"OASI","Widowed mothers and fathers",2063,86000,86000,102000,62000,"by construction","count",0,0,TRUE
"OASI","Widowed mothers and fathers",2064,85000,85000,102000,61000,"by construction","count",0,0,TRUE
"OASI","Widowed mothers and fathers",2065,84000,84000,102000,59000,"by construction","count",-1.45519152283669e-11,-2.22044604925031e-14,TRUE
"OASI","Widowed mothers and fathers",2066,83000,83000,102000,58000,"by construction","count",-1.45519152283669e-11,-2.22044604925031e-14,TRUE
"OASI","Widowed mothers and fathers",2067,82000,82000,102000,57000,"by construction","count",1.45519152283669e-11,2.22044604925031e-14,TRUE
"OASI","Widowed mothers and fathers",2068,82000,82000,102000,55000,"by construction","count",0,0,TRUE
"OASI","Widowed mothers and fathers",2069,81000,81000,102000,54000,"by construction","count",0,0,TRUE
"OASI","Widowed mothers and fathers",2070,80000,80000,103000,52000,"by construction","count",0,0,TRUE
"OASI","Widowed mothers and fathers",2071,79000,79000,103000,51000,"by construction","count",1.45519152283669e-11,2.22044604925031e-14,TRUE
"OASI","Widowed mothers and fathers",2072,79000,79000,103000,50000,"by construction","count",0,0,TRUE
"OASI","Widowed mothers and fathers",2073,78000,78000,104000,49000,"by construction","count",-1.45519152283669e-11,-2.22044604925031e-14,TRUE
"OASI","Widowed mothers and fathers",2074,78000,78000,105000,48000,"by construction","count",-1.45519152283669e-11,-2.22044604925031e-14,TRUE
"OASI","Widowed mothers and fathers",2075,77000,77000,105000,47000,"by construction","count",1.45519152283669e-11,2.22044604925031e-14,TRUE
"OASI","Widowed mothers and fathers",2076,77000,77000,106000,45000,"by construction","count",0,0,TRUE
"OASI","Widowed mothers and fathers",2077,76000,76000,107000,44000,"by construction","count",1.45519152283669e-11,2.22044604925031e-14,TRUE
"OASI","Widowed mothers and fathers",2078,76000,76000,108000,43000,"by construction","count",0,0,TRUE
"OASI","Widowed mothers and fathers",2079,75000,75000,108000,43000,"by construction","count",0,0,TRUE
"OASI","Widowed mothers and fathers",2080,75000,75000,109000,42000,"by construction","count",0,0,TRUE
"OASI","Widowed mothers and fathers",2081,75000,75000,110000,41000,"by construction","count",0,0,TRUE
"OASI","Widowed mothers and fathers",2082,74000,74000,111000,40000,"by construction","count",0,0,TRUE
"OASI","Widowed mothers and fathers",2083,74000,74000,111000,39000,"by construction","count",0,0,TRUE
"OASI","Widowed mothers and fathers",2084,73000,73000,112000,38000,"by construction","count",0,0,TRUE
"OASI","Widowed mothers and fathers",2085,73000,73000,112000,38000,"by construction","count",0,0,TRUE
"OASI","Widowed mothers and fathers",2086,72000,72000,113000,37000,"by construction","count",0,0,TRUE
"OASI","Widowed mothers and fathers",2087,72000,72000,113000,36000,"by construction","count",0,0,TRUE
"OASI","Widowed mothers and fathers",2088,71000,71000,114000,35000,"by construction","count",0,0,TRUE
"OASI","Widowed mothers and fathers",2089,71000,71000,114000,35000,"by construction","count",0,0,TRUE
"OASI","Widowed mothers and fathers",2090,70000,70000,114000,34000,"by construction","count",0,0,TRUE
"OASI","Widowed mothers and fathers",2091,70000,70000,114000,33000,"by construction","count",0,0,TRUE
"OASI","Widowed mothers and fathers",2092,69000,69000,114000,33000,"by construction","count",0,0,TRUE
"OASI","Widowed mothers and fathers",2093,68000,68000,115000,32000,"by construction","count",1.45519152283669e-11,2.22044604925031e-14,TRUE
"OASI","Widowed mothers and fathers",2094,68000,68000,115000,31000,"by construction","count",0,0,TRUE
"OASI","Widowed mothers and fathers",2095,67000,67000,115000,31000,"by construction","count",0,0,TRUE
"OASI","Widowed mothers and fathers",2096,67000,67000,115000,30000,"by construction","count",0,0,TRUE
"OASI","Widowed mothers and fathers",2097,66000,66000,115000,29000,"by construction","count",0,0,TRUE
"OASI","Widowed mothers and fathers",2098,65000,65000,115000,29000,"by construction","count",0,0,TRUE
"OASI","Widowed mothers and fathers",2099,65000,65000,116000,28000,"by construction","count",0,0,TRUE
"OASI","Widowed mothers and fathers",2100,64000,64000,116000,27000,"by construction","count",-7.27595761418343e-12,-1.11022302462516e-14,TRUE
"Model alone","Widowed mothers and fathers (model alone)",2025,98855,99000,NA,NA,"out of sample","count",-145,-0.14646464646465,NA
"Model alone","Widowed mothers and fathers (model alone)",2026,95671.3768538575,95000,NA,NA,"out of sample","count",671.37685385748,0.70671247774472,NA
"Model alone","Widowed mothers and fathers (model alone)",2027,92808.6086054317,92000,NA,NA,"out of sample","count",808.608605431655,0.878922397208326,NA
"Model alone","Widowed mothers and fathers (model alone)",2028,90014.5095105406,89000,NA,NA,"out of sample","count",1014.50951054061,1.13989832645012,NA
"Model alone","Widowed mothers and fathers (model alone)",2029,87321.3618534589,86000,NA,NA,"out of sample","count",1321.36185345887,1.53646727146382,NA
"Model alone","Widowed mothers and fathers (model alone)",2030,84524.3762791876,84000,NA,NA,"out of sample","count",524.376279187592,0.624257475223322,NA
"Model alone","Widowed mothers and fathers (model alone)",2031,81817.972523713,83000,NA,NA,"out of sample","count",-1182.02747628701,-1.42412948950242,NA
"Model alone","Widowed mothers and fathers (model alone)",2032,79306.8870014967,81000,NA,NA,"out of sample","count",-1693.11299850326,-2.09026296111514,NA
"Model alone","Widowed mothers and fathers (model alone)",2033,77170.6040010621,80000,NA,NA,"out of sample","count",-2829.39599893792,-3.5367449986724,NA
"Model alone","Widowed mothers and fathers (model alone)",2034,75325.4420200638,79000,NA,NA,"out of sample","count",-3674.55797993623,-4.65133921510915,NA
"Model alone","Widowed mothers and fathers (model alone)",2035,73704.4700628757,78000,NA,NA,"out of sample","count",-4295.52993712432,-5.50708966297989,NA
"Model alone","Widowed mothers and fathers (model alone)",2036,72595.6653552646,79000,NA,NA,"out of sample","count",-6404.33464473541,-8.10675271485495,NA
"Model alone","Widowed mothers and fathers (model alone)",2037,71541.8102558665,81000,NA,NA,"out of sample","count",-9458.18974413347,-11.6767774618932,NA
"Model alone","Widowed mothers and fathers (model alone)",2038,70661.9565683074,83000,NA,NA,"out of sample","count",-12338.0434316926,-14.8651125683043,NA
"Model alone","Widowed mothers and fathers (model alone)",2039,70172.3875943057,85000,NA,NA,"out of sample","count",-14827.6124056943,-17.4442498890521,NA
"Model alone","Widowed mothers and fathers (model alone)",2040,69621.7138604572,88000,NA,NA,"out of sample","count",-18378.2861395428,-20.8844160676623,NA
"Model alone","Widowed mothers and fathers (model alone)",2041,69302.0698436344,90000,NA,NA,"out of sample","count",-20697.9301563656,-22.9977001737395,NA
"Model alone","Widowed mothers and fathers (model alone)",2042,69114.2046187255,92000,NA,NA,"out of sample","count",-22885.7953812745,-24.8758645448635,NA
"Model alone","Widowed mothers and fathers (model alone)",2043,69045.4045216499,94000,NA,NA,"out of sample","count",-24954.5954783501,-26.5474419982448,NA
"Model alone","Widowed mothers and fathers (model alone)",2044,69088.9967060095,96000,NA,NA,"out of sample","count",-26911.0032939905,-28.0322950979067,NA
"Model alone","Widowed mothers and fathers (model alone)",2045,69209.1075447366,98000,NA,NA,"out of sample","count",-28790.8924552634,-29.3784616890443,NA
"Model alone","Widowed mothers and fathers (model alone)",2046,69379.3002960666,98000,NA,NA,"out of sample","count",-28620.6997039334,-29.2047956162585,NA
"Model alone","Widowed mothers and fathers (model alone)",2047,69580.8149488498,98000,NA,NA,"out of sample","count",-28419.1850511502,-28.999168419541,NA
"Model alone","Widowed mothers and fathers (model alone)",2048,69795.5117076406,97000,NA,NA,"out of sample","count",-27204.4882923594,-28.0458642189272,NA
"Model alone","Widowed mothers and fathers (model alone)",2049,69998.1188718491,97000,NA,NA,"out of sample","count",-27001.8811281509,-27.8369908537638,NA
"Model alone","Widowed mothers and fathers (model alone)",2050,70167.1535590974,97000,NA,NA,"out of sample","count",-26832.8464409026,-27.6627282895903,NA
"Model alone","Widowed mothers and fathers (model alone)",2051,70301.0975424682,96000,NA,NA,"out of sample","count",-25698.9024575318,-26.769690059929,NA
"Model alone","Widowed mothers and fathers (model alone)",2052,70373.4601058312,96000,NA,NA,"out of sample","count",-25626.5398941688,-26.6943123897591,NA
"Model alone","Widowed mothers and fathers (model alone)",2053,70356.3870720271,95000,NA,NA,"out of sample","count",-24643.6129279729,-25.9406451873399,NA
"Model alone","Widowed mothers and fathers (model alone)",2054,70238.604690827,94000,NA,NA,"out of sample","count",-23761.395309173,-25.2780801161415,NA
"Model alone","Widowed mothers and fathers (model alone)",2055,70028.2999879145,94000,NA,NA,"out of sample","count",-23971.7000120855,-25.5018085234952,NA
"Model alone","Widowed mothers and fathers (model alone)",2056,69730.0518537592,93000,NA,NA,"out of sample","count",-23269.9481462408,-25.0214496196137,NA
"Model alone","Widowed mothers and fathers (model alone)",2057,69366.6926716376,92000,NA,NA,"out of sample","count",-22633.3073283624,-24.6014210090896,NA
"Model alone","Widowed mothers and fathers (model alone)",2058,68940.0254658563,91000,NA,NA,"out of sample","count",-22059.9745341437,-24.2417302573007,NA
"Model alone","Widowed mothers and fathers (model alone)",2059,68455.9079279625,90000,NA,NA,"out of sample","count",-21544.0920720375,-23.9378800800417,NA
"Model alone","Widowed mothers and fathers (model alone)",2060,67929.6905094679,89000,NA,NA,"out of sample","count",-21070.3094905321,-23.6745050455416,NA
"Model alone","Widowed mothers and fathers (model alone)",2061,67376.0391953051,88000,NA,NA,"out of sample","count",-20623.9608046949,-23.4363190962442,NA
"Model alone","Widowed mothers and fathers (model alone)",2062,66817.2228723277,87000,NA,NA,"out of sample","count",-20182.7771276723,-23.1985943996233,NA
"Model alone","Widowed mothers and fathers (model alone)",2063,66262.7362412167,86000,NA,NA,"out of sample","count",-19737.2637587833,-22.9503066962597,NA
"Model alone","Widowed mothers and fathers (model alone)",2064,65721.8600217506,85000,NA,NA,"out of sample","count",-19278.1399782494,-22.6801646802934,NA
"Model alone","Widowed mothers and fathers (model alone)",2065,65170.0721650732,84000,NA,NA,"out of sample","count",-18829.9278349268,-22.4165807558653,NA
"Model alone","Widowed mothers and fathers (model alone)",2066,64643.8040292593,83000,NA,NA,"out of sample","count",-18356.1959707407,-22.1158987599286,NA
"Model alone","Widowed mothers and fathers (model alone)",2067,64143.1147525037,82000,NA,NA,"out of sample","count",-17856.8852474963,-21.7766893262151,NA
"Model alone","Widowed mothers and fathers (model alone)",2068,63661.4763327658,82000,NA,NA,"out of sample","count",-18338.5236672342,-22.3640532527247,NA
"Model alone","Widowed mothers and fathers (model alone)",2069,63203.0492744448,81000,NA,NA,"out of sample","count",-17796.9507255552,-21.9715441056237,NA
"Model alone","Widowed mothers and fathers (model alone)",2070,62770.8034111514,80000,NA,NA,"out of sample","count",-17229.1965888486,-21.5364957360608,NA
"Model alone","Widowed mothers and fathers (model alone)",2071,62370.6964870945,79000,NA,NA,"out of sample","count",-16629.3035129055,-21.0497512821588,NA
"Model alone","Widowed mothers and fathers (model alone)",2072,61990.5811251546,79000,NA,NA,"out of sample","count",-17009.4188748454,-21.5309099681587,NA
"Model alone","Widowed mothers and fathers (model alone)",2073,61645.1263859123,78000,NA,NA,"out of sample","count",-16354.8736140877,-20.9677866847278,NA
"Model alone","Widowed mothers and fathers (model alone)",2074,61299.9910428544,78000,NA,NA,"out of sample","count",-16700.0089571456,-21.4102678937764,NA
"Model alone","Widowed mothers and fathers (model alone)",2075,60982.1001474863,77000,NA,NA,"out of sample","count",-16017.8998525137,-20.8024673409269,NA
"Model alone","Widowed mothers and fathers (model alone)",2076,60666.8784102266,77000,NA,NA,"out of sample","count",-16333.1215897734,-21.211846220485,NA
"Model alone","Widowed mothers and fathers (model alone)",2077,60355.4535180999,76000,NA,NA,"out of sample","count",-15644.5464819001,-20.5849295814475,NA
"Model alone","Widowed mothers and fathers (model alone)",2078,60047.3164430509,76000,NA,NA,"out of sample","count",-15952.6835569491,-20.9903731012487,NA
"Model alone","Widowed mothers and fathers (model alone)",2079,59729.8011140882,75000,NA,NA,"out of sample","count",-15270.1988859118,-20.3602651812157,NA
"Model alone","Widowed mothers and fathers (model alone)",2080,59396.7283650822,75000,NA,NA,"out of sample","count",-15603.2716349178,-20.8043621798904,NA
"Model alone","Widowed mothers and fathers (model alone)",2081,59046.8212739128,75000,NA,NA,"out of sample","count",-15953.1787260872,-21.2709049681162,NA
"Model alone","Widowed mothers and fathers (model alone)",2082,58690.6497689982,74000,NA,NA,"out of sample","count",-15309.3502310018,-20.6883111229755,NA
"Model alone","Widowed mothers and fathers (model alone)",2083,58312.6510024154,74000,NA,NA,"out of sample","count",-15687.3489975846,-21.1991202670062,NA
"Model alone","Widowed mothers and fathers (model alone)",2084,57918.7052848352,73000,NA,NA,"out of sample","count",-15081.2947151648,-20.6593078289929,NA
"Model alone","Widowed mothers and fathers (model alone)",2085,57508.1360451844,73000,NA,NA,"out of sample","count",-15491.8639548156,-21.2217314449528,NA
"Model alone","Widowed mothers and fathers (model alone)",2086,57088.130651488,72000,NA,NA,"out of sample","count",-14911.869348512,-20.7109296507111,NA
"Model alone","Widowed mothers and fathers (model alone)",2087,56642.350893697,72000,NA,NA,"out of sample","count",-15357.649106303,-21.3300682031986,NA
"Model alone","Widowed mothers and fathers (model alone)",2088,56194.5685233713,71000,NA,NA,"out of sample","count",-14805.4314766287,-20.8527203896179,NA
"Model alone","Widowed mothers and fathers (model alone)",2089,55736.4001546536,71000,NA,NA,"out of sample","count",-15263.5998453464,-21.4980279511921,NA
"Model alone","Widowed mothers and fathers (model alone)",2090,55272.0216076917,70000,NA,NA,"out of sample","count",-14727.9783923083,-21.039969131869,NA
"Model alone","Widowed mothers and fathers (model alone)",2091,54789.8390890784,70000,NA,NA,"out of sample","count",-15210.1609109216,-21.7288013013165,NA
"Model alone","Widowed mothers and fathers (model alone)",2092,54311.4660987827,69000,NA,NA,"out of sample","count",-14688.5339012173,-21.2877302916193,NA
"Model alone","Widowed mothers and fathers (model alone)",2093,53835.135965738,68000,NA,NA,"out of sample","count",-14164.864034262,-20.8306824033264,NA
"Model alone","Widowed mothers and fathers (model alone)",2094,53361.7537104874,68000,NA,NA,"out of sample","count",-14638.2462895126,-21.526832778695,NA
"Model alone","Widowed mothers and fathers (model alone)",2095,52895.2798121931,67000,NA,NA,"out of sample","count",-14104.7201878069,-21.0518211758312,NA
"Model alone","Widowed mothers and fathers (model alone)",2096,52449.4792246706,67000,NA,NA,"out of sample","count",-14550.5207753294,-21.7171951870588,NA
"Model alone","Widowed mothers and fathers (model alone)",2097,52005.1434345781,66000,NA,NA,"out of sample","count",-13994.8565654219,-21.2043281294271,NA
"Model alone","Widowed mothers and fathers (model alone)",2098,51589.1939489375,65000,NA,NA,"out of sample","count",-13410.8060510625,-20.6320093093269,NA
"Model alone","Widowed mothers and fathers (model alone)",2099,51177.7352083906,65000,NA,NA,"out of sample","count",-13822.2647916094,-21.2650227563221,NA
"Model alone","Widowed mothers and fathers (model alone)",2100,50789.240819656,64000,NA,NA,"out of sample","count",-13210.759180344,-20.6418112192875,NA
"OASI","Children of deceased workers",2025,2036000,2036000,2036000,2036000,"by construction","count",-2.3283064365387e-10,-1.11022302462516e-14,FALSE
"OASI","Children of deceased workers",2026,2033000,2033000,2035000,2032000,"by construction","count",0,0,TRUE
"OASI","Children of deceased workers",2027,2033000,2033000,2036000,2030000,"by construction","count",0,0,TRUE
"OASI","Children of deceased workers",2028,2038000,2038000,2044000,2033000,"by construction","count",0,0,TRUE
"OASI","Children of deceased workers",2029,2043000,2043000,2054000,2035000,"by construction","count",0,0,TRUE
"OASI","Children of deceased workers",2030,2048000,2048000,2064000,2034000,"by construction","count",2.3283064365387e-10,2.22044604925031e-14,TRUE
"OASI","Children of deceased workers",2031,2049000,2049000,2073000,2029000,"by construction","count",2.3283064365387e-10,2.22044604925031e-14,TRUE
"OASI","Children of deceased workers",2032,2047000,2047000,2079000,2018000,"by construction","count",0,0,TRUE
"OASI","Children of deceased workers",2033,2042000,2042000,2085000,2003000,"by construction","count",0,0,TRUE
"OASI","Children of deceased workers",2034,2035000,2035000,2091000,1984000,"by construction","count",0,0,TRUE
"OASI","Children of deceased workers",2035,2029000,2029000,2100000,1964000,"by construction","count",0,0,TRUE
"OASI","Children of deceased workers",2036,2027000,2027000,2135000,1901000,"by construction","count",-2.3283064365387e-10,-1.11022302462516e-14,TRUE
"OASI","Children of deceased workers",2037,2036000,2036000,2166000,1887000,"by construction","count",0,0,TRUE
"OASI","Children of deceased workers",2038,2039000,2039000,2193000,1867000,"by construction","count",0,0,TRUE
"OASI","Children of deceased workers",2039,2043000,2043000,2224000,1846000,"by construction","count",0,0,TRUE
"OASI","Children of deceased workers",2040,2050000,2050000,2259000,1825000,"by construction","count",0,0,TRUE
"OASI","Children of deceased workers",2041,2062000,2062000,2304000,1809000,"by construction","count",0,0,TRUE
"OASI","Children of deceased workers",2042,2074000,2074000,2350000,1790000,"by construction","count",0,0,TRUE
"OASI","Children of deceased workers",2043,2086000,2086000,2399000,1770000,"by construction","count",2.3283064365387e-10,2.22044604925031e-14,TRUE
"OASI","Children of deceased workers",2044,2095000,2095000,2446000,1749000,"by construction","count",2.3283064365387e-10,2.22044604925031e-14,TRUE
"OASI","Children of deceased workers",2045,2104000,2104000,2489000,1730000,"by construction","count",0,0,TRUE
"OASI","Children of deceased workers",2046,2104000,2104000,2519000,1705000,"by construction","count",4.65661287307739e-10,2.22044604925031e-14,TRUE
"OASI","Children of deceased workers",2047,2104000,2104000,2547000,1682000,"by construction","count",0,0,TRUE
"OASI","Children of deceased workers",2048,2102000,2102000,2572000,1660000,"by construction","count",0,0,TRUE
"OASI","Children of deceased workers",2049,2100000,2100000,2595000,1638000,"by construction","count",0,0,TRUE
"OASI","Children of deceased workers",2050,2097000,2097000,2614000,1618000,"by construction","count",2.3283064365387e-10,2.22044604925031e-14,TRUE
"OASI","Children of deceased workers",2051,2093000,2093000,2632000,1598000,"by construction","count",0,0,TRUE
"OASI","Children of deceased workers",2052,2088000,2088000,2647000,1579000,"by construction","count",0,0,TRUE
"OASI","Children of deceased workers",2053,2082000,2082000,2660000,1562000,"by construction","count",0,0,TRUE
"OASI","Children of deceased workers",2054,2075000,2075000,2670000,1544000,"by construction","count",0,0,TRUE
"OASI","Children of deceased workers",2055,2065000,2065000,2675000,1526000,"by construction","count",0,0,TRUE
"OASI","Children of deceased workers",2056,2055000,2055000,2678000,1507000,"by construction","count",0,0,TRUE
"OASI","Children of deceased workers",2057,2043000,2043000,2679000,1488000,"by construction","count",0,0,TRUE
"OASI","Children of deceased workers",2058,2029000,2029000,2677000,1468000,"by construction","count",0,0,TRUE
"OASI","Children of deceased workers",2059,2014000,2014000,2674000,1448000,"by construction","count",0,0,TRUE
"OASI","Children of deceased workers",2060,1998000,1998000,2667000,1427000,"by construction","count",0,0,TRUE
"OASI","Children of deceased workers",2061,1981000,1981000,2661000,1406000,"by construction","count",0,0,TRUE
"OASI","Children of deceased workers",2062,1963000,1963000,2655000,1385000,"by construction","count",0,0,TRUE
"OASI","Children of deceased workers",2063,1946000,1946000,2650000,1364000,"by construction","count",-2.3283064365387e-10,-1.11022302462516e-14,TRUE
"OASI","Children of deceased workers",2064,1929000,1929000,2645000,1343000,"by construction","count",0,0,TRUE
"OASI","Children of deceased workers",2065,1912000,1912000,2641000,1323000,"by construction","count",0,0,TRUE
"OASI","Children of deceased workers",2066,1896000,1896000,2639000,1303000,"by construction","count",0,0,TRUE
"OASI","Children of deceased workers",2067,1881000,1881000,2638000,1283000,"by construction","count",0,0,TRUE
"OASI","Children of deceased workers",2068,1867000,1867000,2640000,1264000,"by construction","count",0,0,TRUE
"OASI","Children of deceased workers",2069,1853000,1853000,2644000,1246000,"by construction","count",2.3283064365387e-10,2.22044604925031e-14,TRUE
"OASI","Children of deceased workers",2070,1840000,1840000,2650000,1228000,"by construction","count",0,0,TRUE
"OASI","Children of deceased workers",2071,1829000,1829000,2658000,1210000,"by construction","count",0,0,TRUE
"OASI","Children of deceased workers",2072,1818000,1818000,2669000,1194000,"by construction","count",0,0,TRUE
"OASI","Children of deceased workers",2073,1809000,1809000,2682000,1177000,"by construction","count",0,0,TRUE
"OASI","Children of deceased workers",2074,1800000,1800000,2697000,1161000,"by construction","count",-2.3283064365387e-10,-1.11022302462516e-14,TRUE
"OASI","Children of deceased workers",2075,1792000,1792000,2713000,1146000,"by construction","count",2.3283064365387e-10,2.22044604925031e-14,TRUE
"OASI","Children of deceased workers",2076,1785000,1785000,2731000,1131000,"by construction","count",0,0,TRUE
"OASI","Children of deceased workers",2077,1778000,1778000,2750000,1117000,"by construction","count",-2.3283064365387e-10,-1.11022302462516e-14,TRUE
"OASI","Children of deceased workers",2078,1772000,1772000,2769000,1103000,"by construction","count",0,0,TRUE
"OASI","Children of deceased workers",2079,1766000,1766000,2788000,1090000,"by construction","count",-2.3283064365387e-10,-1.11022302462516e-14,TRUE
"OASI","Children of deceased workers",2080,1760000,1760000,2807000,1076000,"by construction","count",0,0,TRUE
"OASI","Children of deceased workers",2081,1754000,1754000,2825000,1063000,"by construction","count",0,0,TRUE
"OASI","Children of deceased workers",2082,1748000,1748000,2843000,1050000,"by construction","count",0,0,TRUE
"OASI","Children of deceased workers",2083,1741000,1741000,2860000,1038000,"by construction","count",0,0,TRUE
"OASI","Children of deceased workers",2084,1734000,1734000,2875000,1025000,"by construction","count",0,0,TRUE
"OASI","Children of deceased workers",2085,1728000,1728000,2888000,1013000,"by construction","count",-2.3283064365387e-10,-1.11022302462516e-14,TRUE
"OASI","Children of deceased workers",2086,1720000,1720000,2900000,1001000,"by construction","count",0,0,TRUE
"OASI","Children of deceased workers",2087,1712000,1712000,2911000,990000,"by construction","count",0,0,TRUE
"OASI","Children of deceased workers",2088,1704000,1704000,2921000,978000,"by construction","count",0,0,TRUE
"OASI","Children of deceased workers",2089,1696000,1696000,2929000,967000,"by construction","count",0,0,TRUE
"OASI","Children of deceased workers",2090,1688000,1688000,2937000,956000,"by construction","count",0,0,TRUE
"OASI","Children of deceased workers",2091,1679000,1679000,2943000,945000,"by construction","count",0,0,TRUE
"OASI","Children of deceased workers",2092,1670000,1670000,2949000,934000,"by construction","count",0,0,TRUE
"OASI","Children of deceased workers",2093,1660000,1660000,2954000,923000,"by construction","count",0,0,TRUE
"OASI","Children of deceased workers",2094,1651000,1651000,2959000,912000,"by construction","count",0,0,TRUE
"OASI","Children of deceased workers",2095,1641000,1641000,2964000,901000,"by construction","count",2.3283064365387e-10,2.22044604925031e-14,TRUE
"OASI","Children of deceased workers",2096,1631000,1631000,2969000,890000,"by construction","count",0,0,TRUE
"OASI","Children of deceased workers",2097,1622000,1622000,2974000,880000,"by construction","count",0,0,TRUE
"OASI","Children of deceased workers",2098,1612000,1612000,2980000,869000,"by construction","count",2.3283064365387e-10,2.22044604925031e-14,TRUE
"OASI","Children of deceased workers",2099,1603000,1603000,2986000,859000,"by construction","count",0,0,TRUE
"OASI","Children of deceased workers",2100,1594000,1594000,2994000,848000,"by construction","count",0,0,TRUE
"Model alone","Children of deceased workers (model alone)",2025,2036045,2036000,NA,NA,"out of sample","count",45.0000000002328,0.00221021611002126,NA
"Model alone","Children of deceased workers (model alone)",2026,2022834.5701429,2033000,NA,NA,"out of sample","count",-10165.4298570983,-0.500021143979257,NA
"Model alone","Children of deceased workers (model alone)",2027,2020696.16498461,2033000,NA,NA,"out of sample","count",-12303.8350153863,-0.605205854175428,NA
"Model alone","Children of deceased workers (model alone)",2028,2017035.73710893,2038000,NA,NA,"out of sample","count",-20964.2628910705,-1.02866844411533,NA
"Model alone","Children of deceased workers (model alone)",2029,2014661.23547407,2043000,NA,NA,"out of sample","count",-28338.7645259306,-1.38711524845475,NA
"Model alone","Children of deceased workers (model alone)",2030,2011461.87914658,2048000,NA,NA,"out of sample","count",-36538.1208534206,-1.78408793229593,NA
"Model alone","Children of deceased workers (model alone)",2031,2005810.85778489,2049000,NA,NA,"out of sample","count",-43189.1422151085,-2.10781562787254,NA
"Model alone","Children of deceased workers (model alone)",2032,1995698.32599579,2047000,NA,NA,"out of sample","count",-51301.6740042141,-2.50618827573102,NA
"Model alone","Children of deceased workers (model alone)",2033,1982948.26338181,2042000,NA,NA,"out of sample","count",-59051.7366181947,-2.89185781675783,NA
"Model alone","Children of deceased workers (model alone)",2034,1969302.9837303,2035000,NA,NA,"out of sample","count",-65697.0162697048,-3.22835460784791,NA
"Model alone","Children of deceased workers (model alone)",2035,1956188.91293829,2029000,NA,NA,"out of sample","count",-72811.0870617109,-3.58852080146431,NA
"Model alone","Children of deceased workers (model alone)",2036,1945421.24438514,2027000,NA,NA,"out of sample","count",-81578.7556148572,-4.02460560507436,NA
"Model alone","Children of deceased workers (model alone)",2037,1933780.59708098,2036000,NA,NA,"out of sample","count",-102219.402919017,-5.02059935751555,NA
"Model alone","Children of deceased workers (model alone)",2038,1927317.28629786,2039000,NA,NA,"out of sample","count",-111682.713702141,-5.4773277931408,NA
"Model alone","Children of deceased workers (model alone)",2039,1919319.22968663,2043000,NA,NA,"out of sample","count",-123680.770313366,-6.05388009365472,NA
"Model alone","Children of deceased workers (model alone)",2040,1915106.9427634,2050000,NA,NA,"out of sample","count",-134893.057236604,-6.58014913349286,NA
"Model alone","Children of deceased workers (model alone)",2041,1914397.59642727,2062000,NA,NA,"out of sample","count",-147602.403572728,-7.15821549819244,NA
"Model alone","Children of deceased workers (model alone)",2042,1912397.25836357,2074000,NA,NA,"out of sample","count",-161602.741636429,-7.7918390374363,NA
"Model alone","Children of deceased workers (model alone)",2043,1911159.68740672,2086000,NA,NA,"out of sample","count",-174840.312593281,-8.38160654809594,NA
"Model alone","Children of deceased workers (model alone)",2044,1909647.20042199,2095000,NA,NA,"out of sample","count",-185352.799578012,-8.8473890013371,NA
"Model alone","Children of deceased workers (model alone)",2045,1908607.78987611,2104000,NA,NA,"out of sample","count",-195392.210123885,-9.2867020020858,NA
"Model alone","Children of deceased workers (model alone)",2046,1909460.50856102,2104000,NA,NA,"out of sample","count",-194539.491438976,-9.24617354747985,NA
"Model alone","Children of deceased workers (model alone)",2047,1910432.14579339,2104000,NA,NA,"out of sample","count",-193567.854206613,-9.19999307065649,NA
"Model alone","Children of deceased workers (model alone)",2048,1910149.9761618,2102000,NA,NA,"out of sample","count",-191850.0238382,-9.12702301799238,NA
"Model alone","Children of deceased workers (model alone)",2049,1908789.90677537,2100000,NA,NA,"out of sample","count",-191210.093224633,-9.10524253450632,NA
"Model alone","Children of deceased workers (model alone)",2050,1906379.99492882,2097000,NA,NA,"out of sample","count",-190620.005071183,-9.09012899719518,NA
"Model alone","Children of deceased workers (model alone)",2051,1902171.02928182,2093000,NA,NA,"out of sample","count",-190828.97071818,-9.1174854619293,NA
"Model alone","Children of deceased workers (model alone)",2052,1898699.91885716,2088000,NA,NA,"out of sample","count",-189300.081142842,-9.0660958401744,NA
"Model alone","Children of deceased workers (model alone)",2053,1896355.02091871,2082000,NA,NA,"out of sample","count",-185644.979081291,-8.91666566192559,NA
"Model alone","Children of deceased workers (model alone)",2054,1893075.02394441,2075000,NA,NA,"out of sample","count",-181924.976055592,-8.76746872557069,NA
"Model alone","Children of deceased workers (model alone)",2055,1887002.34604937,2065000,NA,NA,"out of sample","count",-177997.653950632,-8.61974111141075,NA
"Model alone","Children of deceased workers (model alone)",2056,1879029.54151489,2055000,NA,NA,"out of sample","count",-175970.458485109,-8.56303934234106,NA
"Model alone","Children of deceased workers (model alone)",2057,1870752.82526249,2043000,NA,NA,"out of sample","count",-172247.174737512,-8.43109029552189,NA
"Model alone","Children of deceased workers (model alone)",2058,1858848.57977643,2029000,NA,NA,"out of sample","count",-170151.420223565,-8.38597438263011,NA
"Model alone","Children of deceased workers (model alone)",2059,1846849.56240836,2014000,NA,NA,"out of sample","count",-167150.437591643,-8.29942589829409,NA
"Model alone","Children of deceased workers (model alone)",2060,1835572.74453205,1998000,NA,NA,"out of sample","count",-162427.255467949,-8.12949226566313,NA
"Model alone","Children of deceased workers (model alone)",2061,1824155.27683935,1981000,NA,NA,"out of sample","count",-156844.723160654,-7.91745195157265,NA
"Model alone","Children of deceased workers (model alone)",2062,1812112.88010313,1963000,NA,NA,"out of sample","count",-150887.119896871,-7.68655730498576,NA
"Model alone","Children of deceased workers (model alone)",2063,1796977.84601935,1946000,NA,NA,"out of sample","count",-149022.15398065,-7.657870194278,NA
"Model alone","Children of deceased workers (model alone)",2064,1782370.64214901,1929000,NA,NA,"out of sample","count",-146629.357850987,-7.60131455940833,NA
"Model alone","Children of deceased workers (model alone)",2065,1768660.54127887,1912000,NA,NA,"out of sample","count",-143339.458721133,-7.49683361512204,NA
"Model alone","Children of deceased workers (model alone)",2066,1755074.55923089,1896000,NA,NA,"out of sample","count",-140925.440769111,-7.43277641187295,NA
"Model alone","Children of deceased workers (model alone)",2067,1742540.46924664,1881000,NA,NA,"out of sample","count",-138459.530753362,-7.36095325642544,NA
"Model alone","Children of deceased workers (model alone)",2068,1730425.29472541,1867000,NA,NA,"out of sample","count",-136574.705274586,-7.31519578332006,NA
"Model alone","Children of deceased workers (model alone)",2069,1720309.26516592,1853000,NA,NA,"out of sample","count",-132690.73483408,-7.16085994787266,NA
"Model alone","Children of deceased workers (model alone)",2070,1709837.34425189,1840000,NA,NA,"out of sample","count",-130162.655748106,-7.07405737761444,NA
"Model alone","Children of deceased workers (model alone)",2071,1700383.1529,1829000,NA,NA,"out of sample","count",-128616.847100003,-7.03208568070001,NA
"Model alone","Children of deceased workers (model alone)",2072,1690846.86325893,1818000,NA,NA,"out of sample","count",-127153.136741069,-6.99412193295209,NA
"Model alone","Children of deceased workers (model alone)",2073,1681582.00708511,1809000,NA,NA,"out of sample","count",-127417.992914886,-7.04355958622916,NA
"Model alone","Children of deceased workers (model alone)",2074,1673521.84837759,1800000,NA,NA,"out of sample","count",-126478.151622408,-7.02656397902266,NA
"Model alone","Children of deceased workers (model alone)",2075,1665781.32905184,1792000,NA,NA,"out of sample","count",-126218.670948157,-7.04345261987481,NA
"Model alone","Children of deceased workers (model alone)",2076,1657658.55419448,1785000,NA,NA,"out of sample","count",-127341.44580552,-7.13397455493108,NA
"Model alone","Children of deceased workers (model alone)",2077,1651410.98328283,1778000,NA,NA,"out of sample","count",-126589.016717165,-7.11974222256271,NA
"Model alone","Children of deceased workers (model alone)",2078,1644913.05341544,1772000,NA,NA,"out of sample","count",-127086.946584559,-7.17194958152137,NA
"Model alone","Children of deceased workers (model alone)",2079,1638655.03102412,1766000,NA,NA,"out of sample","count",-127344.96897588,-7.21092689557646,NA
"Model alone","Children of deceased workers (model alone)",2080,1631376.494811,1760000,NA,NA,"out of sample","count",-128623.505189001,-7.30815370392049,NA
"Model alone","Children of deceased workers (model alone)",2081,1623653.63129537,1754000,NA,NA,"out of sample","count",-130346.368704631,-7.43137791930624,NA
"Model alone","Children of deceased workers (model alone)",2082,1616304.57007355,1748000,NA,NA,"out of sample","count",-131695.429926451,-7.53406349693655,NA
"Model alone","Children of deceased workers (model alone)",2083,1609175.30269809,1741000,NA,NA,"out of sample","count",-131824.697301907,-7.57178043089641,NA
"Model alone","Children of deceased workers (model alone)",2084,1602172.05849323,1734000,NA,NA,"out of sample","count",-131827.941506769,-7.60253411227039,NA
"Model alone","Children of deceased workers (model alone)",2085,1594742.45271086,1728000,NA,NA,"out of sample","count",-133257.547289143,-7.71166361626983,NA
"Model alone","Children of deceased workers (model alone)",2086,1586069.98069012,1720000,NA,NA,"out of sample","count",-133930.019309878,-7.78662902964407,NA
"Model alone","Children of deceased workers (model alone)",2087,1577669.82545993,1712000,NA,NA,"out of sample","count",-134330.174540069,-7.84638869977041,NA
"Model alone","Children of deceased workers (model alone)",2088,1568485.56056843,1704000,NA,NA,"out of sample","count",-135514.439431573,-7.95272531875432,NA
"Model alone","Children of deceased workers (model alone)",2089,1559092.9735046,1696000,NA,NA,"out of sample","count",-136907.026495402,-8.0723482603421,NA
"Model alone","Children of deceased workers (model alone)",2090,1550050.38929915,1688000,NA,NA,"out of sample","count",-137949.610700849,-8.17237030218301,NA
"Model alone","Children of deceased workers (model alone)",2091,1540568.96911817,1679000,NA,NA,"out of sample","count",-138431.030881827,-8.24484996318204,NA
"Model alone","Children of deceased workers (model alone)",2092,1531613.82396263,1670000,NA,NA,"out of sample","count",-138386.176037371,-8.28659736750725,NA
"Model alone","Children of deceased workers (model alone)",2093,1522390.5511672,1660000,NA,NA,"out of sample","count",-137609.448832797,-8.28972583330102,NA
"Model alone","Children of deceased workers (model alone)",2094,1513938.62981469,1651000,NA,NA,"out of sample","count",-137061.370185307,-8.30171836373754,NA
"Model alone","Children of deceased workers (model alone)",2095,1505338.38979873,1641000,NA,NA,"out of sample","count",-135661.610201273,-8.26700854364859,NA
"Model alone","Children of deceased workers (model alone)",2096,1496617.24968623,1631000,NA,NA,"out of sample","count",-134382.750313769,-8.23928573352356,NA
"Model alone","Children of deceased workers (model alone)",2097,1487494.40521857,1622000,NA,NA,"out of sample","count",-134505.594781433,-8.29257674361483,NA
"Model alone","Children of deceased workers (model alone)",2098,1479180.72842701,1612000,NA,NA,"out of sample","count",-132819.271572988,-8.23940890651288,NA
"Model alone","Children of deceased workers (model alone)",2099,1471350.44439005,1603000,NA,NA,"out of sample","count",-131649.555609946,-8.21269841609148,NA
"Model alone","Children of deceased workers (model alone)",2100,1463820.78930908,1594000,NA,NA,"out of sample","count",-130179.210690922,-8.16682626668268,NA
"OASI","Parents of deceased workers",2025,1000,1000,1000,1000,"by construction","count",0,0,TRUE
"OASI","Parents of deceased workers",2026,1000,1000,1000,1000,"by construction","count",0,0,TRUE
"OASI","Parents of deceased workers",2027,1000,1000,1000,1000,"by construction","count",0,0,TRUE
"OASI","Parents of deceased workers",2028,1000,1000,1000,1000,"by construction","count",0,0,TRUE
"OASI","Parents of deceased workers",2029,1000,1000,1000,1000,"by construction","count",0,0,TRUE
"OASI","Parents of deceased workers",2030,1000,1000,1000,1000,"by construction","count",0,0,TRUE
"OASI","Parents of deceased workers",2031,1000,1000,1000,1000,"by construction","count",0,0,TRUE
"OASI","Parents of deceased workers",2032,1000,1000,1000,1000,"by construction","count",0,0,TRUE
"OASI","Parents of deceased workers",2033,1000,1000,1000,1000,"by construction","count",0,0,TRUE
"OASI","Parents of deceased workers",2034,1000,1000,1000,1000,"by construction","count",0,0,TRUE
"OASI","Parents of deceased workers",2035,1000,1000,1000,1000,"by construction","count",0,0,TRUE
"OASI","Parents of deceased workers",2036,1000,1000,1000,1000,"by construction","count",0,0,TRUE
"OASI","Parents of deceased workers",2037,1000,1000,1000,1000,"by construction","count",0,0,TRUE
"OASI","Parents of deceased workers",2038,1000,1000,1000,1000,"by construction","count",0,0,TRUE
"OASI","Parents of deceased workers",2039,1000,1000,1000,1000,"by construction","count",0,0,TRUE
"OASI","Parents of deceased workers",2040,1000,1000,1000,1000,"by construction","count",0,0,TRUE
"OASI","Parents of deceased workers",2041,1000,1000,1000,1000,"by construction","count",0,0,TRUE
"OASI","Parents of deceased workers",2042,1000,1000,1000,1000,"by construction","count",0,0,TRUE
"OASI","Parents of deceased workers",2043,1000,1000,1000,1000,"by construction","count",0,0,TRUE
"OASI","Parents of deceased workers",2044,1000,1000,1000,1000,"by construction","count",0,0,TRUE
"OASI","Parents of deceased workers",2045,1000,1000,1000,1000,"by construction","count",0,0,TRUE
"OASI","Parents of deceased workers",2046,1000,1000,1000,1000,"by construction","count",0,0,TRUE
"OASI","Parents of deceased workers",2047,1000,1000,1000,1000,"by construction","count",0,0,TRUE
"OASI","Parents of deceased workers",2048,1000,1000,1000,1000,"by construction","count",0,0,TRUE
"OASI","Parents of deceased workers",2049,1000,1000,1000,1000,"by construction","count",0,0,TRUE
"OASI","Parents of deceased workers",2050,1000,1000,1000,1000,"by construction","count",0,0,TRUE
"OASI","Parents of deceased workers",2051,1000,1000,1000,1000,"by construction","count",0,0,TRUE
"OASI","Parents of deceased workers",2052,1000,1000,1000,1000,"by construction","count",0,0,TRUE
"OASI","Parents of deceased workers",2053,1000,1000,1000,1000,"by construction","count",0,0,TRUE
"OASI","Parents of deceased workers",2054,1000,1000,1000,1000,"by construction","count",0,0,TRUE
"OASI","Parents of deceased workers",2055,1000,1000,1000,1000,"by construction","count",0,0,TRUE
"OASI","Parents of deceased workers",2056,1000,1000,1000,1000,"by construction","count",0,0,TRUE
"OASI","Parents of deceased workers",2057,1000,1000,1000,1000,"by construction","count",0,0,TRUE
"OASI","Parents of deceased workers",2058,1000,1000,1000,1000,"by construction","count",0,0,TRUE
"OASI","Parents of deceased workers",2059,1000,1000,1000,1000,"by construction","count",0,0,TRUE
"OASI","Parents of deceased workers",2060,1000,1000,1000,1000,"by construction","count",0,0,TRUE
"OASI","Parents of deceased workers",2061,1000,1000,1000,1000,"by construction","count",0,0,TRUE
"OASI","Parents of deceased workers",2062,1000,1000,1000,1000,"by construction","count",0,0,TRUE
"OASI","Parents of deceased workers",2063,1000,1000,1000,1000,"by construction","count",0,0,TRUE
"OASI","Parents of deceased workers",2064,1000,1000,1000,1000,"by construction","count",0,0,TRUE
"OASI","Parents of deceased workers",2065,1000,1000,1000,1000,"by construction","count",0,0,TRUE
"OASI","Parents of deceased workers",2066,1000,1000,1000,1000,"by construction","count",0,0,TRUE
"OASI","Parents of deceased workers",2067,1000,1000,1000,1000,"by construction","count",0,0,TRUE
"OASI","Parents of deceased workers",2068,1000,1000,1000,1000,"by construction","count",0,0,TRUE
"OASI","Parents of deceased workers",2069,1000,1000,1000,1000,"by construction","count",0,0,TRUE
"OASI","Parents of deceased workers",2070,1000,1000,1000,1000,"by construction","count",0,0,TRUE
"OASI","Parents of deceased workers",2071,1000,1000,1000,1000,"by construction","count",0,0,TRUE
"OASI","Parents of deceased workers",2072,1000,1000,1000,1000,"by construction","count",0,0,TRUE
"OASI","Parents of deceased workers",2073,1000,1000,1000,1000,"by construction","count",0,0,TRUE
"OASI","Parents of deceased workers",2074,1000,1000,1000,1000,"by construction","count",0,0,TRUE
"OASI","Parents of deceased workers",2075,1000,1000,1000,1000,"by construction","count",0,0,TRUE
"OASI","Parents of deceased workers",2076,1000,1000,1000,1000,"by construction","count",0,0,TRUE
"OASI","Parents of deceased workers",2077,1000,1000,1000,1000,"by construction","count",0,0,TRUE
"OASI","Parents of deceased workers",2078,1000,1000,1000,1000,"by construction","count",0,0,TRUE
"OASI","Parents of deceased workers",2079,1000,1000,1000,1000,"by construction","count",0,0,TRUE
"OASI","Parents of deceased workers",2080,1000,1000,1000,1000,"by construction","count",0,0,TRUE
"OASI","Parents of deceased workers",2081,1000,1000,1000,1000,"by construction","count",0,0,TRUE
"OASI","Parents of deceased workers",2082,1000,1000,1000,1000,"by construction","count",0,0,TRUE
"OASI","Parents of deceased workers",2083,1000,1000,1000,1000,"by construction","count",0,0,TRUE
"OASI","Parents of deceased workers",2084,1000,1000,1000,1000,"by construction","count",0,0,TRUE
"OASI","Parents of deceased workers",2085,1000,1000,1000,1000,"by construction","count",0,0,TRUE
"OASI","Parents of deceased workers",2086,1000,1000,1000,1000,"by construction","count",0,0,TRUE
"OASI","Parents of deceased workers",2087,1000,1000,1000,1000,"by construction","count",0,0,TRUE
"OASI","Parents of deceased workers",2088,1000,1000,1000,1000,"by construction","count",0,0,TRUE
"OASI","Parents of deceased workers",2089,1000,1000,1000,1000,"by construction","count",0,0,TRUE
"OASI","Parents of deceased workers",2090,1000,1000,1000,1000,"by construction","count",0,0,TRUE
"OASI","Parents of deceased workers",2091,1000,1000,1000,1000,"by construction","count",0,0,TRUE
"OASI","Parents of deceased workers",2092,1000,1000,1000,1000,"by construction","count",0,0,TRUE
"OASI","Parents of deceased workers",2093,1000,1000,1000,1000,"by construction","count",0,0,TRUE
"OASI","Parents of deceased workers",2094,1000,1000,1000,1000,"by construction","count",0,0,TRUE
"OASI","Parents of deceased workers",2095,1000,1000,1000,1000,"by construction","count",0,0,TRUE
"OASI","Parents of deceased workers",2096,1000,1000,1000,1000,"by construction","count",0,0,TRUE
"OASI","Parents of deceased workers",2097,1000,1000,1000,1000,"by construction","count",0,0,TRUE
"OASI","Parents of deceased workers",2098,1000,1000,1000,1000,"by construction","count",0,0,TRUE
"OASI","Parents of deceased workers",2099,1000,1000,1000,1000,"by construction","count",0,0,TRUE
"OASI","Parents of deceased workers",2100,1000,1000,1000,1000,"by construction","count",0,0,TRUE
"OASI","Widow(er)s, aged and disabled",2012,4193431,4193000,4193000,4193000,"by construction","count",431,0.0102790364893801,FALSE
"OASI","Widow(er)s, aged and disabled",2013,4138924,4139000,4139000,4139000,"by construction","count",-76,-0.00183619231698406,FALSE
"OASI","Widow(er)s, aged and disabled",2014,4092402,4092000,4092000,4092000,"by construction","count",402,0.0098240469208255,FALSE
"OASI","Widow(er)s, aged and disabled",2015,4049705,4050000,4050000,4050000,"by construction","count",-295,-0.00728395061728726,FALSE
"OASI","Widow(er)s, aged and disabled",2016,4004169,4004000,4004000,4004000,"by construction","count",169,0.00422077922077602,FALSE
"OASI","Widow(er)s, aged and disabled",2017,3961114,3961000,3961000,3961000,"by construction","count",114,0.00287806109569022,FALSE
"OASI","Widow(er)s, aged and disabled",2018,3907966,3908000,3908000,3908000,"by construction","count",-34,-0.000870010235409779,FALSE
"OASI","Widow(er)s, aged and disabled",2019,3878012,3878000,3878000,3878000,"by construction","count",12,0.000309437854562056,FALSE
"OASI","Widow(er)s, aged and disabled",2020,3822730,3823000,3823000,3823000,"by construction","count",-270,-0.0070625163484217,FALSE
"OASI","Widow(er)s, aged and disabled",2021,3773412,3773000,3773000,3773000,"by construction","count",412,0.0109196925523358,FALSE
"OASI","Widow(er)s, aged and disabled",2022,3728173,3728000,3728000,3728000,"by construction","count",173,0.00464055793991669,FALSE
"OASI","Widow(er)s, aged and disabled",2023,3688274,3688000,3688000,3688000,"by construction","count",274,0.00742950108458817,FALSE
"OASI","Widow(er)s, aged and disabled",2024,3630101,3630000,3630000,3630000,"by construction","count",101,0.00278236914601493,FALSE
"OASI","Widow(er)s, aged and disabled",2025,3710789,3711000,3711000,3711000,"by construction","count",-211,-0.0056857989760184,FALSE
"OASI","Widow(er)s, aged and disabled",2026,3687000,3687000,3688000,3687000,"by construction","count",0,0,TRUE
"OASI","Widow(er)s, aged and disabled",2027,3657000,3657000,3657000,3657000,"by construction","count",0,0,TRUE
"OASI","Widow(er)s, aged and disabled",2028,3632000,3632000,3632000,3634000,"by construction","count",0,0,TRUE
"OASI","Widow(er)s, aged and disabled",2029,3607000,3607000,3606000,3611000,"by construction","count",4.65661287307739e-10,2.22044604925031e-14,TRUE
"OASI","Widow(er)s, aged and disabled",2030,3591000,3591000,3589000,3596000,"by construction","count",-4.65661287307739e-10,-1.11022302462516e-14,TRUE
"OASI","Widow(er)s, aged and disabled",2031,3576000,3576000,3572000,3584000,"by construction","count",0,0,TRUE
"OASI","Widow(er)s, aged and disabled",2032,3564000,3564000,3559000,3575000,"by construction","count",0,0,TRUE
"OASI","Widow(er)s, aged and disabled",2033,3553000,3553000,3546000,3567000,"by construction","count",0,0,TRUE
"OASI","Widow(er)s, aged and disabled",2034,3542000,3542000,3532000,3560000,"by construction","count",4.65661287307739e-10,2.22044604925031e-14,TRUE
"OASI","Widow(er)s, aged and disabled",2035,3533000,3533000,3521000,3555000,"by construction","count",9.31322574615479e-10,2.22044604925031e-14,TRUE
"OASI","Widow(er)s, aged and disabled",2036,3462000,3462000,3480000,3425000,"by construction","count",0,0,TRUE
"OASI","Widow(er)s, aged and disabled",2037,3414000,3414000,3436000,3370000,"by construction","count",0,0,TRUE
"OASI","Widow(er)s, aged and disabled",2038,3361000,3361000,3389000,3309000,"by construction","count",0,0,TRUE
"OASI","Widow(er)s, aged and disabled",2039,3314000,3314000,3346000,3255000,"by construction","count",0,0,TRUE
"OASI","Widow(er)s, aged and disabled",2040,3262000,3262000,3299000,3195000,"by construction","count",0,0,TRUE
"OASI","Widow(er)s, aged and disabled",2041,3210000,3210000,3252000,3137000,"by construction","count",0,0,TRUE
"OASI","Widow(er)s, aged and disabled",2042,3160000,3160000,3208000,3078000,"by construction","count",0,0,TRUE
"OASI","Widow(er)s, aged and disabled",2043,3110000,3110000,3163000,3022000,"by construction","count",0,0,TRUE
"OASI","Widow(er)s, aged and disabled",2044,3061000,3061000,3119000,2966000,"by construction","count",0,0,TRUE
"OASI","Widow(er)s, aged and disabled",2045,3010000,3010000,3072000,2908000,"by construction","count",-4.65661287307739e-10,-1.11022302462516e-14,TRUE
"OASI","Widow(er)s, aged and disabled",2046,2977000,2977000,3043000,2868000,"by construction","count",0,0,TRUE
"OASI","Widow(er)s, aged and disabled",2047,2944000,2944000,3015000,2829000,"by construction","count",0,0,TRUE
"OASI","Widow(er)s, aged and disabled",2048,2914000,2914000,2989000,2793000,"by construction","count",0,0,TRUE
"OASI","Widow(er)s, aged and disabled",2049,2884000,2884000,2963000,2758000,"by construction","count",0,0,TRUE
"OASI","Widow(er)s, aged and disabled",2050,2854000,2854000,2936000,2723000,"by construction","count",0,0,TRUE
"OASI","Widow(er)s, aged and disabled",2051,2827000,2827000,2914000,2692000,"by construction","count",0,0,TRUE
"OASI","Widow(er)s, aged and disabled",2052,2800000,2800000,2891000,2660000,"by construction","count",0,0,TRUE
"OASI","Widow(er)s, aged and disabled",2053,2775000,2775000,2869000,2631000,"by construction","count",0,0,TRUE
"OASI","Widow(er)s, aged and disabled",2054,2751000,2751000,2847000,2602000,"by construction","count",0,0,TRUE
"OASI","Widow(er)s, aged and disabled",2055,2727000,2727000,2826000,2575000,"by construction","count",0,0,TRUE
"OASI","Widow(er)s, aged and disabled",2056,2704000,2704000,2805000,2549000,"by construction","count",0,0,TRUE
"OASI","Widow(er)s, aged and disabled",2057,2683000,2683000,2786000,2524000,"by construction","count",0,0,TRUE
"OASI","Widow(er)s, aged and disabled",2058,2664000,2664000,2768000,2502000,"by construction","count",-4.65661287307739e-10,-2.22044604925031e-14,TRUE
"OASI","Widow(er)s, aged and disabled",2059,2646000,2646000,2751000,2482000,"by construction","count",0,0,TRUE
"OASI","Widow(er)s, aged and disabled",2060,2629000,2629000,2735000,2462000,"by construction","count",0,0,TRUE
"OASI","Widow(er)s, aged and disabled",2061,2615000,2615000,2721000,2446000,"by construction","count",0,0,TRUE
"OASI","Widow(er)s, aged and disabled",2062,2604000,2604000,2709000,2434000,"by construction","count",0,0,TRUE
"OASI","Widow(er)s, aged and disabled",2063,2595000,2595000,2700000,2425000,"by construction","count",0,0,TRUE
"OASI","Widow(er)s, aged and disabled",2064,2587000,2587000,2691000,2415000,"by construction","count",4.65661287307739e-10,2.22044604925031e-14,TRUE
"OASI","Widow(er)s, aged and disabled",2065,2579000,2579000,2683000,2407000,"by construction","count",0,0,TRUE
"OASI","Widow(er)s, aged and disabled",2066,2572000,2572000,2674000,2397000,"by construction","count",0,0,TRUE
"OASI","Widow(er)s, aged and disabled",2067,2565000,2565000,2667000,2389000,"by construction","count",0,0,TRUE
"OASI","Widow(er)s, aged and disabled",2068,2560000,2560000,2660000,2382000,"by construction","count",0,0,TRUE
"OASI","Widow(er)s, aged and disabled",2069,2557000,2557000,2655000,2377000,"by construction","count",0,0,TRUE
"OASI","Widow(er)s, aged and disabled",2070,2555000,2555000,2652000,2376000,"by construction","count",0,0,TRUE
"OASI","Widow(er)s, aged and disabled",2071,2552000,2552000,2646000,2373000,"by construction","count",0,0,TRUE
"OASI","Widow(er)s, aged and disabled",2072,2552000,2552000,2643000,2374000,"by construction","count",0,0,TRUE
"OASI","Widow(er)s, aged and disabled",2073,2546000,2546000,2635000,2369000,"by construction","count",-4.65661287307739e-10,-2.22044604925031e-14,TRUE
"OASI","Widow(er)s, aged and disabled",2074,2542000,2542000,2628000,2364000,"by construction","count",0,0,TRUE
"OASI","Widow(er)s, aged and disabled",2075,2536000,2536000,2620000,2359000,"by construction","count",0,0,TRUE
"OASI","Widow(er)s, aged and disabled",2076,2528000,2528000,2611000,2351000,"by construction","count",0,0,TRUE
"OASI","Widow(er)s, aged and disabled",2077,2522000,2522000,2602000,2344000,"by construction","count",0,0,TRUE
"OASI","Widow(er)s, aged and disabled",2078,2514000,2514000,2592000,2337000,"by construction","count",0,0,TRUE
"OASI","Widow(er)s, aged and disabled",2079,2505000,2505000,2582000,2327000,"by construction","count",0,0,TRUE
"OASI","Widow(er)s, aged and disabled",2080,2493000,2493000,2570000,2315000,"by construction","count",0,0,TRUE
"OASI","Widow(er)s, aged and disabled",2081,2480000,2480000,2556000,2298000,"by construction","count",0,0,TRUE
"OASI","Widow(er)s, aged and disabled",2082,2469000,2469000,2545000,2287000,"by construction","count",0,0,TRUE
"OASI","Widow(er)s, aged and disabled",2083,2459000,2459000,2533000,2275000,"by construction","count",-4.65661287307739e-10,-2.22044604925031e-14,TRUE
"OASI","Widow(er)s, aged and disabled",2084,2447000,2447000,2522000,2264000,"by construction","count",0,0,TRUE
"OASI","Widow(er)s, aged and disabled",2085,2435000,2435000,2509000,2251000,"by construction","count",0,0,TRUE
"OASI","Widow(er)s, aged and disabled",2086,2421000,2421000,2497000,2236000,"by construction","count",0,0,TRUE
"OASI","Widow(er)s, aged and disabled",2087,2410000,2410000,2487000,2223000,"by construction","count",0,0,TRUE
"OASI","Widow(er)s, aged and disabled",2088,2396000,2396000,2477000,2205000,"by construction","count",0,0,TRUE
"OASI","Widow(er)s, aged and disabled",2089,2381000,2381000,2468000,2183000,"by construction","count",-4.65661287307739e-10,-2.22044604925031e-14,TRUE
"OASI","Widow(er)s, aged and disabled",2090,2365000,2365000,2461000,2160000,"by construction","count",0,0,TRUE
"OASI","Widow(er)s, aged and disabled",2091,2349000,2349000,2455000,2131000,"by construction","count",0,0,TRUE
"OASI","Widow(er)s, aged and disabled",2092,2337000,2337000,2453000,2111000,"by construction","count",0,0,TRUE
"OASI","Widow(er)s, aged and disabled",2093,2326000,2326000,2454000,2092000,"by construction","count",0,0,TRUE
"OASI","Widow(er)s, aged and disabled",2094,2315000,2315000,2455000,2068000,"by construction","count",0,0,TRUE
"OASI","Widow(er)s, aged and disabled",2095,2303000,2303000,2458000,2044000,"by construction","count",4.65661287307739e-10,2.22044604925031e-14,TRUE
"OASI","Widow(er)s, aged and disabled",2096,2290000,2290000,2461000,2024000,"by construction","count",0,0,TRUE
"OASI","Widow(er)s, aged and disabled",2097,2280000,2280000,2465000,2001000,"by construction","count",0,0,TRUE
"OASI","Widow(er)s, aged and disabled",2098,2272000,2272000,2473000,1981000,"by construction","count",0,0,TRUE
"OASI","Widow(er)s, aged and disabled",2099,2262000,2262000,2479000,1958000,"by construction","count",4.65661287307739e-10,2.22044604925031e-14,TRUE
"OASI","Widow(er)s, aged and disabled",2100,2252000,2252000,2487000,1936000,"by construction","count",0,0,TRUE
"Model alone","Widow(er)s, aged and disabled (model alone)",2026,3687000,3687000,NA,NA,"out of sample","count",0,0,NA
"Model alone","Widow(er)s, aged and disabled (model alone)",2027,3657000,3657000,NA,NA,"out of sample","count",4.65661287307739e-10,2.22044604925031e-14,NA
"Model alone","Widow(er)s, aged and disabled (model alone)",2028,3632000,3632000,NA,NA,"out of sample","count",4.65661287307739e-10,2.22044604925031e-14,NA
"Model alone","Widow(er)s, aged and disabled (model alone)",2029,3607000,3607000,NA,NA,"out of sample","count",-4.65661287307739e-10,-1.11022302462516e-14,NA
"Model alone","Widow(er)s, aged and disabled (model alone)",2030,3591000,3591000,NA,NA,"out of sample","count",4.65661287307739e-10,2.22044604925031e-14,NA
"Model alone","Widow(er)s, aged and disabled (model alone)",2031,3576000,3576000,NA,NA,"out of sample","count",0,0,NA
"Model alone","Widow(er)s, aged and disabled (model alone)",2032,3564000,3564000,NA,NA,"out of sample","count",0,0,NA
"Model alone","Widow(er)s, aged and disabled (model alone)",2033,3553000,3553000,NA,NA,"out of sample","count",0,0,NA
"Model alone","Widow(er)s, aged and disabled (model alone)",2034,3542000,3542000,NA,NA,"out of sample","count",-4.65661287307739e-10,-1.11022302462516e-14,NA
"Model alone","Widow(er)s, aged and disabled (model alone)",2035,3533000,3533000,NA,NA,"out of sample","count",0,0,NA
"Model alone","Widow(er)s, aged and disabled (model alone)",2036,3498528.27010136,3462000,NA,NA,"out of sample","count",36528.27010136,1.05512045353438,NA
"Model alone","Widow(er)s, aged and disabled (model alone)",2037,3463672.01532017,3414000,NA,NA,"out of sample","count",49672.0153201749,1.45495065378367,NA
"Model alone","Widow(er)s, aged and disabled (model alone)",2038,3430506.15917755,3361000,NA,NA,"out of sample","count",69506.1591775469,2.0680202076033,NA
"Model alone","Widow(er)s, aged and disabled (model alone)",2039,3397756.06218004,3314000,NA,NA,"out of sample","count",83756.0621800446,2.52734043995306,NA
"Model alone","Widow(er)s, aged and disabled (model alone)",2040,3365442.15272097,3262000,NA,NA,"out of sample","count",103442.152720974,3.17112669285633,NA
"Model alone","Widow(er)s, aged and disabled (model alone)",2041,3336721.06843715,3210000,NA,NA,"out of sample","count",126721.068437154,3.94769683604841,NA
"Model alone","Widow(er)s, aged and disabled (model alone)",2042,3310499.16283461,3160000,NA,NA,"out of sample","count",150499.16283461,4.76263173527247,NA
"Model alone","Widow(er)s, aged and disabled (model alone)",2043,3285641.53058556,3110000,NA,NA,"out of sample","count",175641.53058556,5.64763763940705,NA
"Model alone","Widow(er)s, aged and disabled (model alone)",2044,3258176.37605733,3061000,NA,NA,"out of sample","count",197176.376057331,6.44156733281056,NA
"Model alone","Widow(er)s, aged and disabled (model alone)",2045,3228270.5226296,3010000,NA,NA,"out of sample","count",218270.522629603,7.25151237972101,NA
"Model alone","Widow(er)s, aged and disabled (model alone)",2046,3223109.65151706,2977000,NA,NA,"out of sample","count",246109.651517058,8.26703565727436,NA
"Model alone","Widow(er)s, aged and disabled (model alone)",2047,3215048.29947485,2944000,NA,NA,"out of sample","count",271048.299474845,9.20680365064013,NA
"Model alone","Widow(er)s, aged and disabled (model alone)",2048,3205927.95440413,2914000,NA,NA,"out of sample","count",291927.95440413,10.0181178587553,NA
"Model alone","Widow(er)s, aged and disabled (model alone)",2049,3196021.13493554,2884000,NA,NA,"out of sample","count",312021.13493554,10.8190407397899,NA
"Model alone","Widow(er)s, aged and disabled (model alone)",2050,3186721.90625158,2854000,NA,NA,"out of sample","count",332721.906251579,11.6580906184856,NA
"Model alone","Widow(er)s, aged and disabled (model alone)",2051,3178327.79231843,2827000,NA,NA,"out of sample","count",351327.792318429,12.4275837395978,NA
"Model alone","Widow(er)s, aged and disabled (model alone)",2052,3168420.34516437,2800000,NA,NA,"out of sample","count",368420.345164369,13.157869470156,NA
"Model alone","Widow(er)s, aged and disabled (model alone)",2053,3157506.48483133,2775000,NA,NA,"out of sample","count",382506.484831335,13.7840174713994,NA
"Model alone","Widow(er)s, aged and disabled (model alone)",2054,3147559.69971223,2751000,NA,NA,"out of sample","count",396559.699712234,14.4151108583146,NA
"Model alone","Widow(er)s, aged and disabled (model alone)",2055,3136601.88352766,2727000,NA,NA,"out of sample","count",409601.883527664,15.020237753123,NA
"Model alone","Widow(er)s, aged and disabled (model alone)",2056,3125825.50418587,2704000,NA,NA,"out of sample","count",421825.504185868,15.6000556281756,NA
"Model alone","Widow(er)s, aged and disabled (model alone)",2057,3113151.29072673,2683000,NA,NA,"out of sample","count",430151.290726725,16.0324744959644,NA
"Model alone","Widow(er)s, aged and disabled (model alone)",2058,3101128.06793995,2664000,NA,NA,"out of sample","count",437128.067939946,16.408711259007,NA
"Model alone","Widow(er)s, aged and disabled (model alone)",2059,3086638.92457087,2646000,NA,NA,"out of sample","count",440638.924570869,16.6530205809096,NA
"Model alone","Widow(er)s, aged and disabled (model alone)",2060,3069199.56700462,2629000,NA,NA,"out of sample","count",440199.567004622,16.7439926589814,NA
"Model alone","Widow(er)s, aged and disabled (model alone)",2061,3048666.48849892,2615000,NA,NA,"out of sample","count",433666.488498925,16.5838045315076,NA
"Model alone","Widow(er)s, aged and disabled (model alone)",2062,3031951.9316419,2604000,NA,NA,"out of sample","count",427951.931641898,16.4344059770314,NA
"Model alone","Widow(er)s, aged and disabled (model alone)",2063,3019538.71483243,2595000,NA,NA,"out of sample","count",424538.714832433,16.3598734039473,NA
"Model alone","Widow(er)s, aged and disabled (model alone)",2064,3009399.64980638,2587000,NA,NA,"out of sample","count",422399.64980638,16.3277792735361,NA
"Model alone","Widow(er)s, aged and disabled (model alone)",2065,2997455.01347793,2579000,NA,NA,"out of sample","count",418455.013477928,16.2254755129092,NA
"Model alone","Widow(er)s, aged and disabled (model alone)",2066,2988041.35730927,2572000,NA,NA,"out of sample","count",416041.357309271,16.17579149725,NA
"Model alone","Widow(er)s, aged and disabled (model alone)",2067,2978876.68152026,2565000,NA,NA,"out of sample","count",413876.68152026,16.1355431391914,NA
"Model alone","Widow(er)s, aged and disabled (model alone)",2068,2971879.63706521,2560000,NA,NA,"out of sample","count",411879.637065206,16.0890483228596,NA
"Model alone","Widow(er)s, aged and disabled (model alone)",2069,2960355.5478063,2557000,NA,NA,"out of sample","count",403355.547806296,15.7745619009111,NA
"Model alone","Widow(er)s, aged and disabled (model alone)",2070,2953243.29256937,2555000,NA,NA,"out of sample","count",398243.292569365,15.586821626981,NA
"Model alone","Widow(er)s, aged and disabled (model alone)",2071,2944419.19655314,2552000,NA,NA,"out of sample","count",392419.196553135,15.3769277646213,NA
"Model alone","Widow(er)s, aged and disabled (model alone)",2072,2939645.67067126,2552000,NA,NA,"out of sample","count",387645.670671256,15.1898773774003,NA
"Model alone","Widow(er)s, aged and disabled (model alone)",2073,2935890.58022105,2546000,NA,NA,"out of sample","count",389890.580221051,15.3138483983131,NA
"Model alone","Widow(er)s, aged and disabled (model alone)",2074,2931966.36503175,2542000,NA,NA,"out of sample","count",389966.365031749,15.3409270272128,NA
"Model alone","Widow(er)s, aged and disabled (model alone)",2075,2927422.70585943,2536000,NA,NA,"out of sample","count",391422.705859427,15.4346492846777,NA
"Model alone","Widow(er)s, aged and disabled (model alone)",2076,2923371.98668696,2528000,NA,NA,"out of sample","count",395371.986686956,15.6397146632498,NA
"Model alone","Widow(er)s, aged and disabled (model alone)",2077,2918485.94656999,2522000,NA,NA,"out of sample","count",396485.946569988,15.7210922509908,NA
"Model alone","Widow(er)s, aged and disabled (model alone)",2078,2911914.55742623,2514000,NA,NA,"out of sample","count",397914.557426234,15.8279458005662,NA
"Model alone","Widow(er)s, aged and disabled (model alone)",2079,2905217.83016322,2505000,NA,NA,"out of sample","count",400217.830163219,15.9767596871545,NA
"Model alone","Widow(er)s, aged and disabled (model alone)",2080,2897235.67224274,2493000,NA,NA,"out of sample","count",404235.672242739,16.2148284092555,NA
"Model alone","Widow(er)s, aged and disabled (model alone)",2081,2888811.4999372,2480000,NA,NA,"out of sample","count",408811.499937196,16.4843346748869,NA
"Model alone","Widow(er)s, aged and disabled (model alone)",2082,2877704.81953025,2469000,NA,NA,"out of sample","count",408704.819530251,16.5534556310349,NA
"Model alone","Widow(er)s, aged and disabled (model alone)",2083,2865768.39642665,2459000,NA,NA,"out of sample","count",406768.396426652,16.5420250681843,NA
"Model alone","Widow(er)s, aged and disabled (model alone)",2084,2852665.27515287,2447000,NA,NA,"out of sample","count",405665.275152874,16.5780660054301,NA
"Model alone","Widow(er)s, aged and disabled (model alone)",2085,2839705.60029023,2435000,NA,NA,"out of sample","count",404705.60029023,16.6203531946706,NA
"Model alone","Widow(er)s, aged and disabled (model alone)",2086,2827599.08934008,2421000,NA,NA,"out of sample","count",406599.089340081,16.7946753135102,NA
"Model alone","Widow(er)s, aged and disabled (model alone)",2087,2814412.83302035,2410000,NA,NA,"out of sample","count",404412.83302035,16.7806154780228,NA
"Model alone","Widow(er)s, aged and disabled (model alone)",2088,2802617.70929789,2396000,NA,NA,"out of sample","count",406617.709297893,16.9706890358052,NA
"Model alone","Widow(er)s, aged and disabled (model alone)",2089,2790760.42612034,2381000,NA,NA,"out of sample","count",409760.426120338,17.2095937051801,NA
"Model alone","Widow(er)s, aged and disabled (model alone)",2090,2778594.87455999,2365000,NA,NA,"out of sample","count",413594.874559992,17.4881553725155,NA
"Model alone","Widow(er)s, aged and disabled (model alone)",2091,2766862.58067656,2349000,NA,NA,"out of sample","count",417862.580676562,17.788956180356,NA
"Model alone","Widow(er)s, aged and disabled (model alone)",2092,2754595.57761292,2337000,NA,NA,"out of sample","count",417595.57761292,17.8688736676474,NA
"Model alone","Widow(er)s, aged and disabled (model alone)",2093,2742076.34594347,2326000,NA,NA,"out of sample","count",416076.345943467,17.8880630242247,NA
"Model alone","Widow(er)s, aged and disabled (model alone)",2094,2730963.84550907,2315000,NA,NA,"out of sample","count",415963.845509067,17.9682006699381,NA
"Model alone","Widow(er)s, aged and disabled (model alone)",2095,2717992.52766856,2303000,NA,NA,"out of sample","count",414992.527668559,18.0196494862596,NA
"Model alone","Widow(er)s, aged and disabled (model alone)",2096,2707082.90804543,2290000,NA,NA,"out of sample","count",417082.90804543,18.2132274255646,NA
"Model alone","Widow(er)s, aged and disabled (model alone)",2097,2699500.96453855,2280000,NA,NA,"out of sample","count",419500.964538548,18.3991651113398,NA
"Model alone","Widow(er)s, aged and disabled (model alone)",2098,2690142.63216496,2272000,NA,NA,"out of sample","count",418142.632164958,18.4041651481055,NA
"Model alone","Widow(er)s, aged and disabled (model alone)",2099,2680947.31373526,2262000,NA,NA,"out of sample","count",418947.313735258,18.5211014029734,NA
"Model alone","Widow(er)s, aged and disabled (model alone)",2100,2674609.19886151,2252000,NA,NA,"out of sample","count",422609.198861512,18.7659502158753,NA
"OASI","OASI beneficiaries, total",2025,62286453,62286000,62286000,62286000,"calibrated","count",453,0.000727290241786527,FALSE
"OASI","OASI beneficiaries, total",2026,63821988.9863422,63822000,63814000,63835000,"calibrated","count",-11.0136578008533,-1.72568358935976e-05,TRUE
"OASI","OASI beneficiaries, total",2027,65355990.2115163,65355000,65334000,65392000,"calibrated","count",990.211516328156,0.00151512740620419,TRUE
"OASI","OASI beneficiaries, total",2028,66770001.8669197,66769000,66727000,66840000,"calibrated","count",1001.86691974849,0.00150049711655775,TRUE
"OASI","OASI beneficiaries, total",2029,68055000.9451972,68055000,67986000,68171000,"calibrated","count",0.945197179913521,1.38887250589192e-06,TRUE
"OASI","OASI beneficiaries, total",2030,69237000.4971512,69237000,69133000,69406000,"calibrated","count",0.497151151299477,7.1804260315389e-07,TRUE
"OASI","OASI beneficiaries, total",2031,70305000.2582176,70304000,70159000,70538000,"calibrated","count",1000.25821757317,0.00142276146104514,TRUE
"OASI","OASI beneficiaries, total",2032,71239000.1269489,71239000,71045000,71548000,"calibrated","count",0.126948922872543,1.78201431388914e-07,TRUE
"OASI","OASI beneficiaries, total",2033,72034000.0441156,72033000,71784000,72428000,"calibrated","count",1000.04411558807,0.00138831385001481,TRUE
"OASI","OASI beneficiaries, total",2034,72701000.0074979,72700000,72389000,73192000,"calibrated","count",1000.00749790668,0.00137552613193037,TRUE
"OASI","OASI beneficiaries, total",2035,73274088.1991522,73274000,72893000,73874000,"calibrated","count",88.1991522461176,0.000120368960665473,TRUE
"OASI","OASI beneficiaries, total",2036,73700770.1647172,73733000,73097000,74648000,"out of sample","count",-32229.8352827579,-0.0437115474519634,TRUE
"OASI","OASI beneficiaries, total",2037,74132234.9509525,74246000,73496000,75323000,"out of sample","count",-113765.049047485,-0.153227175938753,TRUE
"OASI","OASI beneficiaries, total",2038,74433880.4180541,74663000,73796000,75907000,"out of sample","count",-229119.581945851,-0.306871652553276,TRUE
"OASI","OASI beneficiaries, total",2039,74651218.0474782,74970000,73984000,76383000,"out of sample","count",-318781.952521756,-0.425212688437715,TRUE
"OASI","OASI beneficiaries, total",2040,74799045.4409492,75189000,74102000,76777000,"out of sample","count",-389954.559050828,-0.518632458272927,TRUE
"OASI","OASI beneficiaries, total",2041,74935817.0445276,75388000,74197000,77154000,"out of sample","count",-452182.95547238,-0.599807602632219,TRUE
"OASI","OASI beneficiaries, total",2042,75066331.441011,75598000,74291000,77549000,"out of sample","count",-531668.558988988,-0.703283895062023,TRUE
"OASI","OASI beneficiaries, total",2043,75174777.9059101,75779000,74372000,77915000,"out of sample","count",-604222.094089895,-0.797347674276372,TRUE
"OASI","OASI beneficiaries, total",2044,75348263.7230939,75992000,74494000,78316000,"out of sample","count",-643736.276906073,-0.847110586517097,TRUE
"OASI","OASI beneficiaries, total",2045,75534978.0582524,76206000,74614000,78725000,"out of sample","count",-671021.941747621,-0.880536889152583,TRUE
"OASI","OASI beneficiaries, total",2046,75771061.5202476,76407000,74712000,79119000,"out of sample","count",-635938.479752421,-0.832303950884627,TRUE
"OASI","OASI beneficiaries, total",2047,76086957.8345803,76683000,74887000,79590000,"out of sample","count",-596042.165419653,-0.777280708135641,TRUE
"OASI","OASI beneficiaries, total",2048,76380973.7270036,76925000,75038000,80027000,"out of sample","count",-544026.272996411,-0.707216474483474,TRUE
"OASI","OASI beneficiaries, total",2049,76724710.9083586,77217000,75228000,80522000,"out of sample","count",-492289.091641396,-0.637539779635832,TRUE
"OASI","OASI beneficiaries, total",2050,77087298.0335605,77519000,75432000,81004000,"out of sample","count",-431701.966439486,-0.556898265508432,TRUE
"OASI","OASI beneficiaries, total",2051,77483036.3181141,77873000,75680000,81542000,"out of sample","count",-389963.681885853,-0.500768792631401,TRUE
"OASI","OASI beneficiaries, total",2052,77950866.5290051,78290000,75990000,82153000,"out of sample","count",-339133.47099489,-0.433175975213806,TRUE
"OASI","OASI beneficiaries, total",2053,78437536.6290919,78723000,76316000,82770000,"out of sample","count",-285463.370908082,-0.362617495405515,TRUE
"OASI","OASI beneficiaries, total",2054,78954882.6772727,79197000,76687000,83426000,"out of sample","count",-242117.322727323,-0.305715270436158,TRUE
"OASI","OASI beneficiaries, total",2055,79526309.2896362,79732000,77122000,84134000,"out of sample","count",-205690.71036382,-0.257977612958182,TRUE
"OASI","OASI beneficiaries, total",2056,80126306.9104809,80313000,77597000,84888000,"out of sample","count",-186693.089519054,-0.232456874377818,TRUE
"OASI","OASI beneficiaries, total",2057,80767543.5029722,80944000,78119000,85695000,"out of sample","count",-176456.49702777,-0.217998242028772,TRUE
"OASI","OASI beneficiaries, total",2058,81393689.2510002,81566000,78637000,86485000,"out of sample","count",-172310.748999774,-0.211253155726376,TRUE
"OASI","OASI beneficiaries, total",2059,82008579.229306,82185000,79148000,87262000,"out of sample","count",-176420.770694032,-0.214662980706981,TRUE
"OASI","OASI beneficiaries, total",2060,82605416.5562159,82790000,79651000,88018000,"out of sample","count",-184583.443784073,-0.222953791259906,TRUE
"OASI","OASI beneficiaries, total",2061,83197793.3308121,83373000,80131000,88749000,"out of sample","count",-175206.669187918,-0.210147972590546,TRUE
"OASI","OASI beneficiaries, total",2062,83787402.2834419,83949000,80605000,89481000,"out of sample","count",-161597.716558143,-0.192495106026447,TRUE
"OASI","OASI beneficiaries, total",2063,84374136.3960047,84514000,81062000,90184000,"out of sample","count",-139863.603995308,-0.165491639249482,TRUE
"OASI","OASI beneficiaries, total",2064,84942150.2208545,85062000,81509000,90876000,"out of sample","count",-119849.779145539,-0.140896968264959,TRUE
"OASI","OASI beneficiaries, total",2065,85546138.3639735,85632000,81974000,91594000,"out of sample","count",-85861.636026457,-0.10026816613703,TRUE
"OASI","OASI beneficiaries, total",2066,86150913.6573408,86199000,82435000,92304000,"out of sample","count",-48086.3426591605,-0.0557852674151205,TRUE
"OASI","OASI beneficiaries, total",2067,86793123.7007527,86796000,82920000,93050000,"out of sample","count",-2876.29924726486,-0.00331386152272461,TRUE
"OASI","OASI beneficiaries, total",2068,87428909.7430525,87384000,83398000,93783000,"out of sample","count",44909.7430525422,0.0513935537999499,TRUE
"OASI","OASI beneficiaries, total",2069,88073018.7111027,87978000,83880000,94524000,"out of sample","count",95018.7111027241,0.108002808773477,TRUE
"OASI","OASI beneficiaries, total",2070,88738389.1281096,88590000,84374000,95277000,"out of sample","count",148389.128109589,0.167500991206215,TRUE
"OASI","OASI beneficiaries, total",2071,89379999.8962084,89180000,84854000,96003000,"out of sample","count",199999.896208391,0.224265414003577,TRUE
"OASI","OASI beneficiaries, total",2072,90007243.3793503,89763000,85323000,96720000,"out of sample","count",244243.37935026,0.272098057496151,TRUE
"OASI","OASI beneficiaries, total",2073,90631406.1894815,90343000,85790000,97435000,"out of sample","count",288406.189481542,0.319234682799485,TRUE
"OASI","OASI beneficiaries, total",2074,91242323.2349052,90911000,86240000,98143000,"out of sample","count",331323.234905213,0.364447904989729,TRUE
"OASI","OASI beneficiaries, total",2075,91817644.0344041,91439000,86649000,98806000,"out of sample","count",378644.034404129,0.414094679955079,TRUE
"OASI","OASI beneficiaries, total",2076,92322644.9206809,91900000,86997000,99394000,"out of sample","count",422644.920680881,0.459896540457971,TRUE
"OASI","OASI beneficiaries, total",2077,92803914.2001254,92336000,87319000,99955000,"out of sample","count",467914.200125426,0.506751646297676,TRUE
"OASI","OASI beneficiaries, total",2078,93233250.7452381,92715000,87592000,100456000,"out of sample","count",518250.745238066,0.558971844079248,TRUE
"OASI","OASI beneficiaries, total",2079,93628609.678737,93054000,87827000,100910000,"out of sample","count",574609.678737,0.61750132045586,TRUE
"OASI","OASI beneficiaries, total",2080,93990964.859202,93362000,88032000,101326000,"out of sample","count",628964.859201953,0.673684003343933,TRUE
"OASI","OASI beneficiaries, total",2081,94338981.4213398,93652000,88220000,101721000,"out of sample","count",686981.421339765,0.733546983876221,TRUE
"OASI","OASI beneficiaries, total",2082,94651058.0466476,93905000,88372000,102075000,"out of sample","count",746058.046647623,0.794481706669115,TRUE
"OASI","OASI beneficiaries, total",2083,94922143.3933624,94114000,88481000,102388000,"out of sample","count",808143.393362373,0.858685629515654,TRUE
"OASI","OASI beneficiaries, total",2084,95144610.2576683,94271000,88546000,102633000,"out of sample","count",873610.257668316,0.92670095540337,TRUE
"OASI","OASI beneficiaries, total",2085,95294505.1850611,94365000,88550000,102811000,"out of sample","count",929505.185061112,0.985010528332664,TRUE
"OASI","OASI beneficiaries, total",2086,95415265.6406111,94422000,88517000,102949000,"out of sample","count",993265.640611097,1.05194302240059,TRUE
"OASI","OASI beneficiaries, total",2087,95467792.6003792,94410000,88424000,103013000,"out of sample","count",1057792.6003792,1.12042431985933,TRUE
"OASI","OASI beneficiaries, total",2088,95504277.7181848,94377000,88321000,103036000,"out of sample","count",1127277.71818478,1.19444114369474,TRUE
"OASI","OASI beneficiaries, total",2089,95531990.6814383,94328000,88216000,103014000,"out of sample","count",1203990.68143828,1.27638737324896,TRUE
"OASI","OASI beneficiaries, total",2090,95513090.6303987,94231000,88087000,102916000,"out of sample","count",1282090.63039872,1.36058264307788,TRUE
"OASI","OASI beneficiaries, total",2091,95518376.0749588,94149000,88007000,102804000,"out of sample","count",1369376.07495877,1.45447755680759,TRUE
"OASI","OASI beneficiaries, total",2092,95520479.1503301,94068000,87962000,102659000,"out of sample","count",1452479.15033008,1.54407359604762,TRUE
"OASI","OASI beneficiaries, total",2093,95520208.3029268,93979000,87974000,102437000,"out of sample","count",1541208.30292682,1.63994967272139,TRUE
"OASI","OASI beneficiaries, total",2094,95529928.8462007,93894000,88055000,102150000,"out of sample","count",1635928.84620066,1.74231457409488,TRUE
"OASI","OASI beneficiaries, total",2095,95543441.4263826,93819000,88205000,101811000,"out of sample","count",1724441.4263826,1.83805138232405,TRUE
"OASI","OASI beneficiaries, total",2096,95567260.0338224,93754000,88427000,101408000,"out of sample","count",1813260.03382236,1.93406151611917,TRUE
"OASI","OASI beneficiaries, total",2097,95603483.7159682,93712000,88728000,100977000,"out of sample","count",1891483.71596818,2.01840075547228,TRUE
"OASI","OASI beneficiaries, total",2098,95664301.7852808,93693000,89106000,100515000,"out of sample","count",1971301.78528084,2.10400113699085,TRUE
"OASI","OASI beneficiaries, total",2099,95747838.7163453,93700000,89559000,100029000,"out of sample","count",2047838.71634533,2.18552691178797,TRUE
"OASI","OASI beneficiaries, total",2100,95857227.9280633,93741000,90085000,99528000,"out of sample","count",2116227.92806329,2.25752651247937,TRUE
"All beneficiaries","OASI beneficiaries, June 30 (December average)",2026,63054220.9931711,63232000,63227000,63240000,"calibrated","count",-177779.006828904,-0.281153540658063,FALSE
"All beneficiaries","OASI beneficiaries, June 30 (December average)",2027,64588989.5989293,64662000,64647000,64689000,"calibrated","count",-73010.4010707363,-0.112910830272395,FALSE
"All beneficiaries","OASI beneficiaries, June 30 (December average)",2028,66062996.039218,66129000,66096000,66185000,"calibrated","count",-66003.9607819617,-0.0998109162121952,FALSE
"All beneficiaries","OASI beneficiaries, June 30 (December average)",2029,67412501.4060585,67472000,67414000,67568000,"calibrated","count",-59498.5939415395,-0.0881826445659484,FALSE
"All beneficiaries","OASI beneficiaries, June 30 (December average)",2030,68646000.7211742,68700000,68610000,68845000,"calibrated","count",-53999.2788258344,-0.0786015703432841,TRUE
"All beneficiaries","OASI beneficiaries, June 30 (December average)",2031,69771000.3776844,69818000,69690000,70023000,"calibrated","count",-46999.6223156452,-0.0673173426847584,TRUE
"All beneficiaries","OASI beneficiaries, June 30 (December average)",2032,70772000.1925832,70811000,70639000,71088000,"calibrated","count",-38999.807416752,-0.0550759167597614,TRUE
"All beneficiaries","OASI beneficiaries, June 30 (December average)",2033,71636500.0855322,71668000,71443000,72026000,"calibrated","count",-31499.914467752,-0.0439525513028838,TRUE
"All beneficiaries","OASI beneficiaries, June 30 (December average)",2034,72367500.0258068,72392000,72107000,72842000,"calibrated","count",-24499.9741932452,-0.0338434829722178,TRUE
"All beneficiaries","OASI beneficiaries, June 30 (December average)",2035,72987544.1033251,73008000,72656000,73560000,"calibrated","count",-20455.896674931,-0.0280187057239312,TRUE
"All beneficiaries","OASI beneficiaries, June 30 (December average)",2036,73487429.1819347,73463000,72884000,74306000,"out of sample","count",24429.1819347441,0.0332537221931384,TRUE
"All beneficiaries","OASI beneficiaries, June 30 (December average)",2037,73916502.5578349,73990000,73297000,74986000,"out of sample","count",-73497.4421651214,-0.0993342913435891,TRUE
"All beneficiaries","OASI beneficiaries, June 30 (December average)",2038,74283057.6845033,74455000,73646000,75615000,"out of sample","count",-171942.315496668,-0.230934545022721,TRUE
"All beneficiaries","OASI beneficiaries, June 30 (December average)",2039,74542549.2327662,74816000,73890000,76145000,"out of sample","count",-273450.767233804,-0.365497710695306,TRUE
"All beneficiaries","OASI beneficiaries, June 30 (December average)",2040,74725131.7442137,75080000,74043000,76580000,"out of sample","count",-354868.2557863,-0.472653510637056,TRUE
"All beneficiaries","OASI beneficiaries, June 30 (December average)",2041,74867431.2427384,75289000,74149000,76966000,"out of sample","count",-421568.757261604,-0.559934063756462,TRUE
"All beneficiaries","OASI beneficiaries, June 30 (December average)",2042,75001074.2427693,75493000,74244000,77351000,"out of sample","count",-491925.757230684,-0.651617709232222,TRUE
"All beneficiaries","OASI beneficiaries, June 30 (December average)",2043,75120554.6734606,75688000,74332000,77732000,"out of sample","count",-567445.326539442,-0.749716370546771,TRUE
"All beneficiaries","OASI beneficiaries, June 30 (December average)",2044,75261520.814502,75886000,74433000,78115000,"out of sample","count",-624479.185497984,-0.822917515085764,TRUE
"All beneficiaries","OASI beneficiaries, June 30 (December average)",2045,75441620.8906732,76099000,74554000,78520000,"out of sample","count",-657379.109326839,-0.863847237581095,TRUE
"All beneficiaries","OASI beneficiaries, June 30 (December average)",2046,75653019.78925,76307000,74663000,78922000,"out of sample","count",-653980.210750014,-0.85703829366901,TRUE
"All beneficiaries","OASI beneficiaries, June 30 (December average)",2047,75929009.677414,76545000,74800000,79354000,"out of sample","count",-615990.32258603,-0.804742729879193,TRUE
"All beneficiaries","OASI beneficiaries, June 30 (December average)",2048,76233965.780792,76804000,74962000,79808000,"out of sample","count",-570034.219208032,-0.742193400354185,TRUE
"All beneficiaries","OASI beneficiaries, June 30 (December average)",2049,76552842.3176811,77071000,75133000,80274000,"out of sample","count",-518157.682318896,-0.672312130787056,TRUE
"All beneficiaries","OASI beneficiaries, June 30 (December average)",2050,76906004.4709596,77368000,75330000,80763000,"out of sample","count",-461995.529040441,-0.597140328094869,TRUE
"All beneficiaries","OASI beneficiaries, June 30 (December average)",2051,77285167.1758373,77696000,75556000,81273000,"out of sample","count",-410832.824162662,-0.528769594525669,TRUE
"All beneficiaries","OASI beneficiaries, June 30 (December average)",2052,77716951.4235596,78082000,75835000,81848000,"out of sample","count",-365048.576440364,-0.467519500576785,TRUE
"All beneficiaries","OASI beneficiaries, June 30 (December average)",2053,78194201.5790485,78506000,76153000,82462000,"out of sample","count",-311798.420951486,-0.397165084135587,TRUE
"All beneficiaries","OASI beneficiaries, June 30 (December average)",2054,78696209.6531823,78960000,76502000,83098000,"out of sample","count",-263790.346817702,-0.334080986344609,TRUE
"All beneficiaries","OASI beneficiaries, June 30 (December average)",2055,79240595.9834544,79465000,76904000,83780000,"out of sample","count",-224404.016545564,-0.282393527396418,TRUE
"All beneficiaries","OASI beneficiaries, June 30 (December average)",2056,79826308.1000586,80022000,77359000,84511000,"out of sample","count",-195691.899941444,-0.244547624330116,TRUE
"All beneficiaries","OASI beneficiaries, June 30 (December average)",2057,80446925.2067266,80628000,77858000,85291000,"out of sample","count",-181074.793273419,-0.224580534396757,TRUE
"All beneficiaries","OASI beneficiaries, June 30 (December average)",2058,81080616.3769862,81255000,78378000,86090000,"out of sample","count",-174383.623013765,-0.214612790614443,TRUE
"All beneficiaries","OASI beneficiaries, June 30 (December average)",2059,81701134.2401531,81876000,78893000,86874000,"out of sample","count",-174865.759846896,-0.213573892040275,TRUE
"All beneficiaries","OASI beneficiaries, June 30 (December average)",2060,82306997.8927609,82488000,79400000,87640000,"out of sample","count",-181002.107239053,-0.219428410482803,TRUE
"All beneficiaries","OASI beneficiaries, June 30 (December average)",2061,82901604.943514,83081000,79891000,88384000,"out of sample","count",-179395.056485996,-0.215927897456691,TRUE
"All beneficiaries","OASI beneficiaries, June 30 (December average)",2062,83492597.807127,83661000,80368000,89115000,"out of sample","count",-168402.192873031,-0.201291154627636,TRUE
"All beneficiaries","OASI beneficiaries, June 30 (December average)",2063,84080769.3397233,84232000,80834000,89833000,"out of sample","count",-151230.660276726,-0.179540626218921,TRUE
"All beneficiaries","OASI beneficiaries, June 30 (December average)",2064,84658143.3084296,84788000,81285000,90530000,"out of sample","count",-129856.691570431,-0.153154563818503,TRUE
"All beneficiaries","OASI beneficiaries, June 30 (December average)",2065,85244144.292414,85347000,81741000,91235000,"out of sample","count",-102855.70758599,-0.12051473113992,TRUE
"All beneficiaries","OASI beneficiaries, June 30 (December average)",2066,85848526.0106572,85915000,82204000,91949000,"out of sample","count",-66473.9893428087,-0.0773718085815167,TRUE
"All beneficiaries","OASI beneficiaries, June 30 (December average)",2067,86472018.6790468,86497000,82678000,92677000,"out of sample","count",-24981.3209532201,-0.0288811414884016,TRUE
"All beneficiaries","OASI beneficiaries, June 30 (December average)",2068,87111016.7219026,87090000,83159000,93416000,"out of sample","count",21016.7219026387,0.0241321872805678,TRUE
"All beneficiaries","OASI beneficiaries, June 30 (December average)",2069,87750964.2270776,87681000,83639000,94153000,"out of sample","count",69964.2270776331,0.0797940569537747,TRUE
"All beneficiaries","OASI beneficiaries, June 30 (December average)",2070,88405703.9196061,88284000,84127000,94900000,"out of sample","count",121703.919606149,0.13785501291983,TRUE
"All beneficiaries","OASI beneficiaries, June 30 (December average)",2071,89059194.512159,88885000,84614000,95640000,"out of sample","count",174194.51215899,0.195977400190128,TRUE
"All beneficiaries","OASI beneficiaries, June 30 (December average)",2072,89693621.6377793,89471000,85089000,96362000,"out of sample","count",222621.637779325,0.24881988329104,TRUE
"All beneficiaries","OASI beneficiaries, June 30 (December average)",2073,90319324.7844159,90053000,85557000,97077000,"out of sample","count",266324.784415901,0.295742267793297,TRUE
"All beneficiaries","OASI beneficiaries, June 30 (December average)",2074,90936864.7121934,90627000,86015000,97789000,"out of sample","count",309864.71219337,0.341912136773104,TRUE
"All beneficiaries","OASI beneficiaries, June 30 (December average)",2075,91529983.6346547,91175000,86445000,98475000,"out of sample","count",354983.634654671,0.389343169349798,TRUE
"All beneficiaries","OASI beneficiaries, June 30 (December average)",2076,92070144.4775425,91670000,86823000,99100000,"out of sample","count",400144.477542505,0.43650537530544,TRUE
"All beneficiaries","OASI beneficiaries, June 30 (December average)",2077,92563279.5604032,92118000,87158000,99675000,"out of sample","count",445279.560403153,0.483379535381956,TRUE
"All beneficiaries","OASI beneficiaries, June 30 (December average)",2078,93018582.4726817,92526000,87455000,100206000,"out of sample","count",492582.472681746,0.532371952404453,TRUE
"All beneficiaries","OASI beneficiaries, June 30 (December average)",2079,93430930.2119875,92884000,87709000,100683000,"out of sample","count",546930.211987525,0.588831458580086,TRUE
"All beneficiaries","OASI beneficiaries, June 30 (December average)",2080,93809787.2689695,93208000,87929000,101118000,"out of sample","count",601787.268969476,0.645639074939353,TRUE
"All beneficiaries","OASI beneficiaries, June 30 (December average)",2081,94164973.1402709,93507000,88126000,101523000,"out of sample","count",657973.140270859,0.703661907954345,TRUE
"All beneficiaries","OASI beneficiaries, June 30 (December average)",2082,94495019.7339937,93778000,88296000,101898000,"out of sample","count",717019.733993694,0.764592691242827,TRUE
"All beneficiaries","OASI beneficiaries, June 30 (December average)",2083,94786600.720005,94009000,88426000,102231000,"out of sample","count",777600.720005006,0.827155612765806,TRUE
"All beneficiaries","OASI beneficiaries, June 30 (December average)",2084,95033376.8255153,94193000,88513000,102510000,"out of sample","count",840376.825515345,0.892186070637258,TRUE
"All beneficiaries","OASI beneficiaries, June 30 (December average)",2085,95219557.7213647,94318000,88548000,102722000,"out of sample","count",901557.721364707,0.955870270112502,TRUE
"All beneficiaries","OASI beneficiaries, June 30 (December average)",2086,95354885.4128361,94393000,88534000,102880000,"out of sample","count",961885.412836105,1.01902197497283,TRUE
"All beneficiaries","OASI beneficiaries, June 30 (December average)",2087,95441529.1204951,94416000,88471000,102981000,"out of sample","count",1025529.12049514,1.08618149518636,TRUE
"All beneficiaries","OASI beneficiaries, June 30 (December average)",2088,95486035.159282,94394000,88373000,103025000,"out of sample","count",1092035.159282,1.15689043719092,TRUE
"All beneficiaries","OASI beneficiaries, June 30 (December average)",2089,95518134.1998115,94353000,88269000,103025000,"out of sample","count",1165134.19981153,1.2348671476387,TRUE
"All beneficiaries","OASI beneficiaries, June 30 (December average)",2090,95522540.6559185,94279000,88152000,102965000,"out of sample","count",1243540.65591851,1.31900068511388,TRUE
"All beneficiaries","OASI beneficiaries, June 30 (December average)",2091,95515733.3526787,94190000,88047000,102860000,"out of sample","count",1325733.35267875,1.40750966416683,TRUE
"All beneficiaries","OASI beneficiaries, June 30 (December average)",2092,95519427.6126444,94108000,87984000,102731000,"out of sample","count",1411427.61264443,1.49979556748039,TRUE
"All beneficiaries","OASI beneficiaries, June 30 (December average)",2093,95520343.7266285,94023000,87968000,102548000,"out of sample","count",1497343.72662845,1.59252919671617,TRUE
"All beneficiaries","OASI beneficiaries, June 30 (December average)",2094,95525068.5745637,93937000,88015000,102294000,"out of sample","count",1588068.57456374,1.69056769384135,TRUE
"All beneficiaries","OASI beneficiaries, June 30 (December average)",2095,95536685.1362916,93857000,88130000,101981000,"out of sample","count",1679685.13629162,1.78962159060232,TRUE
"All beneficiaries","OASI beneficiaries, June 30 (December average)",2096,95555350.7301025,93787000,88316000,101609000,"out of sample","count",1768350.73010248,1.8854966361036,TRUE
"All beneficiaries","OASI beneficiaries, June 30 (December average)",2097,95585371.8748953,93733000,88578000,101192000,"out of sample","count",1852371.87489527,1.97622168808773,TRUE
"All beneficiaries","OASI beneficiaries, June 30 (December average)",2098,95633892.7506245,93702000,88917000,100746000,"out of sample","count",1931892.75062451,2.06174121216678,TRUE
"All beneficiaries","OASI beneficiaries, June 30 (December average)",2099,95706070.2508131,93696000,89332000,100272000,"out of sample","count",2010070.25081308,2.14531063312531,TRUE
"All beneficiaries","OASI beneficiaries, June 30 (December average)",2100,95802533.3222043,93720000,89822000,99778000,"out of sample","count",2082533.32220431,2.22207994259955,TRUE
"All beneficiaries","DI beneficiaries, June 30 (December average)",2026,8156440,8102000,8063000,8141000,"calibrated","count",54440,0.671932856084911,FALSE
"All beneficiaries","DI beneficiaries, June 30 (December average)",2027,8152000,8139000,8005000,8273000,"calibrated","count",13000,0.159724781914239,TRUE
"All beneficiaries","DI beneficiaries, June 30 (December average)",2028,8166000,8157000,7902000,8409000,"calibrated","count",9000,0.11033468186834,TRUE
"All beneficiaries","DI beneficiaries, June 30 (December average)",2029,8198000,8195000,7811000,8574000,"calibrated","count",3000,0.0366076876143984,TRUE
"All beneficiaries","DI beneficiaries, June 30 (December average)",2030,8224500,8229000,7715000,8735000,"calibrated","count",-4500,-0.0546846518410526,TRUE
"All beneficiaries","DI beneficiaries, June 30 (December average)",2031,8228500,8228000,7589000,8856000,"calibrated","count",500,0.00607681088964362,TRUE
"All beneficiaries","DI beneficiaries, June 30 (December average)",2032,8256000,8252000,7491000,8998000,"calibrated","count",4000,0.0484730974309233,TRUE
"All beneficiaries","DI beneficiaries, June 30 (December average)",2033,8320500,8317000,7439000,9177000,"calibrated","count",3500,0.042082481664063,TRUE
"All beneficiaries","DI beneficiaries, June 30 (December average)",2034,8402500,8398000,7409000,9366000,"calibrated","count",4500,0.0535841867111309,TRUE
"All beneficiaries","DI beneficiaries, June 30 (December average)",2035,8495500,8493000,7397000,9566000,"calibrated","count",2500,0.029436006122685,TRUE
"All beneficiaries","DI beneficiaries, June 30 (December average)",2036,8600923.91928378,8626000,7422000,9854000,"out of sample","count",-25076.0807162188,-0.290703462974951,TRUE
"All beneficiaries","DI beneficiaries, June 30 (December average)",2037,8709742.25326198,8726000,7416000,10061000,"out of sample","count",-16257.7467380241,-0.186313852143294,TRUE
"All beneficiaries","DI beneficiaries, June 30 (December average)",2038,8830540.60060219,8834000,7428000,10268000,"out of sample","count",-3459.39939781092,-0.0391600565747163,TRUE
"All beneficiaries","DI beneficiaries, June 30 (December average)",2039,8984358.82963582,8976000,7477000,10503000,"out of sample","count",8358.82963581569,0.0931242160852941,TRUE
"All beneficiaries","DI beneficiaries, June 30 (December average)",2040,9163988.15832876,9148000,7561000,10762000,"out of sample","count",15988.1583287623,0.174772172373872,TRUE
"All beneficiaries","DI beneficiaries, June 30 (December average)",2041,9352263.75962211,9332000,7663000,11027000,"out of sample","count",20263.7596221082,0.217142730626962,TRUE
"All beneficiaries","DI beneficiaries, June 30 (December average)",2042,9540988.43063596,9521000,7778000,11288000,"out of sample","count",19988.4306359645,0.209940454111601,TRUE
"All beneficiaries","DI beneficiaries, June 30 (December average)",2043,9729596.59310822,9715000,7904000,11547000,"out of sample","count",14596.5931082219,0.150247999055297,TRUE
"All beneficiaries","DI beneficiaries, June 30 (December average)",2044,9907870.9335422,9904000,8032000,11792000,"out of sample","count",3870.93354220316,0.0390845470739309,TRUE
"All beneficiaries","DI beneficiaries, June 30 (December average)",2045,10074778.7446988,10084000,8157000,12022000,"out of sample","count",-9221.25530115515,-0.0914444198845232,TRUE
"All beneficiaries","DI beneficiaries, June 30 (December average)",2046,10225300.6525903,10251000,8274000,12230000,"out of sample","count",-25699.3474096935,-0.250700881959742,TRUE
"All beneficiaries","DI beneficiaries, June 30 (December average)",2047,10349443.5322614,10392000,8373000,12407000,"out of sample","count",-42556.4677385967,-0.409511814266716,TRUE
"All beneficiaries","DI beneficiaries, June 30 (December average)",2048,10463089.858677,10524000,8466000,12570000,"out of sample","count",-60910.1413230449,-0.578773672776933,TRUE
"All beneficiaries","DI beneficiaries, June 30 (December average)",2049,10570848.1065438,10648000,8556000,12724000,"out of sample","count",-77151.8934562393,-0.724566993390674,TRUE
"All beneficiaries","DI beneficiaries, June 30 (December average)",2050,10672626.3227996,10768000,8642000,12871000,"out of sample","count",-95373.6772003919,-0.885713941311217,TRUE
"All beneficiaries","DI beneficiaries, June 30 (December average)",2051,10772873.7402152,10885000,8728000,13015000,"out of sample","count",-112126.259784842,-1.03009884965404,TRUE
"All beneficiaries","DI beneficiaries, June 30 (December average)",2052,10861498.701425,10990000,8806000,13145000,"out of sample","count",-128501.298575033,-1.16925658394024,TRUE
"All beneficiaries","DI beneficiaries, June 30 (December average)",2053,10941663.1552468,11087000,8877000,13263000,"out of sample","count",-145336.844753169,-1.31087620414151,TRUE
"All beneficiaries","DI beneficiaries, June 30 (December average)",2054,11017539.8845551,11175000,8944000,13372000,"out of sample","count",-157460.115444925,-1.40903906438411,TRUE
"All beneficiaries","DI beneficiaries, June 30 (December average)",2055,11079395.7672544,11248000,8999000,13460000,"out of sample","count",-168604.232745644,-1.49897077476568,TRUE
"All beneficiaries","DI beneficiaries, June 30 (December average)",2056,11122210.190631,11299000,9038000,13521000,"out of sample","count",-176789.809369016,-1.5646500519428,TRUE
"All beneficiaries","DI beneficiaries, June 30 (December average)",2057,11145188.055748,11325000,9059000,13550000,"out of sample","count",-179811.944252044,-1.58774343710414,TRUE
"All beneficiaries","DI beneficiaries, June 30 (December average)",2058,11159539.5340927,11339000,9072000,13563000,"out of sample","count",-179460.465907339,-1.58268335750366,TRUE
"All beneficiaries","DI beneficiaries, June 30 (December average)",2059,11176985.5915749,11352000,9084000,13573000,"out of sample","count",-175014.408425137,-1.5417055005738,TRUE
"All beneficiaries","DI beneficiaries, June 30 (December average)",2060,11199487.3660916,11367000,9099000,13584000,"out of sample","count",-167512.633908372,-1.47367497060238,TRUE
"All beneficiaries","DI beneficiaries, June 30 (December average)",2061,11229052.5163197,11388000,9119000,13601000,"out of sample","count",-158947.48368033,-1.39574537829584,TRUE
"All beneficiaries","DI beneficiaries, June 30 (December average)",2062,11263653.0540862,11413000,9143000,13621000,"out of sample","count",-149346.945913754,-1.30856870160129,TRUE
"All beneficiaries","DI beneficiaries, June 30 (December average)",2063,11301461.6881792,11440000,9170000,13644000,"out of sample","count",-138538.311820799,-1.21099922920279,TRUE
"All beneficiaries","DI beneficiaries, June 30 (December average)",2064,11341199.4866923,11470000,9201000,13668000,"out of sample","count",-128800.513307745,-1.12293385621399,TRUE
"All beneficiaries","DI beneficiaries, June 30 (December average)",2065,11376806.3308219,11496000,9229000,13685000,"out of sample","count",-119193.669178121,-1.03682732409639,TRUE
"All beneficiaries","DI beneficiaries, June 30 (December average)",2066,11406686.3769736,11516000,9254000,13693000,"out of sample","count",-109313.623026362,-0.94923257230255,TRUE
"All beneficiaries","DI beneficiaries, June 30 (December average)",2067,11425511.0189434,11526000,9274000,13685000,"out of sample","count",-100488.981056567,-0.871846096274231,TRUE
"All beneficiaries","DI beneficiaries, June 30 (December average)",2068,11439012.0381767,11532000,9292000,13669000,"out of sample","count",-92987.9618232884,-0.806347223580373,TRUE
"All beneficiaries","DI beneficiaries, June 30 (December average)",2069,11457075.3610568,11542000,9315000,13655000,"out of sample","count",-84924.638943227,-0.735787895886564,TRUE
"All beneficiaries","DI beneficiaries, June 30 (December average)",2070,11468632.088896,11545000,9335000,13630000,"out of sample","count",-76367.9111040197,-0.661480390680114,TRUE
"All beneficiaries","DI beneficiaries, June 30 (December average)",2071,11471517.2998699,11538000,9350000,13589000,"out of sample","count",-66482.7001301106,-0.576206449385597,TRUE
"All beneficiaries","DI beneficiaries, June 30 (December average)",2072,11468352.8347498,11524000,9363000,13536000,"out of sample","count",-55647.165250171,-0.482880642573502,TRUE
"All beneficiaries","DI beneficiaries, June 30 (December average)",2073,11454179.8483593,11498000,9369000,13464000,"out of sample","count",-43820.1516406871,-0.381111077062857,TRUE
"All beneficiaries","DI beneficiaries, June 30 (December average)",2074,11426284.1699514,11458000,9368000,13370000,"out of sample","count",-31715.8300485983,-0.276800750991435,TRUE
"All beneficiaries","DI beneficiaries, June 30 (December average)",2075,11393130.0415886,11413000,9366000,13266000,"out of sample","count",-19869.95841139,-0.174099346459211,TRUE
"All beneficiaries","DI beneficiaries, June 30 (December average)",2076,11370754.4467068,11379000,9374000,13171000,"out of sample","count",-8245.55329322256,-0.0724628991407239,TRUE
"All beneficiaries","DI beneficiaries, June 30 (December average)",2077,11358381.2847129,11355000,9392000,13085000,"out of sample","count",3381.28471286781,0.0297779367051332,TRUE
"All beneficiaries","DI beneficiaries, June 30 (December average)",2078,11350674.6018462,11336000,9417000,13001000,"out of sample","count",14674.6018461548,0.129451321860929,TRUE
"All beneficiaries","DI beneficiaries, June 30 (December average)",2079,11346181.4992273,11319000,9446000,12916000,"out of sample","count",27181.4992272723,0.240140464946315,TRUE
"All beneficiaries","DI beneficiaries, June 30 (December average)",2080,11338946.7833142,11300000,9477000,12823000,"out of sample","count",38946.7833142392,0.344661799241064,TRUE
"All beneficiaries","DI beneficiaries, June 30 (December average)",2081,11325988.1027362,11275000,9507000,12716000,"out of sample","count",50988.1027362365,0.452222640676148,TRUE
"All beneficiaries","DI beneficiaries, June 30 (December average)",2082,11307351.0907575,11243000,9535000,12594000,"out of sample","count",64351.0907574557,0.57236583436322,TRUE
"All beneficiaries","DI beneficiaries, June 30 (December average)",2083,11289427.789152,11212000,9567000,12468000,"out of sample","count",77427.789152002,0.690579639243682,TRUE
"All beneficiaries","DI beneficiaries, June 30 (December average)",2084,11280180.1910139,11187000,9607000,12344000,"out of sample","count",93180.191013895,0.832932788181773,TRUE
"All beneficiaries","DI beneficiaries, June 30 (December average)",2085,11282710.9764921,11174000,9659000,12229000,"out of sample","count",108710.976492124,0.972892218472565,TRUE
"All beneficiaries","DI beneficiaries, June 30 (December average)",2086,11293146.8297657,11168000,9722000,12117000,"out of sample","count",125146.829765733,1.12058407741524,TRUE
"All beneficiaries","DI beneficiaries, June 30 (December average)",2087,11317134.6616426,11178000,9800000,12017000,"out of sample","count",139134.66164263,1.24471874792118,TRUE
"All beneficiaries","DI beneficiaries, June 30 (December average)",2088,11350630.3788905,11198000,9891000,11923000,"out of sample","count",152630.378890477,1.36301463556419,TRUE
"All beneficiaries","DI beneficiaries, June 30 (December average)",2089,11383892.6526122,11220000,9989000,11822000,"out of sample","count",163892.652612232,1.46071882898602,TRUE
"All beneficiaries","DI beneficiaries, June 30 (December average)",2090,11425473.3210529,11254000,10101000,11726000,"out of sample","count",171473.32105292,1.5236655504969,TRUE
"All beneficiaries","DI beneficiaries, June 30 (December average)",2091,11469546.5908282,11292000,10222000,11626000,"out of sample","count",177546.590828232,1.57232191665102,TRUE
"All beneficiaries","DI beneficiaries, June 30 (December average)",2092,11511228.5254765,11330000,10348000,11516000,"out of sample","count",181228.525476485,1.5995456794041,TRUE
"All beneficiaries","DI beneficiaries, June 30 (December average)",2093,11555805.1900479,11371000,10475000,11414000,"out of sample","count",184805.190047927,1.62523252174767,FALSE
"All beneficiaries","DI beneficiaries, June 30 (December average)",2094,11602331.6722632,11416000,10598000,11328000,"out of sample","count",186331.67226316,1.63219754960722,FALSE
"All beneficiaries","DI beneficiaries, June 30 (December average)",2095,11650678.8492431,11462000,10717000,11254000,"out of sample","count",188678.849243138,1.64612501520798,FALSE
"All beneficiaries","DI beneficiaries, June 30 (December average)",2096,11699741.8840938,11510000,10832000,11191000,"out of sample","count",189741.884093802,1.64849595216161,FALSE
"All beneficiaries","DI beneficiaries, June 30 (December average)",2097,11748045.5984797,11559000,10943000,11138000,"out of sample","count",189045.598479748,1.63548402525953,FALSE
"All beneficiaries","DI beneficiaries, June 30 (December average)",2098,11794927.8578927,11606000,11049000,11093000,"out of sample","count",188927.857892711,1.62784644057135,FALSE
"All beneficiaries","DI beneficiaries, June 30 (December average)",2099,11840461.1572821,11653000,11149000,11054000,"out of sample","count",187461.157282058,1.6086943901318,FALSE
"All beneficiaries","DI beneficiaries, June 30 (December average)",2100,11882687.079864,11696000,11243000,11019000,"out of sample","count",186687.079863958,1.59616176354274,FALSE
"All beneficiaries","Beneficiaries per 100 covered workers",2026,38.5332819235462,39,38,39,"calibrated","ratio",-0.466718076453787,-1.19671301654817,TRUE
"All beneficiaries","Beneficiaries per 100 covered workers",2027,39.2248900482778,39,38,40,"calibrated","ratio",0.2248900482778,0.576641149430257,TRUE
"All beneficiaries","Beneficiaries per 100 covered workers",2028,39.831825129976,40,39,41,"calibrated","ratio",-0.168174870024025,-0.420437175060062,TRUE
"All beneficiaries","Beneficiaries per 100 covered workers",2029,40.3553022523556,40,39,42,"calibrated","ratio",0.355302252355578,0.888255630888946,TRUE
"All beneficiaries","Beneficiaries per 100 covered workers",2030,40.8640023396438,41,40,42,"calibrated","ratio",-0.135997660356189,-0.331701610624846,TRUE
"All beneficiaries","Beneficiaries per 100 covered workers",2031,41.3450480388457,41,40,43,"calibrated","ratio",0.345048038845697,0.841580582550483,TRUE
"All beneficiaries","Beneficiaries per 100 covered workers",2032,41.7786096313595,42,40,43,"calibrated","ratio",-0.221390368640535,-0.527119925334607,TRUE
"All beneficiaries","Beneficiaries per 100 covered workers",2033,42.1689670354211,42,41,44,"calibrated","ratio",0.168967035421069,0.402302465288251,TRUE
"All beneficiaries","Beneficiaries per 100 covered workers",2034,42.5004604308489,43,41,44,"calibrated","ratio",-0.499539569151125,-1.16171992825843,TRUE
"All beneficiaries","Beneficiaries per 100 covered workers",2035,42.800886716003,43,41,45,"calibrated","ratio",-0.199113283996979,-0.463054148830189,TRUE
"All beneficiaries","Beneficiaries per 100 covered workers",2036,43.0491927006416,43,41,45,"out of sample","ratio",0.0491927006416475,0.114401629399175,TRUE
"All beneficiaries","Beneficiaries per 100 covered workers",2037,43.2679692565598,43,41,46,"out of sample","ratio",0.267969256559795,0.623184317580927,TRUE
"All beneficiaries","Beneficiaries per 100 covered workers",2038,43.4621811648184,44,41,46,"out of sample","ratio",-0.537818835181596,-1.22231553450363,TRUE
"All beneficiaries","Beneficiaries per 100 covered workers",2039,43.6322221039115,44,41,47,"out of sample","ratio",-0.367777896088462,-0.835858854746507,TRUE
"All beneficiaries","Beneficiaries per 100 covered workers",2040,43.7661052518534,44,41,47,"out of sample","ratio",-0.233894748146632,-0.531578973060531,TRUE
"All beneficiaries","Beneficiaries per 100 covered workers",2041,43.893686938355,44,41,47,"out of sample","ratio",-0.106313061644997,-0.241620594647718,TRUE
"All beneficiaries","Beneficiaries per 100 covered workers",2042,44.0142142938089,44,41,48,"out of sample","ratio",0.0142142938089407,0.032305213202144,TRUE
"All beneficiaries","Beneficiaries per 100 covered workers",2043,44.1304987577787,44,41,48,"out of sample","ratio",0.130498757778746,0.296588085860794,TRUE
"All beneficiaries","Beneficiaries per 100 covered workers",2044,44.2597043865304,45,41,48,"out of sample","ratio",-0.740295613469648,-1.64510136326589,TRUE
"All beneficiaries","Beneficiaries per 100 covered workers",2045,44.403574261963,45,41,49,"out of sample","ratio",-0.596425738036956,-1.32539052897102,TRUE
"All beneficiaries","Beneficiaries per 100 covered workers",2046,44.5540207012365,45,41,49,"out of sample","ratio",-0.44597929876354,-0.99106510836342,TRUE
"All beneficiaries","Beneficiaries per 100 covered workers",2047,44.7270363969287,45,41,49,"out of sample","ratio",-0.272963603071346,-0.606585784602998,TRUE
"All beneficiaries","Beneficiaries per 100 covered workers",2048,44.9084218527912,45,41,50,"out of sample","ratio",-0.0915781472088426,-0.203506993797431,TRUE
"All beneficiaries","Beneficiaries per 100 covered workers",2049,45.0960115241645,45,41,50,"out of sample","ratio",0.0960115241645099,0.213358942587805,TRUE
"All beneficiaries","Beneficiaries per 100 covered workers",2050,45.2979640909279,46,41,51,"out of sample","ratio",-0.702035909072059,-1.52616501972187,TRUE
"All beneficiaries","Beneficiaries per 100 covered workers",2051,45.507325941227,46,41,51,"out of sample","ratio",-0.492674058772991,-1.07103056254998,TRUE
"All beneficiaries","Beneficiaries per 100 covered workers",2052,45.7450616494872,46,41,52,"out of sample","ratio",-0.254938350512766,-0.554213805462533,TRUE
"All beneficiaries","Beneficiaries per 100 covered workers",2053,45.9958742843039,46,41,52,"out of sample","ratio",-0.00412571569611941,-0.00896894716547747,TRUE
"All beneficiaries","Beneficiaries per 100 covered workers",2054,46.2523068670475,46,41,53,"out of sample","ratio",0.252306867047508,0.548493189233712,TRUE
"All beneficiaries","Beneficiaries per 100 covered workers",2055,46.5226441216784,47,41,53,"out of sample","ratio",-0.477355878321646,-1.01565080493967,TRUE
"All beneficiaries","Beneficiaries per 100 covered workers",2056,46.7976980460881,47,41,54,"out of sample","ratio",-0.202301953911856,-0.430429689174161,TRUE
"All beneficiaries","Beneficiaries per 100 covered workers",2057,47.0782322875898,47,41,55,"out of sample","ratio",0.0782322875897776,0.166451675722934,TRUE
"All beneficiaries","Beneficiaries per 100 covered workers",2058,47.361420794565,48,41,55,"out of sample","ratio",-0.638579205435008,-1.33037334465627,TRUE
"All beneficiaries","Beneficiaries per 100 covered workers",2059,47.6410434419032,48,41,56,"out of sample","ratio",-0.3589565580968,-0.74782616270167,TRUE
"All beneficiaries","Beneficiaries per 100 covered workers",2060,47.9156769522888,48,41,57,"out of sample","ratio",-0.0843230477111874,-0.17567301606497,TRUE
"All beneficiaries","Beneficiaries per 100 covered workers",2061,48.1881117333028,48,41,57,"out of sample","ratio",0.188111733302797,0.391899444380828,TRUE
"All beneficiaries","Beneficiaries per 100 covered workers",2062,48.4664393256644,49,41,58,"out of sample","ratio",-0.533560674335604,-1.08889933537878,TRUE
"All beneficiaries","Beneficiaries per 100 covered workers",2063,48.7487189720499,49,41,58,"out of sample","ratio",-0.251281027950142,-0.512818424388051,TRUE
"All beneficiaries","Beneficiaries per 100 covered workers",2064,49.0277840286415,49,41,59,"out of sample","ratio",0.027784028641527,0.0567020992684242,TRUE
"All beneficiaries","Beneficiaries per 100 covered workers",2065,49.3137638368792,49,41,60,"out of sample","ratio",0.313763836879247,0.640334360978057,TRUE
"All beneficiaries","Beneficiaries per 100 covered workers",2066,49.6073513836424,50,42,60,"out of sample","ratio",-0.39264861635764,-0.785297232715276,TRUE
"All beneficiaries","Beneficiaries per 100 covered workers",2067,49.9107954309262,50,42,61,"out of sample","ratio",-0.089204569073793,-0.178409138147584,TRUE
"All beneficiaries","Beneficiaries per 100 covered workers",2068,50.2252766135684,50,42,62,"out of sample","ratio",0.22527661356839,0.450553227136785,TRUE
"All beneficiaries","Beneficiaries per 100 covered workers",2069,50.5503218185097,51,42,62,"out of sample","ratio",-0.449678181490299,-0.881721924490786,TRUE
"All beneficiaries","Beneficiaries per 100 covered workers",2070,50.8864548188976,51,42,63,"out of sample","ratio",-0.113545181102403,-0.222637610004706,TRUE
"All beneficiaries","Beneficiaries per 100 covered workers",2071,51.2216643799888,51,42,64,"out of sample","ratio",0.221664379988837,0.434636039193803,TRUE
"All beneficiaries","Beneficiaries per 100 covered workers",2072,51.5461896372216,51,42,65,"out of sample","ratio",0.546189637221552,1.07096007298344,TRUE
"All beneficiaries","Beneficiaries per 100 covered workers",2073,51.8641318816982,52,42,65,"out of sample","ratio",-0.135868118301794,-0.261284842888065,TRUE
"All beneficiaries","Beneficiaries per 100 covered workers",2074,52.1747202408571,52,42,66,"out of sample","ratio",0.174720240857106,0.336000463186736,TRUE
"All beneficiaries","Beneficiaries per 100 covered workers",2075,52.472170848667,52,42,67,"out of sample","ratio",0.472170848666963,0.908020862821091,TRUE
"All beneficiaries","Beneficiaries per 100 covered workers",2076,52.7506700481653,53,42,67,"out of sample","ratio",-0.249329951834696,-0.470433871386222,TRUE
"All beneficiaries","Beneficiaries per 100 covered workers",2077,53.0112483077766,53,42,68,"out of sample","ratio",0.0112483077766043,0.0212232222200015,TRUE
"All beneficiaries","Beneficiaries per 100 covered workers",2078,53.2512510967315,53,42,69,"out of sample","ratio",0.251251096731487,0.474058673078281,TRUE
"All beneficiaries","Beneficiaries per 100 covered workers",2079,53.4664392713171,53,42,69,"out of sample","ratio",0.466439271317149,0.880074096824801,TRUE
"All beneficiaries","Beneficiaries per 100 covered workers",2080,53.6585377820277,53,42,70,"out of sample","ratio",0.658537782027736,1.24252411703347,TRUE
"All beneficiaries","Beneficiaries per 100 covered workers",2081,53.8345536416746,53,41,71,"out of sample","ratio",0.834553641674624,1.57462951259364,TRUE
"All beneficiaries","Beneficiaries per 100 covered workers",2082,53.9879631097754,54,41,71,"out of sample","ratio",-0.0120368902246497,-0.0222905374530513,TRUE
"All beneficiaries","Beneficiaries per 100 covered workers",2083,54.1179377014101,54,41,72,"out of sample","ratio",0.117937701410142,0.218403150759516,TRUE
"All beneficiaries","Beneficiaries per 100 covered workers",2084,54.2275005057507,54,41,72,"out of sample","ratio",0.227500505750662,0.421297232871587,TRUE
"All beneficiaries","Beneficiaries per 100 covered workers",2085,54.3035368939328,54,41,73,"out of sample","ratio",0.303536893932829,0.562105359134879,TRUE
"All beneficiaries","Beneficiaries per 100 covered workers",2086,54.3540248930237,54,40,73,"out of sample","ratio",0.354024893023713,0.655601653747606,TRUE
"All beneficiaries","Beneficiaries per 100 covered workers",2087,54.3765987114366,54,40,74,"out of sample","ratio",0.376598711436635,0.697405021178965,TRUE
"All beneficiaries","Beneficiaries per 100 covered workers",2088,54.3758922312791,54,40,74,"out of sample","ratio",0.375892231279074,0.696096724590878,TRUE
"All beneficiaries","Beneficiaries per 100 covered workers",2089,54.3610168482516,54,40,75,"out of sample","ratio",0.361016848251616,0.668549718984468,TRUE
"All beneficiaries","Beneficiaries per 100 covered workers",2090,54.329699759701,54,39,75,"out of sample","ratio",0.329699759701008,0.610555110557431,TRUE
"All beneficiaries","Beneficiaries per 100 covered workers",2091,54.2893359772192,54,39,75,"out of sample","ratio",0.289335977219181,0.535807365220697,TRUE
"All beneficiaries","Beneficiaries per 100 covered workers",2092,54.2482215420942,53,39,76,"out of sample","ratio",1.24822154209415,2.35513498508331,TRUE
"All beneficiaries","Beneficiaries per 100 covered workers",2093,54.2023239382008,53,39,76,"out of sample","ratio",1.20232393820083,2.2685357324544,TRUE
"All beneficiaries","Beneficiaries per 100 covered workers",2094,54.157537522346,53,38,76,"out of sample","ratio",1.15753752234597,2.18403306103012,TRUE
"All beneficiaries","Beneficiaries per 100 covered workers",2095,54.1150807962391,53,38,76,"out of sample","ratio",1.11508079623915,2.10392603063991,TRUE
"All beneficiaries","Beneficiaries per 100 covered workers",2096,54.0744718166629,53,38,77,"out of sample","ratio",1.07447181666286,2.02730531445823,TRUE
"All beneficiaries","Beneficiaries per 100 covered workers",2097,54.0384935724661,53,38,77,"out of sample","ratio",1.03849357246607,1.95942183484166,TRUE
"All beneficiaries","Beneficiaries per 100 covered workers",2098,54.0122880729811,53,38,77,"out of sample","ratio",1.01228807298109,1.90997749619075,TRUE
"All beneficiaries","Beneficiaries per 100 covered workers",2099,53.99681250783,53,38,77,"out of sample","ratio",0.996812507829979,1.88077831666034,TRUE
"All beneficiaries","Beneficiaries per 100 covered workers",2100,53.993251372363,53,38,77,"out of sample","ratio",0.993251372363019,1.87405919313777,TRUE
